ISO-10303-21;
HEADER;
FILE_DESCRIPTION(('Open CASCADE Model'),'2;1');
FILE_NAME('Open CASCADE Shape Model','2026-09-05T15:04:01',('Author'),(
    'Open CASCADE'),'Open CASCADE STEP processor 7.9','build123d',
  'Unknown');
FILE_SCHEMA(('AUTOMOTIVE_DESIGN { 1 0 10303 214 1 1 1 1 }'));
ENDSEC;
DATA;
#1 = APPLICATION_PROTOCOL_DEFINITION('international standard',
  'automotive_design',2000,#2);
#2 = APPLICATION_CONTEXT(
  'core data for automotive mechanical design processes');
#3 = SHAPE_DEFINITION_REPRESENTATION(#4,#10);
#4 = PRODUCT_DEFINITION_SHAPE('','',#5);
#5 = PRODUCT_DEFINITION('design','',#6,#9);
#6 = PRODUCT_DEFINITION_FORMATION('','',#7);
#7 = PRODUCT('COMPOUND','COMPOUND','',(#8));
#8 = PRODUCT_CONTEXT('',#2,'mechanical');
#9 = PRODUCT_DEFINITION_CONTEXT('part definition',#2,'design');
#10 = ADVANCED_BREP_SHAPE_REPRESENTATION('',(#11,#15),#10225);
#11 = AXIS2_PLACEMENT_3D('',#12,#13,#14);
#12 = CARTESIAN_POINT('',(0.,0.,0.));
#13 = DIRECTION('',(0.,0.,1.));
#14 = DIRECTION('',(1.,0.,-0.));
#15 = MANIFOLD_SOLID_BREP('',#16);
#16 = CLOSED_SHELL('',(#17,#377,#465,#539,#613,#667,#721,#779,#837,#916,
    #995,#1073,#1128,#1183,#1237,#1291,#1399,#1730,#2061,#2116,#2171,
    #2230,#2257,#2289,#2343,#2373,#2538,#2708,#2733,#2935,#2970,#3005,
    #3039,#3073,#5036,#5110,#5164,#5266,#5319,#5431,#5489,#5558,#5607,
    #5709,#5757,#5869,#5922,#5971,#6020,#6053,#6101,#6134,#6182,#6213,
    #6296,#6363,#6437,#6470,#6501,#6568,#6651,#6700,#6748,#6820,#6892,
    #6966,#7016,#7066,#7120,#7174,#7690,#8152,#8265,#8324,#8351,#8357,
    #8384,#8500,#8628,#8991,#8997,#9034,#9162,#9168,#9174,#9180,#9210,
    #9264,#9373,#9380,#9386,#9411,#9465,#9492,#9519,#9590,#9620,#9650,
    #9726,#9760,#9820,#9846,#9880,#9929,#9967,#9993,#10024,#10052,#10083
    ,#10128,#10156,#10201,#10207,#10213,#10219));
#17 = ADVANCED_FACE('',(#18,#315,#346),#32,.F.);
#18 = FACE_BOUND('',#19,.F.);
#19 = EDGE_LOOP('',(#20,#55,#83,#116,#144,#172,#200,#228,#256,#289));
#20 = ORIENTED_EDGE('',*,*,#21,.F.);
#21 = EDGE_CURVE('',#22,#24,#26,.T.);
#22 = VERTEX_POINT('',#23);
#23 = CARTESIAN_POINT('',(-19.4,36.9,-1.110223024625E-16));
#24 = VERTEX_POINT('',#25);
#25 = CARTESIAN_POINT('',(19.4,36.9,-1.110223024625E-16));
#26 = SURFACE_CURVE('',#27,(#31,#43),.PCURVE_S1.);
#27 = LINE('',#28,#29);
#28 = CARTESIAN_POINT('',(-20.2,36.9,0.));
#29 = VECTOR('',#30,1.);
#30 = DIRECTION('',(1.,0.,0.));
#31 = PCURVE('',#32,#37);
#32 = PLANE('',#33);
#33 = AXIS2_PLACEMENT_3D('',#34,#35,#36);
#34 = CARTESIAN_POINT('',(-20.2,0.,0.));
#35 = DIRECTION('',(0.,0.,1.));
#36 = DIRECTION('',(0.,1.,0.));
#37 = DEFINITIONAL_REPRESENTATION('',(#38),#42);
#38 = LINE('',#39,#40);
#39 = CARTESIAN_POINT('',(36.9,0.));
#40 = VECTOR('',#41,1.);
#41 = DIRECTION('',(0.,-1.));
#42 = ( GEOMETRIC_REPRESENTATION_CONTEXT(2) 
PARAMETRIC_REPRESENTATION_CONTEXT() REPRESENTATION_CONTEXT('2D SPACE',''
  ) );
#43 = PCURVE('',#44,#49);
#44 = CYLINDRICAL_SURFACE('',#45,10.6);
#45 = AXIS2_PLACEMENT_3D('',#46,#47,#48);
#46 = CARTESIAN_POINT('',(-20.2,36.9,10.6));
#47 = DIRECTION('',(-1.,-0.,-0.));
#48 = DIRECTION('',(0.,1.,0.));
#49 = DEFINITIONAL_REPRESENTATION('',(#50),#54);
#50 = LINE('',#51,#52);
#51 = CARTESIAN_POINT('',(-4.712388980385,0.));
#52 = VECTOR('',#53,1.);
#53 = DIRECTION('',(-0.,-1.));
#54 = ( GEOMETRIC_REPRESENTATION_CONTEXT(2) 
PARAMETRIC_REPRESENTATION_CONTEXT() REPRESENTATION_CONTEXT('2D SPACE',''
  ) );
#55 = ORIENTED_EDGE('',*,*,#56,.F.);
#56 = EDGE_CURVE('',#57,#22,#59,.T.);
#57 = VERTEX_POINT('',#58);
#58 = CARTESIAN_POINT('',(-19.4,28.405390679346,0.));
#59 = SURFACE_CURVE('',#60,(#64,#71),.PCURVE_S1.);
#60 = LINE('',#61,#62);
#61 = CARTESIAN_POINT('',(-19.4,28.,-1.110223024625E-16));
#62 = VECTOR('',#63,1.);
#63 = DIRECTION('',(0.,1.,0.));
#64 = PCURVE('',#32,#65);
#65 = DEFINITIONAL_REPRESENTATION('',(#66),#70);
#66 = LINE('',#67,#68);
#67 = CARTESIAN_POINT('',(28.,-0.8));
#68 = VECTOR('',#69,1.);
#69 = DIRECTION('',(1.,0.));
#70 = ( GEOMETRIC_REPRESENTATION_CONTEXT(2) 
PARAMETRIC_REPRESENTATION_CONTEXT() REPRESENTATION_CONTEXT('2D SPACE',''
  ) );
#71 = PCURVE('',#72,#77);
#72 = CYLINDRICAL_SURFACE('',#73,0.8);
#73 = AXIS2_PLACEMENT_3D('',#74,#75,#76);
#74 = CARTESIAN_POINT('',(-19.4,28.,0.8));
#75 = DIRECTION('',(0.,1.,0.));
#76 = DIRECTION('',(-0.,0.,-1.));
#77 = DEFINITIONAL_REPRESENTATION('',(#78),#82);
#78 = LINE('',#79,#80);
#79 = CARTESIAN_POINT('',(0.,0.));
#80 = VECTOR('',#81,1.);
#81 = DIRECTION('',(0.,1.));
#82 = ( GEOMETRIC_REPRESENTATION_CONTEXT(2) 
PARAMETRIC_REPRESENTATION_CONTEXT() REPRESENTATION_CONTEXT('2D SPACE',''
  ) );
#83 = ORIENTED_EDGE('',*,*,#84,.T.);
#84 = EDGE_CURVE('',#57,#85,#87,.T.);
#85 = VERTEX_POINT('',#86);
#86 = CARTESIAN_POINT('',(-20.05381813819,27.115142685977,0.));
#87 = SURFACE_CURVE('',#88,(#93,#104),.PCURVE_S1.);
#88 = CIRCLE('',#89,1.6);
#89 = AXIS2_PLACEMENT_3D('',#90,#91,#92);
#90 = CARTESIAN_POINT('',(-21.,28.405390679346,0.));
#91 = DIRECTION('',(0.,0.,-1.));
#92 = DIRECTION('',(1.,0.,0.));
#93 = PCURVE('',#32,#94);
#94 = DEFINITIONAL_REPRESENTATION('',(#95),#103);
#95 = ( BOUNDED_CURVE() B_SPLINE_CURVE(2,(#96,#97,#98,#99,#100,#101,#102
),.UNSPECIFIED.,.T.,.F.) B_SPLINE_CURVE_WITH_KNOTS((1,2,2,2,2,1),(
    -2.094395102393,0.,2.094395102393,4.188790204786,6.28318530718,
8.377580409573),.UNSPECIFIED.) CURVE() GEOMETRIC_REPRESENTATION_ITEM() 
RATIONAL_B_SPLINE_CURVE((1.,0.5,1.,0.5,1.,0.5,1.)) REPRESENTATION_ITEM(
  '') );
#96 = CARTESIAN_POINT('',(28.405390679346,-0.8));
#97 = CARTESIAN_POINT('',(25.634109387236,-0.8));
#98 = CARTESIAN_POINT('',(27.019750033291,1.6));
#99 = CARTESIAN_POINT('',(28.405390679346,4.));
#100 = CARTESIAN_POINT('',(29.791031325401,1.6));
#101 = CARTESIAN_POINT('',(31.176671971456,-0.8));
#102 = CARTESIAN_POINT('',(28.405390679346,-0.8));
#103 = ( GEOMETRIC_REPRESENTATION_CONTEXT(2) 
PARAMETRIC_REPRESENTATION_CONTEXT() REPRESENTATION_CONTEXT('2D SPACE',''
  ) );
#104 = PCURVE('',#105,#110);
#105 = TOROIDAL_SURFACE('',#106,1.6,0.8);
#106 = AXIS2_PLACEMENT_3D('',#107,#108,#109);
#107 = CARTESIAN_POINT('',(-21.,28.405390679346,0.8));
#108 = DIRECTION('',(-0.,0.,-1.));
#109 = DIRECTION('',(1.,0.,0.));
#110 = DEFINITIONAL_REPRESENTATION('',(#111),#115);
#111 = LINE('',#112,#113);
#112 = CARTESIAN_POINT('',(0.,1.570796326795));
#113 = VECTOR('',#114,1.);
#114 = DIRECTION('',(1.,0.));
#115 = ( GEOMETRIC_REPRESENTATION_CONTEXT(2) 
PARAMETRIC_REPRESENTATION_CONTEXT() REPRESENTATION_CONTEXT('2D SPACE',''
  ) );
#116 = ORIENTED_EDGE('',*,*,#117,.T.);
#117 = EDGE_CURVE('',#85,#118,#120,.T.);
#118 = VERTEX_POINT('',#119);
#119 = CARTESIAN_POINT('',(-34.4,16.594609320654,0.));
#120 = SURFACE_CURVE('',#121,(#125,#132),.PCURVE_S1.);
#121 = LINE('',#122,#123);
#122 = CARTESIAN_POINT('',(-19.72690906909,27.354876003315,
    -1.110223024625E-16));
#123 = VECTOR('',#124,1.);
#124 = DIRECTION('',(-0.806404995856,-0.591363663628,0.));
#125 = PCURVE('',#32,#126);
#126 = DEFINITIONAL_REPRESENTATION('',(#127),#131);
#127 = LINE('',#128,#129);
#128 = CARTESIAN_POINT('',(27.354876003315,-0.473090930902));
#129 = VECTOR('',#130,1.);
#130 = DIRECTION('',(-0.591363663628,0.806404995856));
#131 = ( GEOMETRIC_REPRESENTATION_CONTEXT(2) 
PARAMETRIC_REPRESENTATION_CONTEXT() REPRESENTATION_CONTEXT('2D SPACE',''
  ) );
#132 = PCURVE('',#133,#138);
#133 = CYLINDRICAL_SURFACE('',#134,0.8);
#134 = AXIS2_PLACEMENT_3D('',#135,#136,#137);
#135 = CARTESIAN_POINT('',(-19.72690906909,27.354876003315,0.8));
#136 = DIRECTION('',(-0.806404995856,-0.591363663628,0.));
#137 = DIRECTION('',(-0.,0.,-1.));
#138 = DEFINITIONAL_REPRESENTATION('',(#139),#143);
#139 = LINE('',#140,#141);
#140 = CARTESIAN_POINT('',(-0.,0.));
#141 = VECTOR('',#142,1.);
#142 = DIRECTION('',(-0.,1.));
#143 = ( GEOMETRIC_REPRESENTATION_CONTEXT(2) 
PARAMETRIC_REPRESENTATION_CONTEXT() REPRESENTATION_CONTEXT('2D SPACE',''
  ) );
#144 = ORIENTED_EDGE('',*,*,#145,.F.);
#145 = EDGE_CURVE('',#146,#118,#148,.T.);
#146 = VERTEX_POINT('',#147);
#147 = CARTESIAN_POINT('',(-34.4,0.8,-1.110223024625E-16));
#148 = SURFACE_CURVE('',#149,(#153,#160),.PCURVE_S1.);
#149 = LINE('',#150,#151);
#150 = CARTESIAN_POINT('',(-34.4,0.,-1.110223024625E-16));
#151 = VECTOR('',#152,1.);
#152 = DIRECTION('',(0.,1.,0.));
#153 = PCURVE('',#32,#154);
#154 = DEFINITIONAL_REPRESENTATION('',(#155),#159);
#155 = LINE('',#156,#157);
#156 = CARTESIAN_POINT('',(0.,14.2));
#157 = VECTOR('',#158,1.);
#158 = DIRECTION('',(1.,0.));
#159 = ( GEOMETRIC_REPRESENTATION_CONTEXT(2) 
PARAMETRIC_REPRESENTATION_CONTEXT() REPRESENTATION_CONTEXT('2D SPACE',''
  ) );
#160 = PCURVE('',#161,#166);
#161 = CYLINDRICAL_SURFACE('',#162,0.8);
#162 = AXIS2_PLACEMENT_3D('',#163,#164,#165);
#163 = CARTESIAN_POINT('',(-34.4,0.,0.8));
#164 = DIRECTION('',(0.,1.,0.));
#165 = DIRECTION('',(-0.,0.,-1.));
#166 = DEFINITIONAL_REPRESENTATION('',(#167),#171);
#167 = LINE('',#168,#169);
#168 = CARTESIAN_POINT('',(0.,0.));
#169 = VECTOR('',#170,1.);
#170 = DIRECTION('',(0.,1.));
#171 = ( GEOMETRIC_REPRESENTATION_CONTEXT(2) 
PARAMETRIC_REPRESENTATION_CONTEXT() REPRESENTATION_CONTEXT('2D SPACE',''
  ) );
#172 = ORIENTED_EDGE('',*,*,#173,.F.);
#173 = EDGE_CURVE('',#174,#146,#176,.T.);
#174 = VERTEX_POINT('',#175);
#175 = CARTESIAN_POINT('',(34.4,0.8,-1.110223024625E-16));
#176 = SURFACE_CURVE('',#177,(#181,#188),.PCURVE_S1.);
#177 = LINE('',#178,#179);
#178 = CARTESIAN_POINT('',(35.2,0.8,-1.110223024625E-16));
#179 = VECTOR('',#180,1.);
#180 = DIRECTION('',(-1.,0.,0.));
#181 = PCURVE('',#32,#182);
#182 = DEFINITIONAL_REPRESENTATION('',(#183),#187);
#183 = LINE('',#184,#185);
#184 = CARTESIAN_POINT('',(0.8,-55.4));
#185 = VECTOR('',#186,1.);
#186 = DIRECTION('',(0.,1.));
#187 = ( GEOMETRIC_REPRESENTATION_CONTEXT(2) 
PARAMETRIC_REPRESENTATION_CONTEXT() REPRESENTATION_CONTEXT('2D SPACE',''
  ) );
#188 = PCURVE('',#189,#194);
#189 = CYLINDRICAL_SURFACE('',#190,0.8);
#190 = AXIS2_PLACEMENT_3D('',#191,#192,#193);
#191 = CARTESIAN_POINT('',(35.2,0.8,0.8));
#192 = DIRECTION('',(-1.,0.,0.));
#193 = DIRECTION('',(0.,0.,-1.));
#194 = DEFINITIONAL_REPRESENTATION('',(#195),#199);
#195 = LINE('',#196,#197);
#196 = CARTESIAN_POINT('',(0.,0.));
#197 = VECTOR('',#198,1.);
#198 = DIRECTION('',(0.,1.));
#199 = ( GEOMETRIC_REPRESENTATION_CONTEXT(2) 
PARAMETRIC_REPRESENTATION_CONTEXT() REPRESENTATION_CONTEXT('2D SPACE',''
  ) );
#200 = ORIENTED_EDGE('',*,*,#201,.F.);
#201 = EDGE_CURVE('',#202,#174,#204,.T.);
#202 = VERTEX_POINT('',#203);
#203 = CARTESIAN_POINT('',(34.4,16.594609320654,0.));
#204 = SURFACE_CURVE('',#205,(#209,#216),.PCURVE_S1.);
#205 = LINE('',#206,#207);
#206 = CARTESIAN_POINT('',(34.4,17.,-1.110223024625E-16));
#207 = VECTOR('',#208,1.);
#208 = DIRECTION('',(0.,-1.,0.));
#209 = PCURVE('',#32,#210);
#210 = DEFINITIONAL_REPRESENTATION('',(#211),#215);
#211 = LINE('',#212,#213);
#212 = CARTESIAN_POINT('',(17.,-54.6));
#213 = VECTOR('',#214,1.);
#214 = DIRECTION('',(-1.,0.));
#215 = ( GEOMETRIC_REPRESENTATION_CONTEXT(2) 
PARAMETRIC_REPRESENTATION_CONTEXT() REPRESENTATION_CONTEXT('2D SPACE',''
  ) );
#216 = PCURVE('',#217,#222);
#217 = CYLINDRICAL_SURFACE('',#218,0.8);
#218 = AXIS2_PLACEMENT_3D('',#219,#220,#221);
#219 = CARTESIAN_POINT('',(34.4,17.,0.8));
#220 = DIRECTION('',(0.,-1.,0.));
#221 = DIRECTION('',(-0.,-0.,-1.));
#222 = DEFINITIONAL_REPRESENTATION('',(#223),#227);
#223 = LINE('',#224,#225);
#224 = CARTESIAN_POINT('',(0.,0.));
#225 = VECTOR('',#226,1.);
#226 = DIRECTION('',(0.,1.));
#227 = ( GEOMETRIC_REPRESENTATION_CONTEXT(2) 
PARAMETRIC_REPRESENTATION_CONTEXT() REPRESENTATION_CONTEXT('2D SPACE',''
  ) );
#228 = ORIENTED_EDGE('',*,*,#229,.T.);
#229 = EDGE_CURVE('',#202,#230,#232,.T.);
#230 = VERTEX_POINT('',#231);
#231 = CARTESIAN_POINT('',(20.053818138196,27.115142685977,0.));
#232 = SURFACE_CURVE('',#233,(#237,#244),.PCURVE_S1.);
#233 = LINE('',#234,#235);
#234 = CARTESIAN_POINT('',(34.726909069098,16.354876003315,
    -1.110223024625E-16));
#235 = VECTOR('',#236,1.);
#236 = DIRECTION('',(-0.806404995856,0.591363663628,0.));
#237 = PCURVE('',#32,#238);
#238 = DEFINITIONAL_REPRESENTATION('',(#239),#243);
#239 = LINE('',#240,#241);
#240 = CARTESIAN_POINT('',(16.354876003315,-54.92690906909));
#241 = VECTOR('',#242,1.);
#242 = DIRECTION('',(0.591363663628,0.806404995856));
#243 = ( GEOMETRIC_REPRESENTATION_CONTEXT(2) 
PARAMETRIC_REPRESENTATION_CONTEXT() REPRESENTATION_CONTEXT('2D SPACE',''
  ) );
#244 = PCURVE('',#245,#250);
#245 = CYLINDRICAL_SURFACE('',#246,0.8);
#246 = AXIS2_PLACEMENT_3D('',#247,#248,#249);
#247 = CARTESIAN_POINT('',(34.726909069098,16.354876003315,0.8));
#248 = DIRECTION('',(-0.806404995856,0.591363663628,0.));
#249 = DIRECTION('',(0.,0.,-1.));
#250 = DEFINITIONAL_REPRESENTATION('',(#251),#255);
#251 = LINE('',#252,#253);
#252 = CARTESIAN_POINT('',(-0.,0.));
#253 = VECTOR('',#254,1.);
#254 = DIRECTION('',(-0.,1.));
#255 = ( GEOMETRIC_REPRESENTATION_CONTEXT(2) 
PARAMETRIC_REPRESENTATION_CONTEXT() REPRESENTATION_CONTEXT('2D SPACE',''
  ) );
#256 = ORIENTED_EDGE('',*,*,#257,.T.);
#257 = EDGE_CURVE('',#230,#258,#260,.T.);
#258 = VERTEX_POINT('',#259);
#259 = CARTESIAN_POINT('',(19.4,28.405390679346,0.));
#260 = SURFACE_CURVE('',#261,(#266,#277),.PCURVE_S1.);
#261 = CIRCLE('',#262,1.6);
#262 = AXIS2_PLACEMENT_3D('',#263,#264,#265);
#263 = CARTESIAN_POINT('',(21.,28.405390679346,0.));
#264 = DIRECTION('',(-0.,0.,-1.));
#265 = DIRECTION('',(-0.591363663628,-0.806404995856,0.));
#266 = PCURVE('',#32,#267);
#267 = DEFINITIONAL_REPRESENTATION('',(#268),#276);
#268 = ( BOUNDED_CURVE() B_SPLINE_CURVE(2,(#269,#270,#271,#272,#273,#274
,#275),.UNSPECIFIED.,.T.,.F.) B_SPLINE_CURVE_WITH_KNOTS((1,2,2,2,2,1),(
    -2.094395102393,0.,2.094395102393,4.188790204786,6.28318530718,
8.377580409573),.UNSPECIFIED.) CURVE() GEOMETRIC_REPRESENTATION_ITEM() 
RATIONAL_B_SPLINE_CURVE((1.,0.5,1.,0.5,1.,0.5,1.)) REPRESENTATION_ITEM(
  '') );
#269 = CARTESIAN_POINT('',(27.115142685977,-40.25381813819));
#270 = CARTESIAN_POINT('',(28.753977743822,-38.01904305931));
#271 = CARTESIAN_POINT('',(29.869932204953,-40.55570339146));
#272 = CARTESIAN_POINT('',(30.985886666084,-43.0923637236));
#273 = CARTESIAN_POINT('',(28.231097147108,-42.79047847034));
#274 = CARTESIAN_POINT('',(25.476307628132,-42.48859321707));
#275 = CARTESIAN_POINT('',(27.115142685977,-40.25381813819));
#276 = ( GEOMETRIC_REPRESENTATION_CONTEXT(2) 
PARAMETRIC_REPRESENTATION_CONTEXT() REPRESENTATION_CONTEXT('2D SPACE',''
  ) );
#277 = PCURVE('',#278,#283);
#278 = TOROIDAL_SURFACE('',#279,1.6,0.8);
#279 = AXIS2_PLACEMENT_3D('',#280,#281,#282);
#280 = CARTESIAN_POINT('',(21.,28.405390679346,0.8));
#281 = DIRECTION('',(-0.,0.,-1.));
#282 = DIRECTION('',(-0.591363663628,-0.806404995856,0.));
#283 = DEFINITIONAL_REPRESENTATION('',(#284),#288);
#284 = LINE('',#285,#286);
#285 = CARTESIAN_POINT('',(0.,1.570796326795));
#286 = VECTOR('',#287,1.);
#287 = DIRECTION('',(1.,0.));
#288 = ( GEOMETRIC_REPRESENTATION_CONTEXT(2) 
PARAMETRIC_REPRESENTATION_CONTEXT() REPRESENTATION_CONTEXT('2D SPACE',''
  ) );
#289 = ORIENTED_EDGE('',*,*,#290,.T.);
#290 = EDGE_CURVE('',#258,#24,#291,.T.);
#291 = SURFACE_CURVE('',#292,(#296,#303),.PCURVE_S1.);
#292 = LINE('',#293,#294);
#293 = CARTESIAN_POINT('',(19.4,28.,-1.110223024625E-16));
#294 = VECTOR('',#295,1.);
#295 = DIRECTION('',(0.,1.,0.));
#296 = PCURVE('',#32,#297);
#297 = DEFINITIONAL_REPRESENTATION('',(#298),#302);
#298 = LINE('',#299,#300);
#299 = CARTESIAN_POINT('',(28.,-39.6));
#300 = VECTOR('',#301,1.);
#301 = DIRECTION('',(1.,0.));
#302 = ( GEOMETRIC_REPRESENTATION_CONTEXT(2) 
PARAMETRIC_REPRESENTATION_CONTEXT() REPRESENTATION_CONTEXT('2D SPACE',''
  ) );
#303 = PCURVE('',#304,#309);
#304 = CYLINDRICAL_SURFACE('',#305,0.8);
#305 = AXIS2_PLACEMENT_3D('',#306,#307,#308);
#306 = CARTESIAN_POINT('',(19.4,28.,0.8));
#307 = DIRECTION('',(0.,1.,0.));
#308 = DIRECTION('',(-0.,0.,-1.));
#309 = DEFINITIONAL_REPRESENTATION('',(#310),#314);
#310 = LINE('',#311,#312);
#311 = CARTESIAN_POINT('',(-0.,0.));
#312 = VECTOR('',#313,1.);
#313 = DIRECTION('',(-0.,1.));
#314 = ( GEOMETRIC_REPRESENTATION_CONTEXT(2) 
PARAMETRIC_REPRESENTATION_CONTEXT() REPRESENTATION_CONTEXT('2D SPACE',''
  ) );
#315 = FACE_BOUND('',#316,.F.);
#316 = EDGE_LOOP('',(#317));
#317 = ORIENTED_EDGE('',*,*,#318,.F.);
#318 = EDGE_CURVE('',#319,#319,#321,.T.);
#319 = VERTEX_POINT('',#320);
#320 = CARTESIAN_POINT('',(27.8,9.9,0.));
#321 = SURFACE_CURVE('',#322,(#327,#334),.PCURVE_S1.);
#322 = CIRCLE('',#323,2.5);
#323 = AXIS2_PLACEMENT_3D('',#324,#325,#326);
#324 = CARTESIAN_POINT('',(25.3,9.9,0.));
#325 = DIRECTION('',(0.,0.,1.));
#326 = DIRECTION('',(1.,0.,-0.));
#327 = PCURVE('',#32,#328);
#328 = DEFINITIONAL_REPRESENTATION('',(#329),#333);
#329 = CIRCLE('',#330,2.5);
#330 = AXIS2_PLACEMENT_2D('',#331,#332);
#331 = CARTESIAN_POINT('',(9.9,-45.5));
#332 = DIRECTION('',(0.,-1.));
#333 = ( GEOMETRIC_REPRESENTATION_CONTEXT(2) 
PARAMETRIC_REPRESENTATION_CONTEXT() REPRESENTATION_CONTEXT('2D SPACE',''
  ) );
#334 = PCURVE('',#335,#340);
#335 = CYLINDRICAL_SURFACE('',#336,2.5);
#336 = AXIS2_PLACEMENT_3D('',#337,#338,#339);
#337 = CARTESIAN_POINT('',(25.3,9.9,-1.));
#338 = DIRECTION('',(0.,0.,1.));
#339 = DIRECTION('',(1.,0.,-0.));
#340 = DEFINITIONAL_REPRESENTATION('',(#341),#345);
#341 = LINE('',#342,#343);
#342 = CARTESIAN_POINT('',(0.,1.));
#343 = VECTOR('',#344,1.);
#344 = DIRECTION('',(1.,0.));
#345 = ( GEOMETRIC_REPRESENTATION_CONTEXT(2) 
PARAMETRIC_REPRESENTATION_CONTEXT() REPRESENTATION_CONTEXT('2D SPACE',''
  ) );
#346 = FACE_BOUND('',#347,.F.);
#347 = EDGE_LOOP('',(#348));
#348 = ORIENTED_EDGE('',*,*,#349,.F.);
#349 = EDGE_CURVE('',#350,#350,#352,.T.);
#350 = VERTEX_POINT('',#351);
#351 = CARTESIAN_POINT('',(-22.8,9.9,0.));
#352 = SURFACE_CURVE('',#353,(#358,#365),.PCURVE_S1.);
#353 = CIRCLE('',#354,2.5);
#354 = AXIS2_PLACEMENT_3D('',#355,#356,#357);
#355 = CARTESIAN_POINT('',(-25.3,9.9,0.));
#356 = DIRECTION('',(0.,0.,1.));
#357 = DIRECTION('',(1.,0.,-0.));
#358 = PCURVE('',#32,#359);
#359 = DEFINITIONAL_REPRESENTATION('',(#360),#364);
#360 = CIRCLE('',#361,2.5);
#361 = AXIS2_PLACEMENT_2D('',#362,#363);
#362 = CARTESIAN_POINT('',(9.9,5.1));
#363 = DIRECTION('',(0.,-1.));
#364 = ( GEOMETRIC_REPRESENTATION_CONTEXT(2) 
PARAMETRIC_REPRESENTATION_CONTEXT() REPRESENTATION_CONTEXT('2D SPACE',''
  ) );
#365 = PCURVE('',#366,#371);
#366 = CYLINDRICAL_SURFACE('',#367,2.5);
#367 = AXIS2_PLACEMENT_3D('',#368,#369,#370);
#368 = CARTESIAN_POINT('',(-25.3,9.9,-1.));
#369 = DIRECTION('',(0.,0.,1.));
#370 = DIRECTION('',(1.,0.,-0.));
#371 = DEFINITIONAL_REPRESENTATION('',(#372),#376);
#372 = LINE('',#373,#374);
#373 = CARTESIAN_POINT('',(0.,1.));
#374 = VECTOR('',#375,1.);
#375 = DIRECTION('',(1.,0.));
#376 = ( GEOMETRIC_REPRESENTATION_CONTEXT(2) 
PARAMETRIC_REPRESENTATION_CONTEXT() REPRESENTATION_CONTEXT('2D SPACE',''
  ) );
#377 = ADVANCED_FACE('',(#378),#44,.T.);
#378 = FACE_BOUND('',#379,.F.);
#379 = EDGE_LOOP('',(#380,#381,#410,#438));
#380 = ORIENTED_EDGE('',*,*,#21,.T.);
#381 = ORIENTED_EDGE('',*,*,#382,.T.);
#382 = EDGE_CURVE('',#24,#383,#385,.T.);
#383 = VERTEX_POINT('',#384);
#384 = CARTESIAN_POINT('',(19.4,36.9,21.2));
#385 = SURFACE_CURVE('',#386,(#391,#398),.PCURVE_S1.);
#386 = CIRCLE('',#387,10.6);
#387 = AXIS2_PLACEMENT_3D('',#388,#389,#390);
#388 = CARTESIAN_POINT('',(19.4,36.9,10.6));
#389 = DIRECTION('',(1.,0.,0.));
#390 = DIRECTION('',(0.,0.,-1.));
#391 = PCURVE('',#44,#392);
#392 = DEFINITIONAL_REPRESENTATION('',(#393),#397);
#393 = LINE('',#394,#395);
#394 = CARTESIAN_POINT('',(-4.712388980385,-39.6));
#395 = VECTOR('',#396,1.);
#396 = DIRECTION('',(-1.,0.));
#397 = ( GEOMETRIC_REPRESENTATION_CONTEXT(2) 
PARAMETRIC_REPRESENTATION_CONTEXT() REPRESENTATION_CONTEXT('2D SPACE',''
  ) );
#398 = PCURVE('',#399,#404);
#399 = TOROIDAL_SURFACE('',#400,9.8,0.8);
#400 = AXIS2_PLACEMENT_3D('',#401,#402,#403);
#401 = CARTESIAN_POINT('',(19.4,36.9,10.6));
#402 = DIRECTION('',(1.,0.,0.));
#403 = DIRECTION('',(0.,0.,-1.));
#404 = DEFINITIONAL_REPRESENTATION('',(#405),#409);
#405 = LINE('',#406,#407);
#406 = CARTESIAN_POINT('',(0.,0.));
#407 = VECTOR('',#408,1.);
#408 = DIRECTION('',(1.,0.));
#409 = ( GEOMETRIC_REPRESENTATION_CONTEXT(2) 
PARAMETRIC_REPRESENTATION_CONTEXT() REPRESENTATION_CONTEXT('2D SPACE',''
  ) );
#410 = ORIENTED_EDGE('',*,*,#411,.F.);
#411 = EDGE_CURVE('',#412,#383,#414,.T.);
#412 = VERTEX_POINT('',#413);
#413 = CARTESIAN_POINT('',(-19.4,36.9,21.2));
#414 = SURFACE_CURVE('',#415,(#419,#426),.PCURVE_S1.);
#415 = LINE('',#416,#417);
#416 = CARTESIAN_POINT('',(-20.2,36.9,21.2));
#417 = VECTOR('',#418,1.);
#418 = DIRECTION('',(1.,0.,0.));
#419 = PCURVE('',#44,#420);
#420 = DEFINITIONAL_REPRESENTATION('',(#421),#425);
#421 = LINE('',#422,#423);
#422 = CARTESIAN_POINT('',(-7.853981633974,0.));
#423 = VECTOR('',#424,1.);
#424 = DIRECTION('',(-0.,-1.));
#425 = ( GEOMETRIC_REPRESENTATION_CONTEXT(2) 
PARAMETRIC_REPRESENTATION_CONTEXT() REPRESENTATION_CONTEXT('2D SPACE',''
  ) );
#426 = PCURVE('',#427,#432);
#427 = PLANE('',#428);
#428 = AXIS2_PLACEMENT_3D('',#429,#430,#431);
#429 = CARTESIAN_POINT('',(-20.2,36.9,21.2));
#430 = DIRECTION('',(0.,0.,-1.));
#431 = DIRECTION('',(0.,-1.,0.));
#432 = DEFINITIONAL_REPRESENTATION('',(#433),#437);
#433 = LINE('',#434,#435);
#434 = CARTESIAN_POINT('',(0.,-0.));
#435 = VECTOR('',#436,1.);
#436 = DIRECTION('',(0.,-1.));
#437 = ( GEOMETRIC_REPRESENTATION_CONTEXT(2) 
PARAMETRIC_REPRESENTATION_CONTEXT() REPRESENTATION_CONTEXT('2D SPACE',''
  ) );
#438 = ORIENTED_EDGE('',*,*,#439,.F.);
#439 = EDGE_CURVE('',#22,#412,#440,.T.);
#440 = SURFACE_CURVE('',#441,(#446,#453),.PCURVE_S1.);
#441 = CIRCLE('',#442,10.6);
#442 = AXIS2_PLACEMENT_3D('',#443,#444,#445);
#443 = CARTESIAN_POINT('',(-19.4,36.9,10.6));
#444 = DIRECTION('',(1.,0.,0.));
#445 = DIRECTION('',(0.,0.,-1.));
#446 = PCURVE('',#44,#447);
#447 = DEFINITIONAL_REPRESENTATION('',(#448),#452);
#448 = LINE('',#449,#450);
#449 = CARTESIAN_POINT('',(-4.712388980385,-0.8));
#450 = VECTOR('',#451,1.);
#451 = DIRECTION('',(-1.,0.));
#452 = ( GEOMETRIC_REPRESENTATION_CONTEXT(2) 
PARAMETRIC_REPRESENTATION_CONTEXT() REPRESENTATION_CONTEXT('2D SPACE',''
  ) );
#453 = PCURVE('',#454,#459);
#454 = TOROIDAL_SURFACE('',#455,9.8,0.8);
#455 = AXIS2_PLACEMENT_3D('',#456,#457,#458);
#456 = CARTESIAN_POINT('',(-19.4,36.9,10.6));
#457 = DIRECTION('',(-1.,-0.,-0.));
#458 = DIRECTION('',(0.,0.,-1.));
#459 = DEFINITIONAL_REPRESENTATION('',(#460),#464);
#460 = LINE('',#461,#462);
#461 = CARTESIAN_POINT('',(-0.,0.));
#462 = VECTOR('',#463,1.);
#463 = DIRECTION('',(-1.,0.));
#464 = ( GEOMETRIC_REPRESENTATION_CONTEXT(2) 
PARAMETRIC_REPRESENTATION_CONTEXT() REPRESENTATION_CONTEXT('2D SPACE',''
  ) );
#465 = ADVANCED_FACE('',(#466),#72,.T.);
#466 = FACE_BOUND('',#467,.T.);
#467 = EDGE_LOOP('',(#468,#490,#518,#538));
#468 = ORIENTED_EDGE('',*,*,#469,.T.);
#469 = EDGE_CURVE('',#57,#470,#472,.T.);
#470 = VERTEX_POINT('',#471);
#471 = CARTESIAN_POINT('',(-20.2,28.405390679346,0.8));
#472 = SURFACE_CURVE('',#473,(#478,#484),.PCURVE_S1.);
#473 = CIRCLE('',#474,0.8);
#474 = AXIS2_PLACEMENT_3D('',#475,#476,#477);
#475 = CARTESIAN_POINT('',(-19.4,28.405390679346,0.8));
#476 = DIRECTION('',(-0.,1.,0.));
#477 = DIRECTION('',(1.,0.,0.));
#478 = PCURVE('',#72,#479);
#479 = DEFINITIONAL_REPRESENTATION('',(#480),#483);
#480 = B_SPLINE_CURVE_WITH_KNOTS('',1,(#481,#482),.UNSPECIFIED.,.F.,.F.,
  (2,2),(1.570796326795,3.14159265359),.PIECEWISE_BEZIER_KNOTS.);
#481 = CARTESIAN_POINT('',(0.,0.405390679346));
#482 = CARTESIAN_POINT('',(1.570796326795,0.405390679346));
#483 = ( GEOMETRIC_REPRESENTATION_CONTEXT(2) 
PARAMETRIC_REPRESENTATION_CONTEXT() REPRESENTATION_CONTEXT('2D SPACE',''
  ) );
#484 = PCURVE('',#105,#485);
#485 = DEFINITIONAL_REPRESENTATION('',(#486),#489);
#486 = B_SPLINE_CURVE_WITH_KNOTS('',1,(#487,#488),.UNSPECIFIED.,.F.,.F.,
  (2,2),(1.570796326795,3.14159265359),.PIECEWISE_BEZIER_KNOTS.);
#487 = CARTESIAN_POINT('',(0.,1.570796326795));
#488 = CARTESIAN_POINT('',(0.,3.14159265359));
#489 = ( GEOMETRIC_REPRESENTATION_CONTEXT(2) 
PARAMETRIC_REPRESENTATION_CONTEXT() REPRESENTATION_CONTEXT('2D SPACE',''
  ) );
#490 = ORIENTED_EDGE('',*,*,#491,.T.);
#491 = EDGE_CURVE('',#470,#492,#494,.T.);
#492 = VERTEX_POINT('',#493);
#493 = CARTESIAN_POINT('',(-20.2,36.9,0.8));
#494 = SURFACE_CURVE('',#495,(#499,#506),.PCURVE_S1.);
#495 = LINE('',#496,#497);
#496 = CARTESIAN_POINT('',(-20.2,28.,0.8));
#497 = VECTOR('',#498,1.);
#498 = DIRECTION('',(0.,1.,0.));
#499 = PCURVE('',#72,#500);
#500 = DEFINITIONAL_REPRESENTATION('',(#501),#505);
#501 = LINE('',#502,#503);
#502 = CARTESIAN_POINT('',(1.570796326795,0.));
#503 = VECTOR('',#504,1.);
#504 = DIRECTION('',(0.,1.));
#505 = ( GEOMETRIC_REPRESENTATION_CONTEXT(2) 
PARAMETRIC_REPRESENTATION_CONTEXT() REPRESENTATION_CONTEXT('2D SPACE',''
  ) );
#506 = PCURVE('',#507,#512);
#507 = PLANE('',#508);
#508 = AXIS2_PLACEMENT_3D('',#509,#510,#511);
#509 = CARTESIAN_POINT('',(-20.2,26.754382981176,9.14654744966));
#510 = DIRECTION('',(1.,0.,0.));
#511 = DIRECTION('',(0.,1.,0.));
#512 = DEFINITIONAL_REPRESENTATION('',(#513),#517);
#513 = LINE('',#514,#515);
#514 = CARTESIAN_POINT('',(1.245617018824,-8.34654744966));
#515 = VECTOR('',#516,1.);
#516 = DIRECTION('',(1.,0.));
#517 = ( GEOMETRIC_REPRESENTATION_CONTEXT(2) 
PARAMETRIC_REPRESENTATION_CONTEXT() REPRESENTATION_CONTEXT('2D SPACE',''
  ) );
#518 = ORIENTED_EDGE('',*,*,#519,.F.);
#519 = EDGE_CURVE('',#22,#492,#520,.T.);
#520 = SURFACE_CURVE('',#521,(#526,#532),.PCURVE_S1.);
#521 = CIRCLE('',#522,0.8);
#522 = AXIS2_PLACEMENT_3D('',#523,#524,#525);
#523 = CARTESIAN_POINT('',(-19.4,36.9,0.8));
#524 = DIRECTION('',(0.,1.,0.));
#525 = DIRECTION('',(-0.,0.,-1.));
#526 = PCURVE('',#72,#527);
#527 = DEFINITIONAL_REPRESENTATION('',(#528),#531);
#528 = B_SPLINE_CURVE_WITH_KNOTS('',1,(#529,#530),.UNSPECIFIED.,.F.,.F.,
  (2,2),(0.,1.570796326795),.PIECEWISE_BEZIER_KNOTS.);
#529 = CARTESIAN_POINT('',(0.,8.9));
#530 = CARTESIAN_POINT('',(1.570796326795,8.9));
#531 = ( GEOMETRIC_REPRESENTATION_CONTEXT(2) 
PARAMETRIC_REPRESENTATION_CONTEXT() REPRESENTATION_CONTEXT('2D SPACE',''
  ) );
#532 = PCURVE('',#454,#533);
#533 = DEFINITIONAL_REPRESENTATION('',(#534),#537);
#534 = B_SPLINE_CURVE_WITH_KNOTS('',1,(#535,#536),.UNSPECIFIED.,.F.,.F.,
  (2,2),(0.,1.570796326795),.PIECEWISE_BEZIER_KNOTS.);
#535 = CARTESIAN_POINT('',(0.,0.));
#536 = CARTESIAN_POINT('',(0.,1.570796326795));
#537 = ( GEOMETRIC_REPRESENTATION_CONTEXT(2) 
PARAMETRIC_REPRESENTATION_CONTEXT() REPRESENTATION_CONTEXT('2D SPACE',''
  ) );
#538 = ORIENTED_EDGE('',*,*,#56,.F.);
#539 = ADVANCED_FACE('',(#540),#304,.T.);
#540 = FACE_BOUND('',#541,.F.);
#541 = EDGE_LOOP('',(#542,#564,#592,#612));
#542 = ORIENTED_EDGE('',*,*,#543,.T.);
#543 = EDGE_CURVE('',#258,#544,#546,.T.);
#544 = VERTEX_POINT('',#545);
#545 = CARTESIAN_POINT('',(20.2,28.405390679346,0.8));
#546 = SURFACE_CURVE('',#547,(#552,#558),.PCURVE_S1.);
#547 = CIRCLE('',#548,0.8);
#548 = AXIS2_PLACEMENT_3D('',#549,#550,#551);
#549 = CARTESIAN_POINT('',(19.4,28.405390679346,0.8));
#550 = DIRECTION('',(-1.110223024625E-16,-1.,0.));
#551 = DIRECTION('',(-1.,1.110223024625E-16,0.));
#552 = PCURVE('',#304,#553);
#553 = DEFINITIONAL_REPRESENTATION('',(#554),#557);
#554 = B_SPLINE_CURVE_WITH_KNOTS('',1,(#555,#556),.UNSPECIFIED.,.F.,.F.,
  (2,2),(1.570796326795,3.14159265359),.PIECEWISE_BEZIER_KNOTS.);
#555 = CARTESIAN_POINT('',(0.,0.405390679346));
#556 = CARTESIAN_POINT('',(-1.570796326795,0.405390679346));
#557 = ( GEOMETRIC_REPRESENTATION_CONTEXT(2) 
PARAMETRIC_REPRESENTATION_CONTEXT() REPRESENTATION_CONTEXT('2D SPACE',''
  ) );
#558 = PCURVE('',#278,#559);
#559 = DEFINITIONAL_REPRESENTATION('',(#560),#563);
#560 = B_SPLINE_CURVE_WITH_KNOTS('',1,(#561,#562),.UNSPECIFIED.,.F.,.F.,
  (2,2),(1.570796326795,3.14159265359),.PIECEWISE_BEZIER_KNOTS.);
#561 = CARTESIAN_POINT('',(0.938047491793,1.570796326795));
#562 = CARTESIAN_POINT('',(0.938047491793,3.14159265359));
#563 = ( GEOMETRIC_REPRESENTATION_CONTEXT(2) 
PARAMETRIC_REPRESENTATION_CONTEXT() REPRESENTATION_CONTEXT('2D SPACE',''
  ) );
#564 = ORIENTED_EDGE('',*,*,#565,.T.);
#565 = EDGE_CURVE('',#544,#566,#568,.T.);
#566 = VERTEX_POINT('',#567);
#567 = CARTESIAN_POINT('',(20.2,36.9,0.8));
#568 = SURFACE_CURVE('',#569,(#573,#580),.PCURVE_S1.);
#569 = LINE('',#570,#571);
#570 = CARTESIAN_POINT('',(20.2,28.,0.8));
#571 = VECTOR('',#572,1.);
#572 = DIRECTION('',(0.,1.,0.));
#573 = PCURVE('',#304,#574);
#574 = DEFINITIONAL_REPRESENTATION('',(#575),#579);
#575 = LINE('',#576,#577);
#576 = CARTESIAN_POINT('',(-1.570796326795,0.));
#577 = VECTOR('',#578,1.);
#578 = DIRECTION('',(-0.,1.));
#579 = ( GEOMETRIC_REPRESENTATION_CONTEXT(2) 
PARAMETRIC_REPRESENTATION_CONTEXT() REPRESENTATION_CONTEXT('2D SPACE',''
  ) );
#580 = PCURVE('',#581,#586);
#581 = PLANE('',#582);
#582 = AXIS2_PLACEMENT_3D('',#583,#584,#585);
#583 = CARTESIAN_POINT('',(20.2,26.754382981176,9.14654744966));
#584 = DIRECTION('',(1.,0.,0.));
#585 = DIRECTION('',(0.,1.,0.));
#586 = DEFINITIONAL_REPRESENTATION('',(#587),#591);
#587 = LINE('',#588,#589);
#588 = CARTESIAN_POINT('',(1.245617018824,-8.34654744966));
#589 = VECTOR('',#590,1.);
#590 = DIRECTION('',(1.,0.));
#591 = ( GEOMETRIC_REPRESENTATION_CONTEXT(2) 
PARAMETRIC_REPRESENTATION_CONTEXT() REPRESENTATION_CONTEXT('2D SPACE',''
  ) );
#592 = ORIENTED_EDGE('',*,*,#593,.F.);
#593 = EDGE_CURVE('',#24,#566,#594,.T.);
#594 = SURFACE_CURVE('',#595,(#600,#606),.PCURVE_S1.);
#595 = CIRCLE('',#596,0.8);
#596 = AXIS2_PLACEMENT_3D('',#597,#598,#599);
#597 = CARTESIAN_POINT('',(19.4,36.9,0.8));
#598 = DIRECTION('',(0.,-1.,-0.));
#599 = DIRECTION('',(0.,0.,-1.));
#600 = PCURVE('',#304,#601);
#601 = DEFINITIONAL_REPRESENTATION('',(#602),#605);
#602 = B_SPLINE_CURVE_WITH_KNOTS('',1,(#603,#604),.UNSPECIFIED.,.F.,.F.,
  (2,2),(0.,1.570796326795),.PIECEWISE_BEZIER_KNOTS.);
#603 = CARTESIAN_POINT('',(0.,8.9));
#604 = CARTESIAN_POINT('',(-1.570796326795,8.9));
#605 = ( GEOMETRIC_REPRESENTATION_CONTEXT(2) 
PARAMETRIC_REPRESENTATION_CONTEXT() REPRESENTATION_CONTEXT('2D SPACE',''
  ) );
#606 = PCURVE('',#399,#607);
#607 = DEFINITIONAL_REPRESENTATION('',(#608),#611);
#608 = B_SPLINE_CURVE_WITH_KNOTS('',1,(#609,#610),.UNSPECIFIED.,.F.,.F.,
  (2,2),(0.,1.570796326795),.PIECEWISE_BEZIER_KNOTS.);
#609 = CARTESIAN_POINT('',(0.,0.));
#610 = CARTESIAN_POINT('',(0.,1.570796326795));
#611 = ( GEOMETRIC_REPRESENTATION_CONTEXT(2) 
PARAMETRIC_REPRESENTATION_CONTEXT() REPRESENTATION_CONTEXT('2D SPACE',''
  ) );
#612 = ORIENTED_EDGE('',*,*,#290,.F.);
#613 = ADVANCED_FACE('',(#614),#105,.T.);
#614 = FACE_BOUND('',#615,.T.);
#615 = EDGE_LOOP('',(#616,#617,#618,#640));
#616 = ORIENTED_EDGE('',*,*,#469,.F.);
#617 = ORIENTED_EDGE('',*,*,#84,.T.);
#618 = ORIENTED_EDGE('',*,*,#619,.T.);
#619 = EDGE_CURVE('',#85,#620,#622,.T.);
#620 = VERTEX_POINT('',#621);
#621 = CARTESIAN_POINT('',(-20.52690906909,27.760266682661,0.8));
#622 = SURFACE_CURVE('',#623,(#628,#634),.PCURVE_S1.);
#623 = CIRCLE('',#624,0.8);
#624 = AXIS2_PLACEMENT_3D('',#625,#626,#627);
#625 = CARTESIAN_POINT('',(-20.05381813819,27.115142685977,0.8));
#626 = DIRECTION('',(0.806404995856,0.591363663628,0.));
#627 = DIRECTION('',(0.591363663628,-0.806404995856,0.));
#628 = PCURVE('',#105,#629);
#629 = DEFINITIONAL_REPRESENTATION('',(#630),#633);
#630 = B_SPLINE_CURVE_WITH_KNOTS('',1,(#631,#632),.UNSPECIFIED.,.F.,.F.,
  (2,2),(1.570796326795,3.14159265359),.PIECEWISE_BEZIER_KNOTS.);
#631 = CARTESIAN_POINT('',(0.938047491793,1.570796326795));
#632 = CARTESIAN_POINT('',(0.938047491793,3.14159265359));
#633 = ( GEOMETRIC_REPRESENTATION_CONTEXT(2) 
PARAMETRIC_REPRESENTATION_CONTEXT() REPRESENTATION_CONTEXT('2D SPACE',''
  ) );
#634 = PCURVE('',#133,#635);
#635 = DEFINITIONAL_REPRESENTATION('',(#636),#639);
#636 = B_SPLINE_CURVE_WITH_KNOTS('',1,(#637,#638),.UNSPECIFIED.,.F.,.F.,
  (2,2),(1.570796326795,3.14159265359),.PIECEWISE_BEZIER_KNOTS.);
#637 = CARTESIAN_POINT('',(0.,0.405390679346));
#638 = CARTESIAN_POINT('',(-1.570796326795,0.405390679346));
#639 = ( GEOMETRIC_REPRESENTATION_CONTEXT(2) 
PARAMETRIC_REPRESENTATION_CONTEXT() REPRESENTATION_CONTEXT('2D SPACE',''
  ) );
#640 = ORIENTED_EDGE('',*,*,#641,.F.);
#641 = EDGE_CURVE('',#470,#620,#642,.T.);
#642 = SURFACE_CURVE('',#643,(#648,#655),.PCURVE_S1.);
#643 = CIRCLE('',#644,0.8);
#644 = AXIS2_PLACEMENT_3D('',#645,#646,#647);
#645 = CARTESIAN_POINT('',(-21.,28.405390679346,0.8));
#646 = DIRECTION('',(0.,0.,-1.));
#647 = DIRECTION('',(1.,0.,0.));
#648 = PCURVE('',#105,#649);
#649 = DEFINITIONAL_REPRESENTATION('',(#650),#654);
#650 = LINE('',#651,#652);
#651 = CARTESIAN_POINT('',(0.,3.14159265359));
#652 = VECTOR('',#653,1.);
#653 = DIRECTION('',(1.,0.));
#654 = ( GEOMETRIC_REPRESENTATION_CONTEXT(2) 
PARAMETRIC_REPRESENTATION_CONTEXT() REPRESENTATION_CONTEXT('2D SPACE',''
  ) );
#655 = PCURVE('',#656,#661);
#656 = CYLINDRICAL_SURFACE('',#657,0.8);
#657 = AXIS2_PLACEMENT_3D('',#658,#659,#660);
#658 = CARTESIAN_POINT('',(-21.,28.405390679346,0.));
#659 = DIRECTION('',(0.,0.,1.));
#660 = DIRECTION('',(1.,0.,-0.));
#661 = DEFINITIONAL_REPRESENTATION('',(#662),#666);
#662 = LINE('',#663,#664);
#663 = CARTESIAN_POINT('',(-0.,0.8));
#664 = VECTOR('',#665,1.);
#665 = DIRECTION('',(-1.,0.));
#666 = ( GEOMETRIC_REPRESENTATION_CONTEXT(2) 
PARAMETRIC_REPRESENTATION_CONTEXT() REPRESENTATION_CONTEXT('2D SPACE',''
  ) );
#667 = ADVANCED_FACE('',(#668),#278,.T.);
#668 = FACE_BOUND('',#669,.T.);
#669 = EDGE_LOOP('',(#670,#692,#693,#694));
#670 = ORIENTED_EDGE('',*,*,#671,.F.);
#671 = EDGE_CURVE('',#230,#672,#674,.T.);
#672 = VERTEX_POINT('',#673);
#673 = CARTESIAN_POINT('',(20.526909069098,27.760266682661,0.8));
#674 = SURFACE_CURVE('',#675,(#680,#686),.PCURVE_S1.);
#675 = CIRCLE('',#676,0.8);
#676 = AXIS2_PLACEMENT_3D('',#677,#678,#679);
#677 = CARTESIAN_POINT('',(20.053818138196,27.115142685977,0.8));
#678 = DIRECTION('',(0.806404995856,-0.591363663628,-0.));
#679 = DIRECTION('',(-0.591363663628,-0.806404995856,0.));
#680 = PCURVE('',#278,#681);
#681 = DEFINITIONAL_REPRESENTATION('',(#682),#685);
#682 = B_SPLINE_CURVE_WITH_KNOTS('',1,(#683,#684),.UNSPECIFIED.,.F.,.F.,
  (2,2),(1.570796326795,3.14159265359),.PIECEWISE_BEZIER_KNOTS.);
#683 = CARTESIAN_POINT('',(0.,1.570796326795));
#684 = CARTESIAN_POINT('',(0.,3.14159265359));
#685 = ( GEOMETRIC_REPRESENTATION_CONTEXT(2) 
PARAMETRIC_REPRESENTATION_CONTEXT() REPRESENTATION_CONTEXT('2D SPACE',''
  ) );
#686 = PCURVE('',#245,#687);
#687 = DEFINITIONAL_REPRESENTATION('',(#688),#691);
#688 = B_SPLINE_CURVE_WITH_KNOTS('',1,(#689,#690),.UNSPECIFIED.,.F.,.F.,
  (2,2),(1.570796326795,3.14159265359),.PIECEWISE_BEZIER_KNOTS.);
#689 = CARTESIAN_POINT('',(0.,18.195684558392));
#690 = CARTESIAN_POINT('',(-1.570796326795,18.195684558392));
#691 = ( GEOMETRIC_REPRESENTATION_CONTEXT(2) 
PARAMETRIC_REPRESENTATION_CONTEXT() REPRESENTATION_CONTEXT('2D SPACE',''
  ) );
#692 = ORIENTED_EDGE('',*,*,#257,.T.);
#693 = ORIENTED_EDGE('',*,*,#543,.T.);
#694 = ORIENTED_EDGE('',*,*,#695,.F.);
#695 = EDGE_CURVE('',#672,#544,#696,.T.);
#696 = SURFACE_CURVE('',#697,(#702,#709),.PCURVE_S1.);
#697 = CIRCLE('',#698,0.8);
#698 = AXIS2_PLACEMENT_3D('',#699,#700,#701);
#699 = CARTESIAN_POINT('',(21.,28.405390679346,0.8));
#700 = DIRECTION('',(-0.,0.,-1.));
#701 = DIRECTION('',(-0.591363663628,-0.806404995856,0.));
#702 = PCURVE('',#278,#703);
#703 = DEFINITIONAL_REPRESENTATION('',(#704),#708);
#704 = LINE('',#705,#706);
#705 = CARTESIAN_POINT('',(0.,3.14159265359));
#706 = VECTOR('',#707,1.);
#707 = DIRECTION('',(1.,0.));
#708 = ( GEOMETRIC_REPRESENTATION_CONTEXT(2) 
PARAMETRIC_REPRESENTATION_CONTEXT() REPRESENTATION_CONTEXT('2D SPACE',''
  ) );
#709 = PCURVE('',#710,#715);
#710 = CYLINDRICAL_SURFACE('',#711,0.8);
#711 = AXIS2_PLACEMENT_3D('',#712,#713,#714);
#712 = CARTESIAN_POINT('',(21.,28.405390679346,0.));
#713 = DIRECTION('',(0.,0.,1.));
#714 = DIRECTION('',(-0.591363663628,-0.806404995856,0.));
#715 = DEFINITIONAL_REPRESENTATION('',(#716),#720);
#716 = LINE('',#717,#718);
#717 = CARTESIAN_POINT('',(-0.,0.8));
#718 = VECTOR('',#719,1.);
#719 = DIRECTION('',(-1.,0.));
#720 = ( GEOMETRIC_REPRESENTATION_CONTEXT(2) 
PARAMETRIC_REPRESENTATION_CONTEXT() REPRESENTATION_CONTEXT('2D SPACE',''
  ) );
#721 = ADVANCED_FACE('',(#722),#133,.T.);
#722 = FACE_BOUND('',#723,.F.);
#723 = EDGE_LOOP('',(#724,#725,#753,#778));
#724 = ORIENTED_EDGE('',*,*,#619,.T.);
#725 = ORIENTED_EDGE('',*,*,#726,.T.);
#726 = EDGE_CURVE('',#620,#727,#729,.T.);
#727 = VERTEX_POINT('',#728);
#728 = CARTESIAN_POINT('',(-34.8730909309,17.239733317339,0.8));
#729 = SURFACE_CURVE('',#730,(#734,#741),.PCURVE_S1.);
#730 = LINE('',#731,#732);
#731 = CARTESIAN_POINT('',(-20.2,28.,0.8));
#732 = VECTOR('',#733,1.);
#733 = DIRECTION('',(-0.806404995856,-0.591363663628,0.));
#734 = PCURVE('',#133,#735);
#735 = DEFINITIONAL_REPRESENTATION('',(#736),#740);
#736 = LINE('',#737,#738);
#737 = CARTESIAN_POINT('',(-1.570796326795,0.));
#738 = VECTOR('',#739,1.);
#739 = DIRECTION('',(-0.,1.));
#740 = ( GEOMETRIC_REPRESENTATION_CONTEXT(2) 
PARAMETRIC_REPRESENTATION_CONTEXT() REPRESENTATION_CONTEXT('2D SPACE',''
  ) );
#741 = PCURVE('',#742,#747);
#742 = PLANE('',#743);
#743 = AXIS2_PLACEMENT_3D('',#744,#745,#746);
#744 = CARTESIAN_POINT('',(-20.2,28.,0.));
#745 = DIRECTION('',(0.591363663628,-0.806404995856,0.));
#746 = DIRECTION('',(-0.806404995856,-0.591363663628,0.));
#747 = DEFINITIONAL_REPRESENTATION('',(#748),#752);
#748 = LINE('',#749,#750);
#749 = CARTESIAN_POINT('',(0.,-0.8));
#750 = VECTOR('',#751,1.);
#751 = DIRECTION('',(1.,0.));
#752 = ( GEOMETRIC_REPRESENTATION_CONTEXT(2) 
PARAMETRIC_REPRESENTATION_CONTEXT() REPRESENTATION_CONTEXT('2D SPACE',''
  ) );
#753 = ORIENTED_EDGE('',*,*,#754,.F.);
#754 = EDGE_CURVE('',#118,#727,#755,.T.);
#755 = SURFACE_CURVE('',#756,(#761,#767),.PCURVE_S1.);
#756 = CIRCLE('',#757,0.8);
#757 = AXIS2_PLACEMENT_3D('',#758,#759,#760);
#758 = CARTESIAN_POINT('',(-34.4,16.594609320654,0.8));
#759 = DIRECTION('',(0.806404995856,0.591363663628,0.));
#760 = DIRECTION('',(-0.591363663628,0.806404995856,0.));
#761 = PCURVE('',#133,#762);
#762 = DEFINITIONAL_REPRESENTATION('',(#763),#766);
#763 = B_SPLINE_CURVE_WITH_KNOTS('',1,(#764,#765),.UNSPECIFIED.,.F.,.F.,
  (2,2),(4.712388980385,6.28318530718),.PIECEWISE_BEZIER_KNOTS.);
#764 = CARTESIAN_POINT('',(0.,18.195684558392));
#765 = CARTESIAN_POINT('',(-1.570796326795,18.195684558392));
#766 = ( GEOMETRIC_REPRESENTATION_CONTEXT(2) 
PARAMETRIC_REPRESENTATION_CONTEXT() REPRESENTATION_CONTEXT('2D SPACE',''
  ) );
#767 = PCURVE('',#768,#773);
#768 = SPHERICAL_SURFACE('',#769,0.8);
#769 = AXIS2_PLACEMENT_3D('',#770,#771,#772);
#770 = CARTESIAN_POINT('',(-34.4,16.594609320654,0.8));
#771 = DIRECTION('',(0.,-0.,1.));
#772 = DIRECTION('',(-0.591363663628,0.806404995856,0.));
#773 = DEFINITIONAL_REPRESENTATION('',(#774),#777);
#774 = B_SPLINE_CURVE_WITH_KNOTS('',1,(#775,#776),.UNSPECIFIED.,.F.,.F.,
  (2,2),(4.712388980385,6.28318530718),.PIECEWISE_BEZIER_KNOTS.);
#775 = CARTESIAN_POINT('',(0.,-1.570796326795));
#776 = CARTESIAN_POINT('',(0.,0.));
#777 = ( GEOMETRIC_REPRESENTATION_CONTEXT(2) 
PARAMETRIC_REPRESENTATION_CONTEXT() REPRESENTATION_CONTEXT('2D SPACE',''
  ) );
#778 = ORIENTED_EDGE('',*,*,#117,.F.);
#779 = ADVANCED_FACE('',(#780),#245,.T.);
#780 = FACE_BOUND('',#781,.F.);
#781 = EDGE_LOOP('',(#782,#809,#835,#836));
#782 = ORIENTED_EDGE('',*,*,#783,.T.);
#783 = EDGE_CURVE('',#202,#784,#786,.T.);
#784 = VERTEX_POINT('',#785);
#785 = CARTESIAN_POINT('',(34.873090930902,17.239733317339,0.8));
#786 = SURFACE_CURVE('',#787,(#792,#798),.PCURVE_S1.);
#787 = CIRCLE('',#788,0.8);
#788 = AXIS2_PLACEMENT_3D('',#789,#790,#791);
#789 = CARTESIAN_POINT('',(34.4,16.594609320654,0.8));
#790 = DIRECTION('',(0.806404995856,-0.591363663628,-0.));
#791 = DIRECTION('',(0.591363663628,0.806404995856,0.));
#792 = PCURVE('',#245,#793);
#793 = DEFINITIONAL_REPRESENTATION('',(#794),#797);
#794 = B_SPLINE_CURVE_WITH_KNOTS('',1,(#795,#796),.UNSPECIFIED.,.F.,.F.,
  (2,2),(4.712388980385,6.28318530718),.PIECEWISE_BEZIER_KNOTS.);
#795 = CARTESIAN_POINT('',(0.,0.405390679346));
#796 = CARTESIAN_POINT('',(-1.570796326795,0.405390679346));
#797 = ( GEOMETRIC_REPRESENTATION_CONTEXT(2) 
PARAMETRIC_REPRESENTATION_CONTEXT() REPRESENTATION_CONTEXT('2D SPACE',''
  ) );
#798 = PCURVE('',#799,#804);
#799 = SPHERICAL_SURFACE('',#800,0.8);
#800 = AXIS2_PLACEMENT_3D('',#801,#802,#803);
#801 = CARTESIAN_POINT('',(34.4,16.594609320654,0.8));
#802 = DIRECTION('',(0.,-0.,1.));
#803 = DIRECTION('',(1.,0.,0.));
#804 = DEFINITIONAL_REPRESENTATION('',(#805),#808);
#805 = B_SPLINE_CURVE_WITH_KNOTS('',1,(#806,#807),.UNSPECIFIED.,.F.,.F.,
  (2,2),(4.712388980385,6.28318530718),.PIECEWISE_BEZIER_KNOTS.);
#806 = CARTESIAN_POINT('',(0.938047491793,-1.570796326795));
#807 = CARTESIAN_POINT('',(0.938047491793,0.));
#808 = ( GEOMETRIC_REPRESENTATION_CONTEXT(2) 
PARAMETRIC_REPRESENTATION_CONTEXT() REPRESENTATION_CONTEXT('2D SPACE',''
  ) );
#809 = ORIENTED_EDGE('',*,*,#810,.T.);
#810 = EDGE_CURVE('',#784,#672,#811,.T.);
#811 = SURFACE_CURVE('',#812,(#816,#823),.PCURVE_S1.);
#812 = LINE('',#813,#814);
#813 = CARTESIAN_POINT('',(35.2,17.,0.8));
#814 = VECTOR('',#815,1.);
#815 = DIRECTION('',(-0.806404995856,0.591363663628,0.));
#816 = PCURVE('',#245,#817);
#817 = DEFINITIONAL_REPRESENTATION('',(#818),#822);
#818 = LINE('',#819,#820);
#819 = CARTESIAN_POINT('',(-1.570796326795,0.));
#820 = VECTOR('',#821,1.);
#821 = DIRECTION('',(-0.,1.));
#822 = ( GEOMETRIC_REPRESENTATION_CONTEXT(2) 
PARAMETRIC_REPRESENTATION_CONTEXT() REPRESENTATION_CONTEXT('2D SPACE',''
  ) );
#823 = PCURVE('',#824,#829);
#824 = PLANE('',#825);
#825 = AXIS2_PLACEMENT_3D('',#826,#827,#828);
#826 = CARTESIAN_POINT('',(35.2,17.,0.));
#827 = DIRECTION('',(-0.591363663628,-0.806404995856,0.));
#828 = DIRECTION('',(-0.806404995856,0.591363663628,0.));
#829 = DEFINITIONAL_REPRESENTATION('',(#830),#834);
#830 = LINE('',#831,#832);
#831 = CARTESIAN_POINT('',(-3.552713678801E-15,-0.8));
#832 = VECTOR('',#833,1.);
#833 = DIRECTION('',(1.,0.));
#834 = ( GEOMETRIC_REPRESENTATION_CONTEXT(2) 
PARAMETRIC_REPRESENTATION_CONTEXT() REPRESENTATION_CONTEXT('2D SPACE',''
  ) );
#835 = ORIENTED_EDGE('',*,*,#671,.F.);
#836 = ORIENTED_EDGE('',*,*,#229,.F.);
#837 = ADVANCED_FACE('',(#838),#161,.T.);
#838 = FACE_BOUND('',#839,.T.);
#839 = EDGE_LOOP('',(#840,#867,#895,#915));
#840 = ORIENTED_EDGE('',*,*,#841,.F.);
#841 = EDGE_CURVE('',#842,#146,#844,.T.);
#842 = VERTEX_POINT('',#843);
#843 = CARTESIAN_POINT('',(-35.2,0.8,0.8));
#844 = SURFACE_CURVE('',#845,(#850,#856),.PCURVE_S1.);
#845 = CIRCLE('',#846,0.8);
#846 = AXIS2_PLACEMENT_3D('',#847,#848,#849);
#847 = CARTESIAN_POINT('',(-34.4,0.8,0.8));
#848 = DIRECTION('',(0.,-1.,9.71445146547E-16));
#849 = DIRECTION('',(0.,-9.71445146547E-16,-1.));
#850 = PCURVE('',#161,#851);
#851 = DEFINITIONAL_REPRESENTATION('',(#852),#855);
#852 = B_SPLINE_CURVE_WITH_KNOTS('',1,(#853,#854),.UNSPECIFIED.,.F.,.F.,
  (2,2),(4.712388980385,6.28318530718),.PIECEWISE_BEZIER_KNOTS.);
#853 = CARTESIAN_POINT('',(1.570796326795,0.8));
#854 = CARTESIAN_POINT('',(0.,0.8));
#855 = ( GEOMETRIC_REPRESENTATION_CONTEXT(2) 
PARAMETRIC_REPRESENTATION_CONTEXT() REPRESENTATION_CONTEXT('2D SPACE',''
  ) );
#856 = PCURVE('',#857,#862);
#857 = SPHERICAL_SURFACE('',#858,0.8);
#858 = AXIS2_PLACEMENT_3D('',#859,#860,#861);
#859 = CARTESIAN_POINT('',(-34.4,0.8,0.8));
#860 = DIRECTION('',(1.,0.,0.));
#861 = DIRECTION('',(0.,-9.71445146547E-16,-1.));
#862 = DEFINITIONAL_REPRESENTATION('',(#863),#866);
#863 = B_SPLINE_CURVE_WITH_KNOTS('',1,(#864,#865),.UNSPECIFIED.,.F.,.F.,
  (2,2),(4.712388980385,6.28318530718),.PIECEWISE_BEZIER_KNOTS.);
#864 = CARTESIAN_POINT('',(0.,-1.570796326795));
#865 = CARTESIAN_POINT('',(0.,0.));
#866 = ( GEOMETRIC_REPRESENTATION_CONTEXT(2) 
PARAMETRIC_REPRESENTATION_CONTEXT() REPRESENTATION_CONTEXT('2D SPACE',''
  ) );
#867 = ORIENTED_EDGE('',*,*,#868,.T.);
#868 = EDGE_CURVE('',#842,#869,#871,.T.);
#869 = VERTEX_POINT('',#870);
#870 = CARTESIAN_POINT('',(-35.2,16.594609320654,0.8));
#871 = SURFACE_CURVE('',#872,(#876,#883),.PCURVE_S1.);
#872 = LINE('',#873,#874);
#873 = CARTESIAN_POINT('',(-35.2,0.,0.8));
#874 = VECTOR('',#875,1.);
#875 = DIRECTION('',(0.,1.,0.));
#876 = PCURVE('',#161,#877);
#877 = DEFINITIONAL_REPRESENTATION('',(#878),#882);
#878 = LINE('',#879,#880);
#879 = CARTESIAN_POINT('',(1.570796326795,0.));
#880 = VECTOR('',#881,1.);
#881 = DIRECTION('',(0.,1.));
#882 = ( GEOMETRIC_REPRESENTATION_CONTEXT(2) 
PARAMETRIC_REPRESENTATION_CONTEXT() REPRESENTATION_CONTEXT('2D SPACE',''
  ) );
#883 = PCURVE('',#884,#889);
#884 = PLANE('',#885);
#885 = AXIS2_PLACEMENT_3D('',#886,#887,#888);
#886 = CARTESIAN_POINT('',(-35.2,17.,0.));
#887 = DIRECTION('',(1.,0.,-0.));
#888 = DIRECTION('',(0.,-1.,0.));
#889 = DEFINITIONAL_REPRESENTATION('',(#890),#894);
#890 = LINE('',#891,#892);
#891 = CARTESIAN_POINT('',(17.,-0.8));
#892 = VECTOR('',#893,1.);
#893 = DIRECTION('',(-1.,0.));
#894 = ( GEOMETRIC_REPRESENTATION_CONTEXT(2) 
PARAMETRIC_REPRESENTATION_CONTEXT() REPRESENTATION_CONTEXT('2D SPACE',''
  ) );
#895 = ORIENTED_EDGE('',*,*,#896,.F.);
#896 = EDGE_CURVE('',#118,#869,#897,.T.);
#897 = SURFACE_CURVE('',#898,(#903,#909),.PCURVE_S1.);
#898 = CIRCLE('',#899,0.8);
#899 = AXIS2_PLACEMENT_3D('',#900,#901,#902);
#900 = CARTESIAN_POINT('',(-34.4,16.594609320654,0.8));
#901 = DIRECTION('',(-4.496403249732E-15,1.,0.));
#902 = DIRECTION('',(-1.,-4.496403249732E-15,0.));
#903 = PCURVE('',#161,#904);
#904 = DEFINITIONAL_REPRESENTATION('',(#905),#908);
#905 = B_SPLINE_CURVE_WITH_KNOTS('',1,(#906,#907),.UNSPECIFIED.,.F.,.F.,
  (2,2),(4.712388980385,6.28318530718),.PIECEWISE_BEZIER_KNOTS.);
#906 = CARTESIAN_POINT('',(0.,16.594609320654));
#907 = CARTESIAN_POINT('',(1.570796326795,16.594609320654));
#908 = ( GEOMETRIC_REPRESENTATION_CONTEXT(2) 
PARAMETRIC_REPRESENTATION_CONTEXT() REPRESENTATION_CONTEXT('2D SPACE',''
  ) );
#909 = PCURVE('',#768,#910);
#910 = DEFINITIONAL_REPRESENTATION('',(#911),#914);
#911 = B_SPLINE_CURVE_WITH_KNOTS('',1,(#912,#913),.UNSPECIFIED.,.F.,.F.,
  (2,2),(4.712388980385,6.28318530718),.PIECEWISE_BEZIER_KNOTS.);
#912 = CARTESIAN_POINT('',(0.938047491793,-1.570796326795));
#913 = CARTESIAN_POINT('',(0.938047491793,0.));
#914 = ( GEOMETRIC_REPRESENTATION_CONTEXT(2) 
PARAMETRIC_REPRESENTATION_CONTEXT() REPRESENTATION_CONTEXT('2D SPACE',''
  ) );
#915 = ORIENTED_EDGE('',*,*,#145,.F.);
#916 = ADVANCED_FACE('',(#917),#217,.T.);
#917 = FACE_BOUND('',#918,.T.);
#918 = EDGE_LOOP('',(#919,#941,#969,#994));
#919 = ORIENTED_EDGE('',*,*,#920,.T.);
#920 = EDGE_CURVE('',#202,#921,#923,.T.);
#921 = VERTEX_POINT('',#922);
#922 = CARTESIAN_POINT('',(35.2,16.594609320654,0.8));
#923 = SURFACE_CURVE('',#924,(#929,#935),.PCURVE_S1.);
#924 = CIRCLE('',#925,0.8);
#925 = AXIS2_PLACEMENT_3D('',#926,#927,#928);
#926 = CARTESIAN_POINT('',(34.4,16.594609320654,0.8));
#927 = DIRECTION('',(0.,-1.,-0.));
#928 = DIRECTION('',(1.,0.,0.));
#929 = PCURVE('',#217,#930);
#930 = DEFINITIONAL_REPRESENTATION('',(#931),#934);
#931 = B_SPLINE_CURVE_WITH_KNOTS('',1,(#932,#933),.UNSPECIFIED.,.F.,.F.,
  (2,2),(4.712388980385,6.28318530718),.PIECEWISE_BEZIER_KNOTS.);
#932 = CARTESIAN_POINT('',(0.,0.405390679346));
#933 = CARTESIAN_POINT('',(1.570796326795,0.405390679346));
#934 = ( GEOMETRIC_REPRESENTATION_CONTEXT(2) 
PARAMETRIC_REPRESENTATION_CONTEXT() REPRESENTATION_CONTEXT('2D SPACE',''
  ) );
#935 = PCURVE('',#799,#936);
#936 = DEFINITIONAL_REPRESENTATION('',(#937),#940);
#937 = B_SPLINE_CURVE_WITH_KNOTS('',1,(#938,#939),.UNSPECIFIED.,.F.,.F.,
  (2,2),(4.712388980385,6.28318530718),.PIECEWISE_BEZIER_KNOTS.);
#938 = CARTESIAN_POINT('',(0.,-1.570796326795));
#939 = CARTESIAN_POINT('',(0.,0.));
#940 = ( GEOMETRIC_REPRESENTATION_CONTEXT(2) 
PARAMETRIC_REPRESENTATION_CONTEXT() REPRESENTATION_CONTEXT('2D SPACE',''
  ) );
#941 = ORIENTED_EDGE('',*,*,#942,.T.);
#942 = EDGE_CURVE('',#921,#943,#945,.T.);
#943 = VERTEX_POINT('',#944);
#944 = CARTESIAN_POINT('',(35.2,0.8,0.8));
#945 = SURFACE_CURVE('',#946,(#950,#957),.PCURVE_S1.);
#946 = LINE('',#947,#948);
#947 = CARTESIAN_POINT('',(35.2,17.,0.8));
#948 = VECTOR('',#949,1.);
#949 = DIRECTION('',(0.,-1.,0.));
#950 = PCURVE('',#217,#951);
#951 = DEFINITIONAL_REPRESENTATION('',(#952),#956);
#952 = LINE('',#953,#954);
#953 = CARTESIAN_POINT('',(1.570796326795,0.));
#954 = VECTOR('',#955,1.);
#955 = DIRECTION('',(0.,1.));
#956 = ( GEOMETRIC_REPRESENTATION_CONTEXT(2) 
PARAMETRIC_REPRESENTATION_CONTEXT() REPRESENTATION_CONTEXT('2D SPACE',''
  ) );
#957 = PCURVE('',#958,#963);
#958 = PLANE('',#959);
#959 = AXIS2_PLACEMENT_3D('',#960,#961,#962);
#960 = CARTESIAN_POINT('',(35.2,2.5,0.));
#961 = DIRECTION('',(-1.,0.,0.));
#962 = DIRECTION('',(0.,1.,0.));
#963 = DEFINITIONAL_REPRESENTATION('',(#964),#968);
#964 = LINE('',#965,#966);
#965 = CARTESIAN_POINT('',(14.5,-0.8));
#966 = VECTOR('',#967,1.);
#967 = DIRECTION('',(-1.,0.));
#968 = ( GEOMETRIC_REPRESENTATION_CONTEXT(2) 
PARAMETRIC_REPRESENTATION_CONTEXT() REPRESENTATION_CONTEXT('2D SPACE',''
  ) );
#969 = ORIENTED_EDGE('',*,*,#970,.T.);
#970 = EDGE_CURVE('',#943,#174,#971,.T.);
#971 = SURFACE_CURVE('',#972,(#977,#983),.PCURVE_S1.);
#972 = CIRCLE('',#973,0.8);
#973 = AXIS2_PLACEMENT_3D('',#974,#975,#976);
#974 = CARTESIAN_POINT('',(34.4,0.8,0.8));
#975 = DIRECTION('',(0.,1.,1.387778780781E-16));
#976 = DIRECTION('',(0.,1.387778780781E-16,-1.));
#977 = PCURVE('',#217,#978);
#978 = DEFINITIONAL_REPRESENTATION('',(#979),#982);
#979 = B_SPLINE_CURVE_WITH_KNOTS('',1,(#980,#981),.UNSPECIFIED.,.F.,.F.,
  (2,2),(4.712388980385,6.28318530718),.PIECEWISE_BEZIER_KNOTS.);
#980 = CARTESIAN_POINT('',(1.570796326795,16.2));
#981 = CARTESIAN_POINT('',(0.,16.2));
#982 = ( GEOMETRIC_REPRESENTATION_CONTEXT(2) 
PARAMETRIC_REPRESENTATION_CONTEXT() REPRESENTATION_CONTEXT('2D SPACE',''
  ) );
#983 = PCURVE('',#984,#989);
#984 = SPHERICAL_SURFACE('',#985,0.8);
#985 = AXIS2_PLACEMENT_3D('',#986,#987,#988);
#986 = CARTESIAN_POINT('',(34.4,0.8,0.8));
#987 = DIRECTION('',(-1.,0.,0.));
#988 = DIRECTION('',(0.,1.387778780781E-16,-1.));
#989 = DEFINITIONAL_REPRESENTATION('',(#990),#993);
#990 = B_SPLINE_CURVE_WITH_KNOTS('',1,(#991,#992),.UNSPECIFIED.,.F.,.F.,
  (2,2),(4.712388980385,6.28318530718),.PIECEWISE_BEZIER_KNOTS.);
#991 = CARTESIAN_POINT('',(0.,-1.570796326795));
#992 = CARTESIAN_POINT('',(0.,0.));
#993 = ( GEOMETRIC_REPRESENTATION_CONTEXT(2) 
PARAMETRIC_REPRESENTATION_CONTEXT() REPRESENTATION_CONTEXT('2D SPACE',''
  ) );
#994 = ORIENTED_EDGE('',*,*,#201,.F.);
#995 = ADVANCED_FACE('',(#996),#189,.T.);
#996 = FACE_BOUND('',#997,.T.);
#997 = EDGE_LOOP('',(#998,#999,#1023,#1051));
#998 = ORIENTED_EDGE('',*,*,#173,.F.);
#999 = ORIENTED_EDGE('',*,*,#1000,.T.);
#1000 = EDGE_CURVE('',#174,#1001,#1003,.T.);
#1001 = VERTEX_POINT('',#1002);
#1002 = CARTESIAN_POINT('',(34.4,-1.110223024625E-16,0.8));
#1003 = SURFACE_CURVE('',#1004,(#1009,#1016),.PCURVE_S1.);
#1004 = CIRCLE('',#1005,0.8);
#1005 = AXIS2_PLACEMENT_3D('',#1006,#1007,#1008);
#1006 = CARTESIAN_POINT('',(34.4,0.8,0.8));
#1007 = DIRECTION('',(-1.,0.,0.));
#1008 = DIRECTION('',(0.,1.387778780781E-16,-1.));
#1009 = PCURVE('',#189,#1010);
#1010 = DEFINITIONAL_REPRESENTATION('',(#1011),#1015);
#1011 = LINE('',#1012,#1013);
#1012 = CARTESIAN_POINT('',(0.,0.8));
#1013 = VECTOR('',#1014,1.);
#1014 = DIRECTION('',(1.,0.));
#1015 = ( GEOMETRIC_REPRESENTATION_CONTEXT(2) 
PARAMETRIC_REPRESENTATION_CONTEXT() REPRESENTATION_CONTEXT('2D SPACE',''
  ) );
#1016 = PCURVE('',#984,#1017);
#1017 = DEFINITIONAL_REPRESENTATION('',(#1018),#1022);
#1018 = LINE('',#1019,#1020);
#1019 = CARTESIAN_POINT('',(0.,0.));
#1020 = VECTOR('',#1021,1.);
#1021 = DIRECTION('',(1.,0.));
#1022 = ( GEOMETRIC_REPRESENTATION_CONTEXT(2) 
PARAMETRIC_REPRESENTATION_CONTEXT() REPRESENTATION_CONTEXT('2D SPACE',''
  ) );
#1023 = ORIENTED_EDGE('',*,*,#1024,.T.);
#1024 = EDGE_CURVE('',#1001,#1025,#1027,.T.);
#1025 = VERTEX_POINT('',#1026);
#1026 = CARTESIAN_POINT('',(-34.4,-1.110223024625E-16,0.8));
#1027 = SURFACE_CURVE('',#1028,(#1032,#1039),.PCURVE_S1.);
#1028 = LINE('',#1029,#1030);
#1029 = CARTESIAN_POINT('',(35.2,-1.110223024625E-16,0.8));
#1030 = VECTOR('',#1031,1.);
#1031 = DIRECTION('',(-1.,0.,0.));
#1032 = PCURVE('',#189,#1033);
#1033 = DEFINITIONAL_REPRESENTATION('',(#1034),#1038);
#1034 = LINE('',#1035,#1036);
#1035 = CARTESIAN_POINT('',(1.570796326795,0.));
#1036 = VECTOR('',#1037,1.);
#1037 = DIRECTION('',(0.,1.));
#1038 = ( GEOMETRIC_REPRESENTATION_CONTEXT(2) 
PARAMETRIC_REPRESENTATION_CONTEXT() REPRESENTATION_CONTEXT('2D SPACE',''
  ) );
#1039 = PCURVE('',#1040,#1045);
#1040 = PLANE('',#1041);
#1041 = AXIS2_PLACEMENT_3D('',#1042,#1043,#1044);
#1042 = CARTESIAN_POINT('',(-20.2,0.,5.));
#1043 = DIRECTION('',(-0.,1.,0.));
#1044 = DIRECTION('',(0.,0.,-1.));
#1045 = DEFINITIONAL_REPRESENTATION('',(#1046),#1050);
#1046 = LINE('',#1047,#1048);
#1047 = CARTESIAN_POINT('',(4.2,-55.4));
#1048 = VECTOR('',#1049,1.);
#1049 = DIRECTION('',(0.,1.));
#1050 = ( GEOMETRIC_REPRESENTATION_CONTEXT(2) 
PARAMETRIC_REPRESENTATION_CONTEXT() REPRESENTATION_CONTEXT('2D SPACE',''
  ) );
#1051 = ORIENTED_EDGE('',*,*,#1052,.F.);
#1052 = EDGE_CURVE('',#146,#1025,#1053,.T.);
#1053 = SURFACE_CURVE('',#1054,(#1059,#1066),.PCURVE_S1.);
#1054 = CIRCLE('',#1055,0.8);
#1055 = AXIS2_PLACEMENT_3D('',#1056,#1057,#1058);
#1056 = CARTESIAN_POINT('',(-34.4,0.8,0.8));
#1057 = DIRECTION('',(-1.,-0.,0.));
#1058 = DIRECTION('',(0.,-9.71445146547E-16,-1.));
#1059 = PCURVE('',#189,#1060);
#1060 = DEFINITIONAL_REPRESENTATION('',(#1061),#1065);
#1061 = LINE('',#1062,#1063);
#1062 = CARTESIAN_POINT('',(0.,69.6));
#1063 = VECTOR('',#1064,1.);
#1064 = DIRECTION('',(1.,0.));
#1065 = ( GEOMETRIC_REPRESENTATION_CONTEXT(2) 
PARAMETRIC_REPRESENTATION_CONTEXT() REPRESENTATION_CONTEXT('2D SPACE',''
  ) );
#1066 = PCURVE('',#857,#1067);
#1067 = DEFINITIONAL_REPRESENTATION('',(#1068),#1072);
#1068 = LINE('',#1069,#1070);
#1069 = CARTESIAN_POINT('',(-0.,0.));
#1070 = VECTOR('',#1071,1.);
#1071 = DIRECTION('',(-1.,0.));
#1072 = ( GEOMETRIC_REPRESENTATION_CONTEXT(2) 
PARAMETRIC_REPRESENTATION_CONTEXT() REPRESENTATION_CONTEXT('2D SPACE',''
  ) );
#1073 = ADVANCED_FACE('',(#1074),#335,.F.);
#1074 = FACE_BOUND('',#1075,.F.);
#1075 = EDGE_LOOP('',(#1076,#1105,#1126,#1127));
#1076 = ORIENTED_EDGE('',*,*,#1077,.F.);
#1077 = EDGE_CURVE('',#1078,#1078,#1080,.T.);
#1078 = VERTEX_POINT('',#1079);
#1079 = CARTESIAN_POINT('',(27.8,9.9,2.9));
#1080 = SURFACE_CURVE('',#1081,(#1086,#1093),.PCURVE_S1.);
#1081 = CIRCLE('',#1082,2.5);
#1082 = AXIS2_PLACEMENT_3D('',#1083,#1084,#1085);
#1083 = CARTESIAN_POINT('',(25.3,9.9,2.9));
#1084 = DIRECTION('',(0.,0.,1.));
#1085 = DIRECTION('',(1.,0.,-0.));
#1086 = PCURVE('',#335,#1087);
#1087 = DEFINITIONAL_REPRESENTATION('',(#1088),#1092);
#1088 = LINE('',#1089,#1090);
#1089 = CARTESIAN_POINT('',(0.,3.9));
#1090 = VECTOR('',#1091,1.);
#1091 = DIRECTION('',(1.,0.));
#1092 = ( GEOMETRIC_REPRESENTATION_CONTEXT(2) 
PARAMETRIC_REPRESENTATION_CONTEXT() REPRESENTATION_CONTEXT('2D SPACE',''
  ) );
#1093 = PCURVE('',#1094,#1099);
#1094 = PLANE('',#1095);
#1095 = AXIS2_PLACEMENT_3D('',#1096,#1097,#1098);
#1096 = CARTESIAN_POINT('',(25.3,9.9,2.9));
#1097 = DIRECTION('',(0.,0.,1.));
#1098 = DIRECTION('',(1.,0.,-0.));
#1099 = DEFINITIONAL_REPRESENTATION('',(#1100),#1104);
#1100 = CIRCLE('',#1101,2.5);
#1101 = AXIS2_PLACEMENT_2D('',#1102,#1103);
#1102 = CARTESIAN_POINT('',(0.,0.));
#1103 = DIRECTION('',(1.,0.));
#1104 = ( GEOMETRIC_REPRESENTATION_CONTEXT(2) 
PARAMETRIC_REPRESENTATION_CONTEXT() REPRESENTATION_CONTEXT('2D SPACE',''
  ) );
#1105 = ORIENTED_EDGE('',*,*,#1106,.F.);
#1106 = EDGE_CURVE('',#319,#1078,#1107,.T.);
#1107 = SEAM_CURVE('',#1108,(#1112,#1119),.PCURVE_S1.);
#1108 = LINE('',#1109,#1110);
#1109 = CARTESIAN_POINT('',(27.8,9.9,-1.));
#1110 = VECTOR('',#1111,1.);
#1111 = DIRECTION('',(0.,0.,1.));
#1112 = PCURVE('',#335,#1113);
#1113 = DEFINITIONAL_REPRESENTATION('',(#1114),#1118);
#1114 = LINE('',#1115,#1116);
#1115 = CARTESIAN_POINT('',(6.28318530718,-0.));
#1116 = VECTOR('',#1117,1.);
#1117 = DIRECTION('',(0.,1.));
#1118 = ( GEOMETRIC_REPRESENTATION_CONTEXT(2) 
PARAMETRIC_REPRESENTATION_CONTEXT() REPRESENTATION_CONTEXT('2D SPACE',''
  ) );
#1119 = PCURVE('',#335,#1120);
#1120 = DEFINITIONAL_REPRESENTATION('',(#1121),#1125);
#1121 = LINE('',#1122,#1123);
#1122 = CARTESIAN_POINT('',(0.,-0.));
#1123 = VECTOR('',#1124,1.);
#1124 = DIRECTION('',(0.,1.));
#1125 = ( GEOMETRIC_REPRESENTATION_CONTEXT(2) 
PARAMETRIC_REPRESENTATION_CONTEXT() REPRESENTATION_CONTEXT('2D SPACE',''
  ) );
#1126 = ORIENTED_EDGE('',*,*,#318,.T.);
#1127 = ORIENTED_EDGE('',*,*,#1106,.T.);
#1128 = ADVANCED_FACE('',(#1129),#366,.F.);
#1129 = FACE_BOUND('',#1130,.F.);
#1130 = EDGE_LOOP('',(#1131,#1160,#1181,#1182));
#1131 = ORIENTED_EDGE('',*,*,#1132,.F.);
#1132 = EDGE_CURVE('',#1133,#1133,#1135,.T.);
#1133 = VERTEX_POINT('',#1134);
#1134 = CARTESIAN_POINT('',(-22.8,9.9,2.9));
#1135 = SURFACE_CURVE('',#1136,(#1141,#1148),.PCURVE_S1.);
#1136 = CIRCLE('',#1137,2.5);
#1137 = AXIS2_PLACEMENT_3D('',#1138,#1139,#1140);
#1138 = CARTESIAN_POINT('',(-25.3,9.9,2.9));
#1139 = DIRECTION('',(0.,0.,1.));
#1140 = DIRECTION('',(1.,0.,-0.));
#1141 = PCURVE('',#366,#1142);
#1142 = DEFINITIONAL_REPRESENTATION('',(#1143),#1147);
#1143 = LINE('',#1144,#1145);
#1144 = CARTESIAN_POINT('',(0.,3.9));
#1145 = VECTOR('',#1146,1.);
#1146 = DIRECTION('',(1.,0.));
#1147 = ( GEOMETRIC_REPRESENTATION_CONTEXT(2) 
PARAMETRIC_REPRESENTATION_CONTEXT() REPRESENTATION_CONTEXT('2D SPACE',''
  ) );
#1148 = PCURVE('',#1149,#1154);
#1149 = PLANE('',#1150);
#1150 = AXIS2_PLACEMENT_3D('',#1151,#1152,#1153);
#1151 = CARTESIAN_POINT('',(-25.3,9.9,2.9));
#1152 = DIRECTION('',(0.,0.,1.));
#1153 = DIRECTION('',(1.,0.,-0.));
#1154 = DEFINITIONAL_REPRESENTATION('',(#1155),#1159);
#1155 = CIRCLE('',#1156,2.5);
#1156 = AXIS2_PLACEMENT_2D('',#1157,#1158);
#1157 = CARTESIAN_POINT('',(0.,0.));
#1158 = DIRECTION('',(1.,0.));
#1159 = ( GEOMETRIC_REPRESENTATION_CONTEXT(2) 
PARAMETRIC_REPRESENTATION_CONTEXT() REPRESENTATION_CONTEXT('2D SPACE',''
  ) );
#1160 = ORIENTED_EDGE('',*,*,#1161,.F.);
#1161 = EDGE_CURVE('',#350,#1133,#1162,.T.);
#1162 = SEAM_CURVE('',#1163,(#1167,#1174),.PCURVE_S1.);
#1163 = LINE('',#1164,#1165);
#1164 = CARTESIAN_POINT('',(-22.8,9.9,-1.));
#1165 = VECTOR('',#1166,1.);
#1166 = DIRECTION('',(0.,0.,1.));
#1167 = PCURVE('',#366,#1168);
#1168 = DEFINITIONAL_REPRESENTATION('',(#1169),#1173);
#1169 = LINE('',#1170,#1171);
#1170 = CARTESIAN_POINT('',(6.28318530718,-0.));
#1171 = VECTOR('',#1172,1.);
#1172 = DIRECTION('',(0.,1.));
#1173 = ( GEOMETRIC_REPRESENTATION_CONTEXT(2) 
PARAMETRIC_REPRESENTATION_CONTEXT() REPRESENTATION_CONTEXT('2D SPACE',''
  ) );
#1174 = PCURVE('',#366,#1175);
#1175 = DEFINITIONAL_REPRESENTATION('',(#1176),#1180);
#1176 = LINE('',#1177,#1178);
#1177 = CARTESIAN_POINT('',(0.,-0.));
#1178 = VECTOR('',#1179,1.);
#1179 = DIRECTION('',(0.,1.));
#1180 = ( GEOMETRIC_REPRESENTATION_CONTEXT(2) 
PARAMETRIC_REPRESENTATION_CONTEXT() REPRESENTATION_CONTEXT('2D SPACE',''
  ) );
#1181 = ORIENTED_EDGE('',*,*,#349,.T.);
#1182 = ORIENTED_EDGE('',*,*,#1161,.T.);
#1183 = ADVANCED_FACE('',(#1184),#454,.T.);
#1184 = FACE_BOUND('',#1185,.F.);
#1185 = EDGE_LOOP('',(#1186,#1187,#1188,#1215));
#1186 = ORIENTED_EDGE('',*,*,#519,.F.);
#1187 = ORIENTED_EDGE('',*,*,#439,.T.);
#1188 = ORIENTED_EDGE('',*,*,#1189,.T.);
#1189 = EDGE_CURVE('',#412,#1190,#1192,.T.);
#1190 = VERTEX_POINT('',#1191);
#1191 = CARTESIAN_POINT('',(-20.2,36.9,20.4));
#1192 = SURFACE_CURVE('',#1193,(#1198,#1204),.PCURVE_S1.);
#1193 = CIRCLE('',#1194,0.8);
#1194 = AXIS2_PLACEMENT_3D('',#1195,#1196,#1197);
#1195 = CARTESIAN_POINT('',(-19.4,36.9,20.4));
#1196 = DIRECTION('',(0.,-1.,1.224646799147E-16));
#1197 = DIRECTION('',(-0.,1.224646799147E-16,1.));
#1198 = PCURVE('',#454,#1199);
#1199 = DEFINITIONAL_REPRESENTATION('',(#1200),#1203);
#1200 = B_SPLINE_CURVE_WITH_KNOTS('',1,(#1201,#1202),.UNSPECIFIED.,.F.,
  .F.,(2,2),(0.,1.570796326795),.PIECEWISE_BEZIER_KNOTS.);
#1201 = CARTESIAN_POINT('',(-3.14159265359,0.));
#1202 = CARTESIAN_POINT('',(-3.14159265359,1.570796326795));
#1203 = ( GEOMETRIC_REPRESENTATION_CONTEXT(2) 
PARAMETRIC_REPRESENTATION_CONTEXT() REPRESENTATION_CONTEXT('2D SPACE',''
  ) );
#1204 = PCURVE('',#1205,#1210);
#1205 = CYLINDRICAL_SURFACE('',#1206,0.8);
#1206 = AXIS2_PLACEMENT_3D('',#1207,#1208,#1209);
#1207 = CARTESIAN_POINT('',(-19.4,36.9,20.4));
#1208 = DIRECTION('',(0.,-1.,0.));
#1209 = DIRECTION('',(-0.,0.,1.));
#1210 = DEFINITIONAL_REPRESENTATION('',(#1211),#1214);
#1211 = B_SPLINE_CURVE_WITH_KNOTS('',1,(#1212,#1213),.UNSPECIFIED.,.F.,
  .F.,(2,2),(0.,1.570796326795),.PIECEWISE_BEZIER_KNOTS.);
#1212 = CARTESIAN_POINT('',(0.,0.));
#1213 = CARTESIAN_POINT('',(1.570796326795,0.));
#1214 = ( GEOMETRIC_REPRESENTATION_CONTEXT(2) 
PARAMETRIC_REPRESENTATION_CONTEXT() REPRESENTATION_CONTEXT('2D SPACE',''
  ) );
#1215 = ORIENTED_EDGE('',*,*,#1216,.F.);
#1216 = EDGE_CURVE('',#492,#1190,#1217,.T.);
#1217 = SURFACE_CURVE('',#1218,(#1223,#1230),.PCURVE_S1.);
#1218 = CIRCLE('',#1219,9.8);
#1219 = AXIS2_PLACEMENT_3D('',#1220,#1221,#1222);
#1220 = CARTESIAN_POINT('',(-20.2,36.9,10.6));
#1221 = DIRECTION('',(1.,0.,0.));
#1222 = DIRECTION('',(0.,0.,-1.));
#1223 = PCURVE('',#454,#1224);
#1224 = DEFINITIONAL_REPRESENTATION('',(#1225),#1229);
#1225 = LINE('',#1226,#1227);
#1226 = CARTESIAN_POINT('',(-0.,1.570796326795));
#1227 = VECTOR('',#1228,1.);
#1228 = DIRECTION('',(-1.,0.));
#1229 = ( GEOMETRIC_REPRESENTATION_CONTEXT(2) 
PARAMETRIC_REPRESENTATION_CONTEXT() REPRESENTATION_CONTEXT('2D SPACE',''
  ) );
#1230 = PCURVE('',#507,#1231);
#1231 = DEFINITIONAL_REPRESENTATION('',(#1232),#1236);
#1232 = CIRCLE('',#1233,9.8);
#1233 = AXIS2_PLACEMENT_2D('',#1234,#1235);
#1234 = CARTESIAN_POINT('',(10.145617018824,1.45345255034));
#1235 = DIRECTION('',(0.,-1.));
#1236 = ( GEOMETRIC_REPRESENTATION_CONTEXT(2) 
PARAMETRIC_REPRESENTATION_CONTEXT() REPRESENTATION_CONTEXT('2D SPACE',''
  ) );
#1237 = ADVANCED_FACE('',(#1238),#399,.T.);
#1238 = FACE_BOUND('',#1239,.T.);
#1239 = EDGE_LOOP('',(#1240,#1241,#1242,#1269));
#1240 = ORIENTED_EDGE('',*,*,#593,.F.);
#1241 = ORIENTED_EDGE('',*,*,#382,.T.);
#1242 = ORIENTED_EDGE('',*,*,#1243,.T.);
#1243 = EDGE_CURVE('',#383,#1244,#1246,.T.);
#1244 = VERTEX_POINT('',#1245);
#1245 = CARTESIAN_POINT('',(20.2,36.9,20.4));
#1246 = SURFACE_CURVE('',#1247,(#1252,#1258),.PCURVE_S1.);
#1247 = CIRCLE('',#1248,0.8);
#1248 = AXIS2_PLACEMENT_3D('',#1249,#1250,#1251);
#1249 = CARTESIAN_POINT('',(19.4,36.9,20.4));
#1250 = DIRECTION('',(0.,1.,-1.224646799147E-16));
#1251 = DIRECTION('',(0.,1.224646799147E-16,1.));
#1252 = PCURVE('',#399,#1253);
#1253 = DEFINITIONAL_REPRESENTATION('',(#1254),#1257);
#1254 = B_SPLINE_CURVE_WITH_KNOTS('',1,(#1255,#1256),.UNSPECIFIED.,.F.,
  .F.,(2,2),(0.,1.570796326795),.PIECEWISE_BEZIER_KNOTS.);
#1255 = CARTESIAN_POINT('',(3.14159265359,0.));
#1256 = CARTESIAN_POINT('',(3.14159265359,1.570796326795));
#1257 = ( GEOMETRIC_REPRESENTATION_CONTEXT(2) 
PARAMETRIC_REPRESENTATION_CONTEXT() REPRESENTATION_CONTEXT('2D SPACE',''
  ) );
#1258 = PCURVE('',#1259,#1264);
#1259 = CYLINDRICAL_SURFACE('',#1260,0.8);
#1260 = AXIS2_PLACEMENT_3D('',#1261,#1262,#1263);
#1261 = CARTESIAN_POINT('',(19.4,36.9,20.4));
#1262 = DIRECTION('',(0.,-1.,0.));
#1263 = DIRECTION('',(-0.,0.,1.));
#1264 = DEFINITIONAL_REPRESENTATION('',(#1265),#1268);
#1265 = B_SPLINE_CURVE_WITH_KNOTS('',1,(#1266,#1267),.UNSPECIFIED.,.F.,
  .F.,(2,2),(0.,1.570796326795),.PIECEWISE_BEZIER_KNOTS.);
#1266 = CARTESIAN_POINT('',(0.,0.));
#1267 = CARTESIAN_POINT('',(-1.570796326795,0.));
#1268 = ( GEOMETRIC_REPRESENTATION_CONTEXT(2) 
PARAMETRIC_REPRESENTATION_CONTEXT() REPRESENTATION_CONTEXT('2D SPACE',''
  ) );
#1269 = ORIENTED_EDGE('',*,*,#1270,.F.);
#1270 = EDGE_CURVE('',#566,#1244,#1271,.T.);
#1271 = SURFACE_CURVE('',#1272,(#1277,#1284),.PCURVE_S1.);
#1272 = CIRCLE('',#1273,9.8);
#1273 = AXIS2_PLACEMENT_3D('',#1274,#1275,#1276);
#1274 = CARTESIAN_POINT('',(20.2,36.9,10.6));
#1275 = DIRECTION('',(1.,0.,0.));
#1276 = DIRECTION('',(0.,0.,-1.));
#1277 = PCURVE('',#399,#1278);
#1278 = DEFINITIONAL_REPRESENTATION('',(#1279),#1283);
#1279 = LINE('',#1280,#1281);
#1280 = CARTESIAN_POINT('',(0.,1.570796326795));
#1281 = VECTOR('',#1282,1.);
#1282 = DIRECTION('',(1.,0.));
#1283 = ( GEOMETRIC_REPRESENTATION_CONTEXT(2) 
PARAMETRIC_REPRESENTATION_CONTEXT() REPRESENTATION_CONTEXT('2D SPACE',''
  ) );
#1284 = PCURVE('',#581,#1285);
#1285 = DEFINITIONAL_REPRESENTATION('',(#1286),#1290);
#1286 = CIRCLE('',#1287,9.8);
#1287 = AXIS2_PLACEMENT_2D('',#1288,#1289);
#1288 = CARTESIAN_POINT('',(10.145617018824,1.45345255034));
#1289 = DIRECTION('',(0.,-1.));
#1290 = ( GEOMETRIC_REPRESENTATION_CONTEXT(2) 
PARAMETRIC_REPRESENTATION_CONTEXT() REPRESENTATION_CONTEXT('2D SPACE',''
  ) );
#1291 = ADVANCED_FACE('',(#1292),#427,.F.);
#1292 = FACE_BOUND('',#1293,.F.);
#1293 = EDGE_LOOP('',(#1294,#1295,#1318,#1378));
#1294 = ORIENTED_EDGE('',*,*,#411,.T.);
#1295 = ORIENTED_EDGE('',*,*,#1296,.T.);
#1296 = EDGE_CURVE('',#383,#1297,#1299,.T.);
#1297 = VERTEX_POINT('',#1298);
#1298 = CARTESIAN_POINT('',(19.4,32.111542149719,21.2));
#1299 = SURFACE_CURVE('',#1300,(#1304,#1311),.PCURVE_S1.);
#1300 = LINE('',#1301,#1302);
#1301 = CARTESIAN_POINT('',(19.4,36.9,21.2));
#1302 = VECTOR('',#1303,1.);
#1303 = DIRECTION('',(0.,-1.,0.));
#1304 = PCURVE('',#427,#1305);
#1305 = DEFINITIONAL_REPRESENTATION('',(#1306),#1310);
#1306 = LINE('',#1307,#1308);
#1307 = CARTESIAN_POINT('',(0.,-39.6));
#1308 = VECTOR('',#1309,1.);
#1309 = DIRECTION('',(1.,0.));
#1310 = ( GEOMETRIC_REPRESENTATION_CONTEXT(2) 
PARAMETRIC_REPRESENTATION_CONTEXT() REPRESENTATION_CONTEXT('2D SPACE',''
  ) );
#1311 = PCURVE('',#1259,#1312);
#1312 = DEFINITIONAL_REPRESENTATION('',(#1313),#1317);
#1313 = LINE('',#1314,#1315);
#1314 = CARTESIAN_POINT('',(-0.,0.));
#1315 = VECTOR('',#1316,1.);
#1316 = DIRECTION('',(-0.,1.));
#1317 = ( GEOMETRIC_REPRESENTATION_CONTEXT(2) 
PARAMETRIC_REPRESENTATION_CONTEXT() REPRESENTATION_CONTEXT('2D SPACE',''
  ) );
#1318 = ORIENTED_EDGE('',*,*,#1319,.F.);
#1319 = EDGE_CURVE('',#1320,#1297,#1322,.T.);
#1320 = VERTEX_POINT('',#1321);
#1321 = CARTESIAN_POINT('',(-19.4,32.111542149719,21.2));
#1322 = SURFACE_CURVE('',#1323,(#1327,#1334),.PCURVE_S1.);
#1323 = LINE('',#1324,#1325);
#1324 = CARTESIAN_POINT('',(-20.2,32.111542149719,21.2));
#1325 = VECTOR('',#1326,1.);
#1326 = DIRECTION('',(1.,0.,0.));
#1327 = PCURVE('',#427,#1328);
#1328 = DEFINITIONAL_REPRESENTATION('',(#1329),#1333);
#1329 = LINE('',#1330,#1331);
#1330 = CARTESIAN_POINT('',(4.788457850281,0.));
#1331 = VECTOR('',#1332,1.);
#1332 = DIRECTION('',(0.,-1.));
#1333 = ( GEOMETRIC_REPRESENTATION_CONTEXT(2) 
PARAMETRIC_REPRESENTATION_CONTEXT() REPRESENTATION_CONTEXT('2D SPACE',''
  ) );
#1334 = PCURVE('',#1335,#1372);
#1335 = SURFACE_OF_LINEAR_EXTRUSION('',#1336,#1370);
#1336 = B_SPLINE_CURVE_WITH_KNOTS('',3,(#1337,#1338,#1339,#1340,#1341,
    #1342,#1343,#1344,#1345,#1346,#1347,#1348,#1349,#1350,#1351,#1352,
    #1353,#1354,#1355,#1356,#1357,#1358,#1359,#1360,#1361,#1362,#1363,
    #1364,#1365,#1366,#1367,#1368,#1369),.UNSPECIFIED.,.F.,.F.,(4,1,1,1,
    1,1,1,1,1,1,1,1,1,1,1,1,1,1,1,1,1,1,1,1,1,1,1,1,1,1,4),(0.,
    0.423758554053,0.848149944999,1.273720128008,1.700924360459,
    2.130132566866,2.561635257119,2.995649767733,3.432326636077,
    3.87175595913,4.313973627725,4.758967362268,5.206682505648,
    5.657027553287,6.109879419293,6.565088452276,7.022483225073,
    7.481875130325,7.943062819114,8.405836523293,8.869982304133,
    9.335286270845,9.801538812508,10.268538886204,10.736098402513,
    11.07000685006,11.403743891008,11.737333003374,12.070802840647,
    12.404187494853,12.737526754955),.UNSPECIFIED.);
#1337 = CARTESIAN_POINT('',(-20.2,32.111542149719,21.2));
#1338 = CARTESIAN_POINT('',(-20.2,31.970188972503,21.2));
#1339 = CARTESIAN_POINT('',(-20.2,31.68761902198,21.200242812953));
#1340 = CARTESIAN_POINT('',(-20.2,31.262989496065,21.202228217534));
#1341 = CARTESIAN_POINT('',(-20.2,30.837304203296,21.206772595993));
#1342 = CARTESIAN_POINT('',(-20.2,30.410042547925,21.214849661529));
#1343 = CARTESIAN_POINT('',(-20.2,29.980914371324,21.227461425214));
#1344 = CARTESIAN_POINT('',(-20.2,29.549707785067,21.245630166529));
#1345 = CARTESIAN_POINT('',(-20.2,29.116331304697,21.270390461312));
#1346 = CARTESIAN_POINT('',(-20.2,28.680803000522,21.302781186836));
#1347 = CARTESIAN_POINT('',(-20.2,28.243253314208,21.343837548278));
#1348 = CARTESIAN_POINT('',(-20.2,27.803923563923,21.39458313985));
#1349 = CARTESIAN_POINT('',(-20.2,27.363165002577,21.456022064618));
#1350 = CARTESIAN_POINT('',(-20.2,26.921437124049,21.529131135099));
#1351 = CARTESIAN_POINT('',(-20.2,26.47930558283,21.614852180769));
#1352 = CARTESIAN_POINT('',(-20.2,26.037439633783,21.714084478698));
#1353 = CARTESIAN_POINT('',(-20.2,25.596609152711,21.827677361225));
#1354 = CARTESIAN_POINT('',(-20.2,25.157681147861,21.956422912763));
#1355 = CARTESIAN_POINT('',(-20.2,24.721616126738,22.101049199297));
#1356 = CARTESIAN_POINT('',(-20.2,24.28946301076,22.262212474999));
#1357 = CARTESIAN_POINT('',(-20.2,23.86235756354,22.440494313638));
#1358 = CARTESIAN_POINT('',(-20.2,23.441505766364,22.636381454595));
#1359 = CARTESIAN_POINT('',(-20.2,23.028221816488,22.850311731623));
#1360 = CARTESIAN_POINT('',(-20.2,22.623759781221,23.082473840144));
#1361 = CARTESIAN_POINT('',(-20.2,22.229916036281,23.333530063095));
#1362 = CARTESIAN_POINT('',(-20.2,21.883366719666,23.576240372037));
#1363 = CARTESIAN_POINT('',(-20.2,21.585570054187,23.809666781047));
#1364 = CARTESIAN_POINT('',(-20.2,21.322689614883,24.015699427782));
#1365 = CARTESIAN_POINT('',(-20.2,21.063467520522,24.224126264124));
#1366 = CARTESIAN_POINT('',(-20.2,20.802887375384,24.438096605587));
#1367 = CARTESIAN_POINT('',(-20.2,20.557929322655,24.643449708563));
#1368 = CARTESIAN_POINT('',(-20.2,20.363555483915,24.81078044529));
#1369 = CARTESIAN_POINT('',(-20.2,20.297367137222,24.868368180852));
#1370 = VECTOR('',#1371,1.);
#1371 = DIRECTION('',(-1.,-0.,-0.));
#1372 = DEFINITIONAL_REPRESENTATION('',(#1373),#1377);
#1373 = LINE('',#1374,#1375);
#1374 = CARTESIAN_POINT('',(0.,0.));
#1375 = VECTOR('',#1376,1.);
#1376 = DIRECTION('',(0.,-1.));
#1377 = ( GEOMETRIC_REPRESENTATION_CONTEXT(2) 
PARAMETRIC_REPRESENTATION_CONTEXT() REPRESENTATION_CONTEXT('2D SPACE',''
  ) );
#1378 = ORIENTED_EDGE('',*,*,#1379,.F.);
#1379 = EDGE_CURVE('',#412,#1320,#1380,.T.);
#1380 = SURFACE_CURVE('',#1381,(#1385,#1392),.PCURVE_S1.);
#1381 = LINE('',#1382,#1383);
#1382 = CARTESIAN_POINT('',(-19.4,36.9,21.2));
#1383 = VECTOR('',#1384,1.);
#1384 = DIRECTION('',(0.,-1.,0.));
#1385 = PCURVE('',#427,#1386);
#1386 = DEFINITIONAL_REPRESENTATION('',(#1387),#1391);
#1387 = LINE('',#1388,#1389);
#1388 = CARTESIAN_POINT('',(0.,-0.8));
#1389 = VECTOR('',#1390,1.);
#1390 = DIRECTION('',(1.,0.));
#1391 = ( GEOMETRIC_REPRESENTATION_CONTEXT(2) 
PARAMETRIC_REPRESENTATION_CONTEXT() REPRESENTATION_CONTEXT('2D SPACE',''
  ) );
#1392 = PCURVE('',#1205,#1393);
#1393 = DEFINITIONAL_REPRESENTATION('',(#1394),#1398);
#1394 = LINE('',#1395,#1396);
#1395 = CARTESIAN_POINT('',(0.,0.));
#1396 = VECTOR('',#1397,1.);
#1397 = DIRECTION('',(0.,1.));
#1398 = ( GEOMETRIC_REPRESENTATION_CONTEXT(2) 
PARAMETRIC_REPRESENTATION_CONTEXT() REPRESENTATION_CONTEXT('2D SPACE',''
  ) );
#1399 = ADVANCED_FACE('',(#1400),#507,.F.);
#1400 = FACE_BOUND('',#1401,.F.);
#1401 = EDGE_LOOP('',(#1402,#1403,#1404,#1427,#1563,#1591,#1620,#1648,
    #1681,#1709));
#1402 = ORIENTED_EDGE('',*,*,#491,.T.);
#1403 = ORIENTED_EDGE('',*,*,#1216,.T.);
#1404 = ORIENTED_EDGE('',*,*,#1405,.T.);
#1405 = EDGE_CURVE('',#1190,#1406,#1408,.T.);
#1406 = VERTEX_POINT('',#1407);
#1407 = CARTESIAN_POINT('',(-20.2,32.111542149719,20.4));
#1408 = SURFACE_CURVE('',#1409,(#1413,#1420),.PCURVE_S1.);
#1409 = LINE('',#1410,#1411);
#1410 = CARTESIAN_POINT('',(-20.2,36.9,20.4));
#1411 = VECTOR('',#1412,1.);
#1412 = DIRECTION('',(0.,-1.,0.));
#1413 = PCURVE('',#507,#1414);
#1414 = DEFINITIONAL_REPRESENTATION('',(#1415),#1419);
#1415 = LINE('',#1416,#1417);
#1416 = CARTESIAN_POINT('',(10.145617018824,11.25345255034));
#1417 = VECTOR('',#1418,1.);
#1418 = DIRECTION('',(-1.,0.));
#1419 = ( GEOMETRIC_REPRESENTATION_CONTEXT(2) 
PARAMETRIC_REPRESENTATION_CONTEXT() REPRESENTATION_CONTEXT('2D SPACE',''
  ) );
#1420 = PCURVE('',#1205,#1421);
#1421 = DEFINITIONAL_REPRESENTATION('',(#1422),#1426);
#1422 = LINE('',#1423,#1424);
#1423 = CARTESIAN_POINT('',(1.570796326795,0.));
#1424 = VECTOR('',#1425,1.);
#1425 = DIRECTION('',(0.,1.));
#1426 = ( GEOMETRIC_REPRESENTATION_CONTEXT(2) 
PARAMETRIC_REPRESENTATION_CONTEXT() REPRESENTATION_CONTEXT('2D SPACE',''
  ) );
#1427 = ORIENTED_EDGE('',*,*,#1428,.T.);
#1428 = EDGE_CURVE('',#1406,#1429,#1431,.T.);
#1429 = VERTEX_POINT('',#1430);
#1430 = CARTESIAN_POINT('',(-20.2,30.098484500494,20.423961887339));
#1431 = SURFACE_CURVE('',#1432,(#1459,#1477),.PCURVE_S1.);
#1432 = B_SPLINE_CURVE_WITH_KNOTS('',13,(#1433,#1434,#1435,#1436,#1437,
    #1438,#1439,#1440,#1441,#1442,#1443,#1444,#1445,#1446,#1447,#1448,
    #1449,#1450,#1451,#1452,#1453,#1454,#1455,#1456,#1457,#1458),
  .UNSPECIFIED.,.F.,.F.,(14,12,14),(46.989339978333,52.309622180471,
    52.508902319707),.UNSPECIFIED.);
#1433 = CARTESIAN_POINT('',(-20.2,32.111542149719,20.4));
#1434 = CARTESIAN_POINT('',(-20.19999999999,31.700673846336,
    20.399999999993));
#1435 = CARTESIAN_POINT('',(-20.20000000003,31.289311225954,
    20.400740250251));
#1436 = CARTESIAN_POINT('',(-20.19999999992,30.874983459459,
    20.403240998653));
#1437 = CARTESIAN_POINT('',(-20.20000000015,30.455837441694,
    20.408544661558));
#1438 = CARTESIAN_POINT('',(-20.19999999977,30.048004300377,
    20.417964227789));
#1439 = CARTESIAN_POINT('',(-20.20000000026,29.613756199891,
    20.43223164552));
#1440 = CARTESIAN_POINT('',(-20.19999999974,29.208719673327,
    20.453172425638));
#1441 = CARTESIAN_POINT('',(-20.20000000019,28.775094779558,
    20.481001629347));
#1442 = CARTESIAN_POINT('',(-20.19999999987,28.358700333933,
    20.517489758894));
#1443 = CARTESIAN_POINT('',(-20.20000000006,27.932258124521,
    20.563161889265));
#1444 = CARTESIAN_POINT('',(-20.19999999997,27.508128385407,
    20.619248869987));
#1445 = CARTESIAN_POINT('',(-20.2,27.082537413286,20.686675732249));
#1446 = CARTESIAN_POINT('',(-20.2,26.640500164187,20.769492701728));
#1447 = CARTESIAN_POINT('',(-20.2,26.624540702349,20.772482753509));
#1448 = CARTESIAN_POINT('',(-20.2,26.608581240512,20.775472805289));
#1449 = CARTESIAN_POINT('',(-20.19999999999,26.592621778674,
    20.77846285707));
#1450 = CARTESIAN_POINT('',(-20.19999999999,26.576662316837,
    20.781452908852));
#1451 = CARTESIAN_POINT('',(-20.19999999999,26.560702854999,
    20.784442960633));
#1452 = CARTESIAN_POINT('',(-20.19999999999,26.544743393162,
    20.787433012414));
#1453 = CARTESIAN_POINT('',(-20.19999999999,26.528783931325,
    20.790423064195));
#1454 = CARTESIAN_POINT('',(-20.19999999999,26.512824469487,
    20.793413115976));
#1455 = CARTESIAN_POINT('',(-20.2,26.49686500765,20.796403167757));
#1456 = CARTESIAN_POINT('',(-20.2,26.480905545813,20.799393219538));
#1457 = CARTESIAN_POINT('',(-20.2,26.464946083976,20.80238327132));
#1458 = CARTESIAN_POINT('',(-20.2,26.448986622138,20.805373323101));
#1459 = PCURVE('',#507,#1460);
#1460 = DEFINITIONAL_REPRESENTATION('',(#1461),#1476);
#1461 = B_SPLINE_CURVE_WITH_KNOTS('',13,(#1462,#1463,#1464,#1465,#1466,
    #1467,#1468,#1469,#1470,#1471,#1472,#1473,#1474,#1475),
  .UNSPECIFIED.,.F.,.F.,(14,14),(46.989339978333,52.309622180471),
  .PIECEWISE_BEZIER_KNOTS.);
#1462 = CARTESIAN_POINT('',(5.357159168543,11.25345255034));
#1463 = CARTESIAN_POINT('',(4.946290865169,11.253452550335));
#1464 = CARTESIAN_POINT('',(4.534928244738,11.25419280058));
#1465 = CARTESIAN_POINT('',(4.12060047839,11.256693549021));
#1466 = CARTESIAN_POINT('',(3.701454460313,11.261997211843));
#1467 = CARTESIAN_POINT('',(3.293621319505,11.271416778211));
#1468 = CARTESIAN_POINT('',(2.859373218356,11.285684195763));
#1469 = CARTESIAN_POINT('',(2.454336692494,11.306624976071));
#1470 = CARTESIAN_POINT('',(2.020711798115,11.334454179613));
#1471 = CARTESIAN_POINT('',(1.604317352924,11.37094230928));
#1472 = CARTESIAN_POINT('',(1.177875143263,11.416614439582));
#1473 = CARTESIAN_POINT('',(0.753745404261,11.472701420335));
#1474 = CARTESIAN_POINT('',(0.328154432103,11.540128282587));
#1475 = CARTESIAN_POINT('',(-9.792335515158E-02,11.619955200286));
#1476 = ( GEOMETRIC_REPRESENTATION_CONTEXT(2) 
PARAMETRIC_REPRESENTATION_CONTEXT() REPRESENTATION_CONTEXT('2D SPACE',''
  ) );
#1477 = PCURVE('',#1478,#1557);
#1478 = ( BOUNDED_SURFACE() B_SPLINE_SURFACE(2,13,(
    (#1479,#1480,#1481,#1482,#1483,#1484,#1485,#1486,#1487,#1488,#1489
      ,#1490,#1491,#1492,#1493,#1494,#1495,#1496,#1497,#1498,#1499,#1500
      ,#1501,#1502,#1503,#1504)
    ,(#1505,#1506,#1507,#1508,#1509,#1510,#1511,#1512,#1513,#1514,#1515
      ,#1516,#1517,#1518,#1519,#1520,#1521,#1522,#1523,#1524,#1525,#1526
      ,#1527,#1528,#1529,#1530)
    ,(#1531,#1532,#1533,#1534,#1535,#1536,#1537,#1538,#1539,#1540,#1541
      ,#1542,#1543,#1544,#1545,#1546,#1547,#1548,#1549,#1550,#1551,#1552
      ,#1553,#1554,#1555,#1556
)),.UNSPECIFIED.,.F.,.F.,.F.) B_SPLINE_SURFACE_WITH_KNOTS((3,3),(14,12,
    14),(0.,5.320282202138),(46.989339978333,52.309622180471,
52.508902319707),.UNSPECIFIED.) GEOMETRIC_REPRESENTATION_ITEM() 
RATIONAL_B_SPLINE_SURFACE((
    (1.,1.,1.,1.,1.,1.,1.,1.,1.,1.,1.,1.,1.,1.,1.,1.,1.,1.,1.,1.,1.,1.
      ,1.,1.,1.,1.)
    ,(0.707106781187,0.707106781186,0.707106781188,0.707106781184
      ,0.707106781191,0.70710678118,0.707106781194,0.707106781179
      ,0.707106781192,0.707106781183,0.707106781188,0.707106781186
      ,0.707106781187,0.707106781187,0.707106781187,0.707106781187
      ,0.707106781187,0.707106781187,0.707106781187,0.707106781187
      ,0.707106781187,0.707106781187,0.707106781187,0.707106781187
      ,0.707106781187,0.707106781187)
    ,(1.,1.,1.,1.,1.,1.,1.,1.,1.,1.,1.,1.,1.,1.,1.,1.,1.,1.,1.,1.,1.,1.
,1.,1.,1.,1.))) REPRESENTATION_ITEM('') SURFACE() );
#1479 = CARTESIAN_POINT('',(-19.4,32.111542149719,21.2));
#1480 = CARTESIAN_POINT('',(-19.39999999999,31.702000030517,
    21.199999999993));
#1481 = CARTESIAN_POINT('',(-19.40000000002,31.293683206762,
    21.200738501289));
#1482 = CARTESIAN_POINT('',(-19.39999999992,30.883938816948,
    21.203218303994));
#1483 = CARTESIAN_POINT('',(-19.40000000014,30.471444606828,
    21.208499171922));
#1484 = CARTESIAN_POINT('',(-19.39999999978,30.072555785427,
    21.217704078699));
#1485 = CARTESIAN_POINT('',(-19.40000000025,29.646328961266,
    21.231842787833));
#1486 = CARTESIAN_POINT('',(-19.39999999975,29.256380779179,
    21.252120318083));
#1487 = CARTESIAN_POINT('',(-19.40000000018,28.833200597935,
    21.279268906946));
#1488 = CARTESIAN_POINT('',(-19.39999999988,28.433359738615,
    21.314496109382));
#1489 = CARTESIAN_POINT('',(-19.40000000005,28.022210624559,
    21.358529473456));
#1490 = CARTESIAN_POINT('',(-19.39999999997,27.615316923426,
    21.412413328577));
#1491 = CARTESIAN_POINT('',(-19.4,27.207586711599,21.477065488276));
#1492 = CARTESIAN_POINT('',(-19.4,26.784733147257,21.55638363589));
#1493 = CARTESIAN_POINT('',(-19.4,26.769350972496,21.559268997895));
#1494 = CARTESIAN_POINT('',(-19.4,26.753853470593,21.562175992768));
#1495 = CARTESIAN_POINT('',(-19.39999999999,26.738240641547,
    21.565104620509));
#1496 = CARTESIAN_POINT('',(-19.39999999999,26.722512485357,
    21.568054881119));
#1497 = CARTESIAN_POINT('',(-19.39999999999,26.706669002024,
    21.571026774596));
#1498 = CARTESIAN_POINT('',(-19.39999999999,26.690710191548,
    21.574020300942));
#1499 = CARTESIAN_POINT('',(-19.39999999999,26.674636053929,
    21.577035460155));
#1500 = CARTESIAN_POINT('',(-19.4,26.658446589166,21.580072252237));
#1501 = CARTESIAN_POINT('',(-19.4,26.642141797261,21.583130677187));
#1502 = CARTESIAN_POINT('',(-19.4,26.625721678212,21.586210735005));
#1503 = CARTESIAN_POINT('',(-19.4,26.60918623202,21.589312425691));
#1504 = CARTESIAN_POINT('',(-19.4,26.592535458685,21.592435749245));
#1505 = CARTESIAN_POINT('',(-20.2,32.111542149719,21.2));
#1506 = CARTESIAN_POINT('',(-20.2,31.702000030527,21.2));
#1507 = CARTESIAN_POINT('',(-20.2,31.293683206716,21.200738501258));
#1508 = CARTESIAN_POINT('',(-20.2,30.883938817069,21.203218304076));
#1509 = CARTESIAN_POINT('',(-20.2,30.4714446066,21.208499171766));
#1510 = CARTESIAN_POINT('',(-20.19999999999,30.072555785761,
    21.217704078931));
#1511 = CARTESIAN_POINT('',(-20.2,29.646328960875,21.231842787559));
#1512 = CARTESIAN_POINT('',(-20.19999999999,29.256380779551,
    21.252120318346));
#1513 = CARTESIAN_POINT('',(-20.2,28.83320059765,21.27926890674));
#1514 = CARTESIAN_POINT('',(-20.19999999999,28.433359738792,
    21.314496109511));
#1515 = CARTESIAN_POINT('',(-20.2,28.022210624474,21.358529473392));
#1516 = CARTESIAN_POINT('',(-20.2,27.615316923457,21.4124133286));
#1517 = CARTESIAN_POINT('',(-20.2,27.207586711593,21.477065488271));
#1518 = CARTESIAN_POINT('',(-20.2,26.784733147258,21.55638363589));
#1519 = CARTESIAN_POINT('',(-20.2,26.769350972498,21.559268997895));
#1520 = CARTESIAN_POINT('',(-20.2,26.753853470595,21.562175992768));
#1521 = CARTESIAN_POINT('',(-20.2,26.738240641549,21.56510462051));
#1522 = CARTESIAN_POINT('',(-20.2,26.722512485359,21.568054881119));
#1523 = CARTESIAN_POINT('',(-20.2,26.706669002026,21.571026774597));
#1524 = CARTESIAN_POINT('',(-20.2,26.69071019155,21.574020300942));
#1525 = CARTESIAN_POINT('',(-20.2,26.674636053931,21.577035460156));
#1526 = CARTESIAN_POINT('',(-20.2,26.658446589168,21.580072252238));
#1527 = CARTESIAN_POINT('',(-20.2,26.642141797262,21.583130677187));
#1528 = CARTESIAN_POINT('',(-20.2,26.625721678214,21.586210735005));
#1529 = CARTESIAN_POINT('',(-20.2,26.609186232021,21.589312425691));
#1530 = CARTESIAN_POINT('',(-20.2,26.592535458686,21.592435749245));
#1531 = CARTESIAN_POINT('',(-20.2,32.111542149719,20.4));
#1532 = CARTESIAN_POINT('',(-20.19999999999,31.700673846336,
    20.399999999993));
#1533 = CARTESIAN_POINT('',(-20.20000000003,31.289311225954,
    20.400740250251));
#1534 = CARTESIAN_POINT('',(-20.19999999992,30.874983459459,
    20.403240998653));
#1535 = CARTESIAN_POINT('',(-20.20000000015,30.455837441694,
    20.408544661558));
#1536 = CARTESIAN_POINT('',(-20.19999999977,30.048004300377,
    20.417964227789));
#1537 = CARTESIAN_POINT('',(-20.20000000026,29.613756199891,
    20.43223164552));
#1538 = CARTESIAN_POINT('',(-20.19999999974,29.208719673327,
    20.453172425638));
#1539 = CARTESIAN_POINT('',(-20.20000000019,28.775094779558,
    20.481001629347));
#1540 = CARTESIAN_POINT('',(-20.19999999987,28.358700333933,
    20.517489758894));
#1541 = CARTESIAN_POINT('',(-20.20000000006,27.932258124521,
    20.563161889265));
#1542 = CARTESIAN_POINT('',(-20.19999999997,27.508128385407,
    20.619248869987));
#1543 = CARTESIAN_POINT('',(-20.2,27.082537413286,20.686675732249));
#1544 = CARTESIAN_POINT('',(-20.2,26.640500164187,20.769492701728));
#1545 = CARTESIAN_POINT('',(-20.2,26.624540702349,20.772482753509));
#1546 = CARTESIAN_POINT('',(-20.2,26.608581240512,20.775472805289));
#1547 = CARTESIAN_POINT('',(-20.19999999999,26.592621778674,
    20.77846285707));
#1548 = CARTESIAN_POINT('',(-20.19999999999,26.576662316837,
    20.781452908852));
#1549 = CARTESIAN_POINT('',(-20.19999999999,26.560702854999,
    20.784442960633));
#1550 = CARTESIAN_POINT('',(-20.19999999999,26.544743393162,
    20.787433012414));
#1551 = CARTESIAN_POINT('',(-20.19999999999,26.528783931325,
    20.790423064195));
#1552 = CARTESIAN_POINT('',(-20.19999999999,26.512824469487,
    20.793413115976));
#1553 = CARTESIAN_POINT('',(-20.2,26.49686500765,20.796403167757));
#1554 = CARTESIAN_POINT('',(-20.2,26.480905545813,20.799393219538));
#1555 = CARTESIAN_POINT('',(-20.2,26.464946083976,20.80238327132));
#1556 = CARTESIAN_POINT('',(-20.2,26.448986622138,20.805373323101));
#1557 = DEFINITIONAL_REPRESENTATION('',(#1558),#1562);
#1558 = LINE('',#1559,#1560);
#1559 = CARTESIAN_POINT('',(5.320282202138,0.));
#1560 = VECTOR('',#1561,1.);
#1561 = DIRECTION('',(0.,1.));
#1562 = ( GEOMETRIC_REPRESENTATION_CONTEXT(2) 
PARAMETRIC_REPRESENTATION_CONTEXT() REPRESENTATION_CONTEXT('2D SPACE',''
  ) );
#1563 = ORIENTED_EDGE('',*,*,#1564,.F.);
#1564 = EDGE_CURVE('',#1565,#1429,#1567,.T.);
#1565 = VERTEX_POINT('',#1566);
#1566 = CARTESIAN_POINT('',(-20.2,30.098484500494,17.110451101766));
#1567 = SURFACE_CURVE('',#1568,(#1572,#1579),.PCURVE_S1.);
#1568 = LINE('',#1569,#1570);
#1569 = CARTESIAN_POINT('',(-20.2,30.098484500494,16.316462860624));
#1570 = VECTOR('',#1571,1.);
#1571 = DIRECTION('',(-0.,-0.,1.));
#1572 = PCURVE('',#507,#1573);
#1573 = DEFINITIONAL_REPRESENTATION('',(#1574),#1578);
#1574 = LINE('',#1575,#1576);
#1575 = CARTESIAN_POINT('',(3.344101519318,7.169915410963));
#1576 = VECTOR('',#1577,1.);
#1577 = DIRECTION('',(0.,1.));
#1578 = ( GEOMETRIC_REPRESENTATION_CONTEXT(2) 
PARAMETRIC_REPRESENTATION_CONTEXT() REPRESENTATION_CONTEXT('2D SPACE',''
  ) );
#1579 = PCURVE('',#1580,#1585);
#1580 = CYLINDRICAL_SURFACE('',#1581,0.8);
#1581 = AXIS2_PLACEMENT_3D('',#1582,#1583,#1584);
#1582 = CARTESIAN_POINT('',(-19.4,30.098484500494,16.316462860624));
#1583 = DIRECTION('',(-0.,-0.,1.));
#1584 = DIRECTION('',(-1.,0.,-0.));
#1585 = DEFINITIONAL_REPRESENTATION('',(#1586),#1590);
#1586 = LINE('',#1587,#1588);
#1587 = CARTESIAN_POINT('',(0.,0.));
#1588 = VECTOR('',#1589,1.);
#1589 = DIRECTION('',(0.,1.));
#1590 = ( GEOMETRIC_REPRESENTATION_CONTEXT(2) 
PARAMETRIC_REPRESENTATION_CONTEXT() REPRESENTATION_CONTEXT('2D SPACE',''
  ) );
#1591 = ORIENTED_EDGE('',*,*,#1592,.T.);
#1592 = EDGE_CURVE('',#1565,#1593,#1595,.T.);
#1593 = VERTEX_POINT('',#1594);
#1594 = CARTESIAN_POINT('',(-20.2,32.111542149719,17.));
#1595 = SURFACE_CURVE('',#1596,(#1601,#1608),.PCURVE_S1.);
#1596 = CIRCLE('',#1597,18.4);
#1597 = AXIS2_PLACEMENT_3D('',#1598,#1599,#1600);
#1598 = CARTESIAN_POINT('',(-20.2,32.111542149719,35.4));
#1599 = DIRECTION('',(1.,0.,0.));
#1600 = DIRECTION('',(0.,-0.109976153631,-0.993934226009));
#1601 = PCURVE('',#507,#1602);
#1602 = DEFINITIONAL_REPRESENTATION('',(#1603),#1607);
#1603 = CIRCLE('',#1604,18.4);
#1604 = AXIS2_PLACEMENT_2D('',#1605,#1606);
#1605 = CARTESIAN_POINT('',(5.357159168543,26.25345255034));
#1606 = DIRECTION('',(-0.109976153631,-0.993934226009));
#1607 = ( GEOMETRIC_REPRESENTATION_CONTEXT(2) 
PARAMETRIC_REPRESENTATION_CONTEXT() REPRESENTATION_CONTEXT('2D SPACE',''
  ) );
#1608 = PCURVE('',#1609,#1614);
#1609 = TOROIDAL_SURFACE('',#1610,18.4,0.8);
#1610 = AXIS2_PLACEMENT_3D('',#1611,#1612,#1613);
#1611 = CARTESIAN_POINT('',(-19.4,32.111542149719,35.4));
#1612 = DIRECTION('',(1.,0.,0.));
#1613 = DIRECTION('',(0.,-0.109976153631,-0.993934226009));
#1614 = DEFINITIONAL_REPRESENTATION('',(#1615),#1619);
#1615 = LINE('',#1616,#1617);
#1616 = CARTESIAN_POINT('',(0.,4.712388980385));
#1617 = VECTOR('',#1618,1.);
#1618 = DIRECTION('',(1.,0.));
#1619 = ( GEOMETRIC_REPRESENTATION_CONTEXT(2) 
PARAMETRIC_REPRESENTATION_CONTEXT() REPRESENTATION_CONTEXT('2D SPACE',''
  ) );
#1620 = ORIENTED_EDGE('',*,*,#1621,.T.);
#1621 = EDGE_CURVE('',#1593,#1622,#1624,.T.);
#1622 = VERTEX_POINT('',#1623);
#1623 = CARTESIAN_POINT('',(-20.2,36.9,17.));
#1624 = SURFACE_CURVE('',#1625,(#1629,#1636),.PCURVE_S1.);
#1625 = LINE('',#1626,#1627);
#1626 = CARTESIAN_POINT('',(-20.2,32.111542149719,17.));
#1627 = VECTOR('',#1628,1.);
#1628 = DIRECTION('',(0.,1.,0.));
#1629 = PCURVE('',#507,#1630);
#1630 = DEFINITIONAL_REPRESENTATION('',(#1631),#1635);
#1631 = LINE('',#1632,#1633);
#1632 = CARTESIAN_POINT('',(5.357159168543,7.85345255034));
#1633 = VECTOR('',#1634,1.);
#1634 = DIRECTION('',(1.,0.));
#1635 = ( GEOMETRIC_REPRESENTATION_CONTEXT(2) 
PARAMETRIC_REPRESENTATION_CONTEXT() REPRESENTATION_CONTEXT('2D SPACE',''
  ) );
#1636 = PCURVE('',#1637,#1642);
#1637 = CYLINDRICAL_SURFACE('',#1638,0.8);
#1638 = AXIS2_PLACEMENT_3D('',#1639,#1640,#1641);
#1639 = CARTESIAN_POINT('',(-19.4,32.111542149719,17.));
#1640 = DIRECTION('',(0.,1.,0.));
#1641 = DIRECTION('',(-1.,0.,0.));
#1642 = DEFINITIONAL_REPRESENTATION('',(#1643),#1647);
#1643 = LINE('',#1644,#1645);
#1644 = CARTESIAN_POINT('',(-0.,0.));
#1645 = VECTOR('',#1646,1.);
#1646 = DIRECTION('',(-0.,1.));
#1647 = ( GEOMETRIC_REPRESENTATION_CONTEXT(2) 
PARAMETRIC_REPRESENTATION_CONTEXT() REPRESENTATION_CONTEXT('2D SPACE',''
  ) );
#1648 = ORIENTED_EDGE('',*,*,#1649,.T.);
#1649 = EDGE_CURVE('',#1622,#1650,#1652,.T.);
#1650 = VERTEX_POINT('',#1651);
#1651 = CARTESIAN_POINT('',(-20.2,36.9,4.2));
#1652 = SURFACE_CURVE('',#1653,(#1658,#1669),.PCURVE_S1.);
#1653 = CIRCLE('',#1654,6.4);
#1654 = AXIS2_PLACEMENT_3D('',#1655,#1656,#1657);
#1655 = CARTESIAN_POINT('',(-20.2,36.9,10.6));
#1656 = DIRECTION('',(-1.,0.,-0.));
#1657 = DIRECTION('',(-0.,0.,1.));
#1658 = PCURVE('',#507,#1659);
#1659 = DEFINITIONAL_REPRESENTATION('',(#1660),#1668);
#1660 = ( BOUNDED_CURVE() B_SPLINE_CURVE(2,(#1661,#1662,#1663,#1664,
#1665,#1666,#1667),.UNSPECIFIED.,.T.,.F.) B_SPLINE_CURVE_WITH_KNOTS((1,2
    ,2,2,2,1),(-2.094395102393,0.,2.094395102393,4.188790204786,
6.28318530718,8.377580409573),.UNSPECIFIED.) CURVE() 
GEOMETRIC_REPRESENTATION_ITEM() RATIONAL_B_SPLINE_CURVE((1.,0.5,1.,0.5,
1.,0.5,1.)) REPRESENTATION_ITEM('') );
#1661 = CARTESIAN_POINT('',(10.145617018824,7.85345255034));
#1662 = CARTESIAN_POINT('',(21.230742187265,7.85345255034));
#1663 = CARTESIAN_POINT('',(15.688179603044,-1.74654744966));
#1664 = CARTESIAN_POINT('',(10.145617018824,-11.34654744966));
#1665 = CARTESIAN_POINT('',(4.603054434604,-1.74654744966));
#1666 = CARTESIAN_POINT('',(-0.939508149617,7.85345255034));
#1667 = CARTESIAN_POINT('',(10.145617018824,7.85345255034));
#1668 = ( GEOMETRIC_REPRESENTATION_CONTEXT(2) 
PARAMETRIC_REPRESENTATION_CONTEXT() REPRESENTATION_CONTEXT('2D SPACE',''
  ) );
#1669 = PCURVE('',#1670,#1675);
#1670 = TOROIDAL_SURFACE('',#1671,6.4,0.8);
#1671 = AXIS2_PLACEMENT_3D('',#1672,#1673,#1674);
#1672 = CARTESIAN_POINT('',(-19.4,36.9,10.6));
#1673 = DIRECTION('',(-1.,-0.,-0.));
#1674 = DIRECTION('',(-0.,0.,1.));
#1675 = DEFINITIONAL_REPRESENTATION('',(#1676),#1680);
#1676 = LINE('',#1677,#1678);
#1677 = CARTESIAN_POINT('',(0.,1.570796326795));
#1678 = VECTOR('',#1679,1.);
#1679 = DIRECTION('',(1.,0.));
#1680 = ( GEOMETRIC_REPRESENTATION_CONTEXT(2) 
PARAMETRIC_REPRESENTATION_CONTEXT() REPRESENTATION_CONTEXT('2D SPACE',''
  ) );
#1681 = ORIENTED_EDGE('',*,*,#1682,.T.);
#1682 = EDGE_CURVE('',#1650,#1683,#1685,.T.);
#1683 = VERTEX_POINT('',#1684);
#1684 = CARTESIAN_POINT('',(-20.2,28.405390679346,4.2));
#1685 = SURFACE_CURVE('',#1686,(#1690,#1697),.PCURVE_S1.);
#1686 = LINE('',#1687,#1688);
#1687 = CARTESIAN_POINT('',(-20.2,36.9,4.2));
#1688 = VECTOR('',#1689,1.);
#1689 = DIRECTION('',(0.,-1.,0.));
#1690 = PCURVE('',#507,#1691);
#1691 = DEFINITIONAL_REPRESENTATION('',(#1692),#1696);
#1692 = LINE('',#1693,#1694);
#1693 = CARTESIAN_POINT('',(10.145617018824,-4.94654744966));
#1694 = VECTOR('',#1695,1.);
#1695 = DIRECTION('',(-1.,0.));
#1696 = ( GEOMETRIC_REPRESENTATION_CONTEXT(2) 
PARAMETRIC_REPRESENTATION_CONTEXT() REPRESENTATION_CONTEXT('2D SPACE',''
  ) );
#1697 = PCURVE('',#1698,#1703);
#1698 = CYLINDRICAL_SURFACE('',#1699,0.8);
#1699 = AXIS2_PLACEMENT_3D('',#1700,#1701,#1702);
#1700 = CARTESIAN_POINT('',(-19.4,36.9,4.2));
#1701 = DIRECTION('',(0.,-1.,0.));
#1702 = DIRECTION('',(-1.,-0.,0.));
#1703 = DEFINITIONAL_REPRESENTATION('',(#1704),#1708);
#1704 = LINE('',#1705,#1706);
#1705 = CARTESIAN_POINT('',(-0.,0.));
#1706 = VECTOR('',#1707,1.);
#1707 = DIRECTION('',(-0.,1.));
#1708 = ( GEOMETRIC_REPRESENTATION_CONTEXT(2) 
PARAMETRIC_REPRESENTATION_CONTEXT() REPRESENTATION_CONTEXT('2D SPACE',''
  ) );
#1709 = ORIENTED_EDGE('',*,*,#1710,.F.);
#1710 = EDGE_CURVE('',#470,#1683,#1711,.T.);
#1711 = SURFACE_CURVE('',#1712,(#1716,#1723),.PCURVE_S1.);
#1712 = LINE('',#1713,#1714);
#1713 = CARTESIAN_POINT('',(-20.2,28.405390679346,0.));
#1714 = VECTOR('',#1715,1.);
#1715 = DIRECTION('',(0.,0.,1.));
#1716 = PCURVE('',#507,#1717);
#1717 = DEFINITIONAL_REPRESENTATION('',(#1718),#1722);
#1718 = LINE('',#1719,#1720);
#1719 = CARTESIAN_POINT('',(1.65100769817,-9.14654744966));
#1720 = VECTOR('',#1721,1.);
#1721 = DIRECTION('',(0.,1.));
#1722 = ( GEOMETRIC_REPRESENTATION_CONTEXT(2) 
PARAMETRIC_REPRESENTATION_CONTEXT() REPRESENTATION_CONTEXT('2D SPACE',''
  ) );
#1723 = PCURVE('',#656,#1724);
#1724 = DEFINITIONAL_REPRESENTATION('',(#1725),#1729);
#1725 = LINE('',#1726,#1727);
#1726 = CARTESIAN_POINT('',(-0.,0.));
#1727 = VECTOR('',#1728,1.);
#1728 = DIRECTION('',(-0.,1.));
#1729 = ( GEOMETRIC_REPRESENTATION_CONTEXT(2) 
PARAMETRIC_REPRESENTATION_CONTEXT() REPRESENTATION_CONTEXT('2D SPACE',''
  ) );
#1730 = ADVANCED_FACE('',(#1731),#581,.T.);
#1731 = FACE_BOUND('',#1732,.T.);
#1732 = EDGE_LOOP('',(#1733,#1734,#1735,#1758,#1894,#1922,#1951,#1979,
    #2012,#2040));
#1733 = ORIENTED_EDGE('',*,*,#565,.T.);
#1734 = ORIENTED_EDGE('',*,*,#1270,.T.);
#1735 = ORIENTED_EDGE('',*,*,#1736,.T.);
#1736 = EDGE_CURVE('',#1244,#1737,#1739,.T.);
#1737 = VERTEX_POINT('',#1738);
#1738 = CARTESIAN_POINT('',(20.2,32.111542149719,20.4));
#1739 = SURFACE_CURVE('',#1740,(#1744,#1751),.PCURVE_S1.);
#1740 = LINE('',#1741,#1742);
#1741 = CARTESIAN_POINT('',(20.2,36.9,20.4));
#1742 = VECTOR('',#1743,1.);
#1743 = DIRECTION('',(0.,-1.,0.));
#1744 = PCURVE('',#581,#1745);
#1745 = DEFINITIONAL_REPRESENTATION('',(#1746),#1750);
#1746 = LINE('',#1747,#1748);
#1747 = CARTESIAN_POINT('',(10.145617018824,11.25345255034));
#1748 = VECTOR('',#1749,1.);
#1749 = DIRECTION('',(-1.,0.));
#1750 = ( GEOMETRIC_REPRESENTATION_CONTEXT(2) 
PARAMETRIC_REPRESENTATION_CONTEXT() REPRESENTATION_CONTEXT('2D SPACE',''
  ) );
#1751 = PCURVE('',#1259,#1752);
#1752 = DEFINITIONAL_REPRESENTATION('',(#1753),#1757);
#1753 = LINE('',#1754,#1755);
#1754 = CARTESIAN_POINT('',(-1.570796326795,0.));
#1755 = VECTOR('',#1756,1.);
#1756 = DIRECTION('',(-0.,1.));
#1757 = ( GEOMETRIC_REPRESENTATION_CONTEXT(2) 
PARAMETRIC_REPRESENTATION_CONTEXT() REPRESENTATION_CONTEXT('2D SPACE',''
  ) );
#1758 = ORIENTED_EDGE('',*,*,#1759,.T.);
#1759 = EDGE_CURVE('',#1737,#1760,#1762,.T.);
#1760 = VERTEX_POINT('',#1761);
#1761 = CARTESIAN_POINT('',(20.2,30.098484500494,20.423961887339));
#1762 = SURFACE_CURVE('',#1763,(#1790,#1808),.PCURVE_S1.);
#1763 = B_SPLINE_CURVE_WITH_KNOTS('',13,(#1764,#1765,#1766,#1767,#1768,
    #1769,#1770,#1771,#1772,#1773,#1774,#1775,#1776,#1777,#1778,#1779,
    #1780,#1781,#1782,#1783,#1784,#1785,#1786,#1787,#1788,#1789),
  .UNSPECIFIED.,.F.,.F.,(14,12,14),(46.989339978333,52.309622198897,
    52.508902338078),.UNSPECIFIED.);
#1764 = CARTESIAN_POINT('',(20.2,32.111542149719,20.4));
#1765 = CARTESIAN_POINT('',(20.199999999997,31.700673844919,
    20.399999999997));
#1766 = CARTESIAN_POINT('',(20.200000000013,31.289311223083,
    20.40074025024));
#1767 = CARTESIAN_POINT('',(20.199999999965,30.874983455193,
    20.403240998722));
#1768 = CARTESIAN_POINT('',(20.20000000007,30.455837435859,
    20.408544661553));
#1769 = CARTESIAN_POINT('',(20.199999999893,30.048004293278,
    20.417964228063));
#1770 = CARTESIAN_POINT('',(20.20000000013,29.613756191005,
    20.432231645693));
#1771 = CARTESIAN_POINT('',(20.199999999872,29.208719663301,
    20.453172426256));
#1772 = CARTESIAN_POINT('',(20.200000000102,28.775094767738,
    20.481001630035));
#1773 = CARTESIAN_POINT('',(20.199999999935,28.358700320833,
    20.517489760081));
#1774 = CARTESIAN_POINT('',(20.200000000032,27.9322581098,
    20.563161890823));
#1775 = CARTESIAN_POINT('',(20.199999999988,27.50812836924,
    20.619248872132));
#1776 = CARTESIAN_POINT('',(20.200000000003,27.082537395598,
    20.686675735049));
#1777 = CARTESIAN_POINT('',(20.2,26.640500145007,20.76949270534));
#1778 = CARTESIAN_POINT('',(20.2,26.624540683173,20.77248275714));
#1779 = CARTESIAN_POINT('',(20.2,26.608581221339,20.775472808939));
#1780 = CARTESIAN_POINT('',(20.2,26.592621759505,20.778462860739));
#1781 = CARTESIAN_POINT('',(20.2,26.576662297671,20.781452912538));
#1782 = CARTESIAN_POINT('',(20.2,26.560702835837,20.784442964338));
#1783 = CARTESIAN_POINT('',(20.2,26.544743374003,20.787433016137));
#1784 = CARTESIAN_POINT('',(20.2,26.528783912169,20.790423067937));
#1785 = CARTESIAN_POINT('',(20.2,26.512824450336,20.793413119737));
#1786 = CARTESIAN_POINT('',(20.2,26.496864988502,20.796403171536));
#1787 = CARTESIAN_POINT('',(20.2,26.480905526668,20.799393223336));
#1788 = CARTESIAN_POINT('',(20.2,26.464946064834,20.802383275136));
#1789 = CARTESIAN_POINT('',(20.2,26.448986603,20.805373326935));
#1790 = PCURVE('',#581,#1791);
#1791 = DEFINITIONAL_REPRESENTATION('',(#1792),#1807);
#1792 = B_SPLINE_CURVE_WITH_KNOTS('',13,(#1793,#1794,#1795,#1796,#1797,
    #1798,#1799,#1800,#1801,#1802,#1803,#1804,#1805,#1806),
  .UNSPECIFIED.,.F.,.F.,(14,14),(46.989339978333,52.309622198897),
  .PIECEWISE_BEZIER_KNOTS.);
#1793 = CARTESIAN_POINT('',(5.357159168543,11.25345255034));
#1794 = CARTESIAN_POINT('',(4.946290863747,11.253452550338));
#1795 = CARTESIAN_POINT('',(4.53492824189,11.254192800575));
#1796 = CARTESIAN_POINT('',(4.120600474065,11.256693549073));
#1797 = CARTESIAN_POINT('',(3.701454454588,11.261997211869));
#1798 = CARTESIAN_POINT('',(3.293621312248,11.271416778438));
#1799 = CARTESIAN_POINT('',(2.859373209651,11.285684195989));
#1800 = CARTESIAN_POINT('',(2.4543366823,11.30662497664));
#1801 = CARTESIAN_POINT('',(2.020711786423,11.33445418034));
#1802 = CARTESIAN_POINT('',(1.604317339745,11.370942310444));
#1803 = CARTESIAN_POINT('',(1.17787512858,11.416614441151));
#1804 = CARTESIAN_POINT('',(0.75374538808,11.472701422476));
#1805 = CARTESIAN_POINT('',(0.328154414419,11.540128285388));
#1806 = CARTESIAN_POINT('',(-9.792337433482E-02,11.61995520388));
#1807 = ( GEOMETRIC_REPRESENTATION_CONTEXT(2) 
PARAMETRIC_REPRESENTATION_CONTEXT() REPRESENTATION_CONTEXT('2D SPACE',''
  ) );
#1808 = PCURVE('',#1809,#1888);
#1809 = ( BOUNDED_SURFACE() B_SPLINE_SURFACE(2,13,(
    (#1810,#1811,#1812,#1813,#1814,#1815,#1816,#1817,#1818,#1819,#1820
      ,#1821,#1822,#1823,#1824,#1825,#1826,#1827,#1828,#1829,#1830,#1831
      ,#1832,#1833,#1834,#1835)
    ,(#1836,#1837,#1838,#1839,#1840,#1841,#1842,#1843,#1844,#1845,#1846
      ,#1847,#1848,#1849,#1850,#1851,#1852,#1853,#1854,#1855,#1856,#1857
      ,#1858,#1859,#1860,#1861)
    ,(#1862,#1863,#1864,#1865,#1866,#1867,#1868,#1869,#1870,#1871,#1872
      ,#1873,#1874,#1875,#1876,#1877,#1878,#1879,#1880,#1881,#1882,#1883
      ,#1884,#1885,#1886,#1887
)),.UNSPECIFIED.,.F.,.F.,.F.) B_SPLINE_SURFACE_WITH_KNOTS((3,3),(14,12,
    14),(0.,5.320282220564),(46.989339978333,52.309622198897,
52.508902338078),.UNSPECIFIED.) GEOMETRIC_REPRESENTATION_ITEM() 
RATIONAL_B_SPLINE_SURFACE((
    (1.,1.,1.,1.,1.,1.,1.,1.,1.,1.,1.,1.,1.,1.,1.,1.,1.,1.,1.,1.,1.,1.
      ,1.,1.,1.,1.)
    ,(0.707106781187,0.707106781186,0.707106781187,0.707106781185
      ,0.70710678119,0.707106781182,0.707106781192,0.707106781181
      ,0.707106781191,0.707106781184,0.707106781188,0.707106781186
      ,0.707106781187,0.707106781187,0.707106781187,0.707106781187
      ,0.707106781187,0.707106781187,0.707106781187,0.707106781187
      ,0.707106781187,0.707106781187,0.707106781187,0.707106781187
      ,0.707106781187,0.707106781187)
    ,(1.,1.,1.,1.,1.,1.,1.,1.,1.,1.,1.,1.,1.,1.,1.,1.,1.,1.,1.,1.,1.,1.
,1.,1.,1.,1.))) REPRESENTATION_ITEM('') SURFACE() );
#1810 = CARTESIAN_POINT('',(19.4,32.111542149719,21.2));
#1811 = CARTESIAN_POINT('',(19.399999999997,31.702000029104,
    21.199999999997));
#1812 = CARTESIAN_POINT('',(19.400000000012,31.293683203913,
    21.200738501276));
#1813 = CARTESIAN_POINT('',(19.399999999966,30.883938812723,
    21.203218304065));
#1814 = CARTESIAN_POINT('',(19.400000000068,30.471444601111,
    21.208499171912));
#1815 = CARTESIAN_POINT('',(19.399999999896,30.072555778424,
    21.217704078977));
#1816 = CARTESIAN_POINT('',(19.400000000126,29.646328952642,
    21.231842787994));
#1817 = CARTESIAN_POINT('',(19.399999999876,29.256380769409,
    21.252120318696));
#1818 = CARTESIAN_POINT('',(19.400000000099,28.833200586498,
    21.279268907607));
#1819 = CARTESIAN_POINT('',(19.399999999937,28.433359725974,
    21.314496110536));
#1820 = CARTESIAN_POINT('',(19.400000000031,28.022210610392,
    21.358529474954));
#1821 = CARTESIAN_POINT('',(19.399999999988,27.615316907908,
    21.41241333064));
#1822 = CARTESIAN_POINT('',(19.400000000003,27.207586694655,
    21.477065490961));
#1823 = CARTESIAN_POINT('',(19.4,26.78473312891,21.55638363935));
#1824 = CARTESIAN_POINT('',(19.4,26.769350954154,21.559269001373));
#1825 = CARTESIAN_POINT('',(19.4,26.753853452255,21.562175996264));
#1826 = CARTESIAN_POINT('',(19.4,26.738240623212,21.565104624023));
#1827 = CARTESIAN_POINT('',(19.4,26.722512467026,21.568054884651));
#1828 = CARTESIAN_POINT('',(19.4,26.706668983697,21.571026778147));
#1829 = CARTESIAN_POINT('',(19.4,26.690710173225,21.574020304511));
#1830 = CARTESIAN_POINT('',(19.4,26.674636035609,21.577035463743));
#1831 = CARTESIAN_POINT('',(19.4,26.658446570849,21.580072255844));
#1832 = CARTESIAN_POINT('',(19.4,26.642141778947,21.583130680813));
#1833 = CARTESIAN_POINT('',(19.4,26.625721659901,21.58621073865));
#1834 = CARTESIAN_POINT('',(19.4,26.609186213712,21.589312429355));
#1835 = CARTESIAN_POINT('',(19.4,26.592535440379,21.592435752929));
#1836 = CARTESIAN_POINT('',(20.2,32.111542149719,21.2));
#1837 = CARTESIAN_POINT('',(20.2,31.702000029109,21.2));
#1838 = CARTESIAN_POINT('',(20.2,31.293683203893,21.200738501262));
#1839 = CARTESIAN_POINT('',(20.2,30.883938812779,21.203218304103));
#1840 = CARTESIAN_POINT('',(20.199999999999,30.471444601002,
    21.208499171837));
#1841 = CARTESIAN_POINT('',(20.200000000001,30.072555778588,
    21.217704079093));
#1842 = CARTESIAN_POINT('',(20.199999999998,29.646328952442,
    21.231842787853));
#1843 = CARTESIAN_POINT('',(20.200000000002,29.256380769603,
    21.252120318834));
#1844 = CARTESIAN_POINT('',(20.199999999999,28.833200586347,
    21.279268907497));
#1845 = CARTESIAN_POINT('',(20.200000000001,28.433359726069,
    21.314496110605));
#1846 = CARTESIAN_POINT('',(20.2,28.022210610347,21.358529474919));
#1847 = CARTESIAN_POINT('',(20.2,27.615316907925,21.412413330652));
#1848 = CARTESIAN_POINT('',(20.2,27.207586694652,21.477065490958));
#1849 = CARTESIAN_POINT('',(20.2,26.784733128912,21.55638363935));
#1850 = CARTESIAN_POINT('',(20.2,26.769350954156,21.559269001372));
#1851 = CARTESIAN_POINT('',(20.2,26.753853452256,21.562175996264));
#1852 = CARTESIAN_POINT('',(20.2,26.738240623214,21.565104624023));
#1853 = CARTESIAN_POINT('',(20.2,26.722512467028,21.568054884651));
#1854 = CARTESIAN_POINT('',(20.2,26.706668983699,21.571026778147));
#1855 = CARTESIAN_POINT('',(20.2,26.690710173226,21.574020304511));
#1856 = CARTESIAN_POINT('',(20.2,26.67463603561,21.577035463743));
#1857 = CARTESIAN_POINT('',(20.2,26.658446570851,21.580072255844));
#1858 = CARTESIAN_POINT('',(20.2,26.642141778948,21.583130680813));
#1859 = CARTESIAN_POINT('',(20.2,26.625721659902,21.58621073865));
#1860 = CARTESIAN_POINT('',(20.2,26.609186213713,21.589312429355));
#1861 = CARTESIAN_POINT('',(20.2,26.59253544038,21.592435752929));
#1862 = CARTESIAN_POINT('',(20.2,32.111542149719,20.4));
#1863 = CARTESIAN_POINT('',(20.199999999997,31.700673844919,
    20.399999999997));
#1864 = CARTESIAN_POINT('',(20.200000000013,31.289311223083,
    20.40074025024));
#1865 = CARTESIAN_POINT('',(20.199999999965,30.874983455193,
    20.403240998722));
#1866 = CARTESIAN_POINT('',(20.20000000007,30.455837435859,
    20.408544661553));
#1867 = CARTESIAN_POINT('',(20.199999999893,30.048004293278,
    20.417964228063));
#1868 = CARTESIAN_POINT('',(20.20000000013,29.613756191005,
    20.432231645693));
#1869 = CARTESIAN_POINT('',(20.199999999872,29.208719663301,
    20.453172426256));
#1870 = CARTESIAN_POINT('',(20.200000000102,28.775094767738,
    20.481001630035));
#1871 = CARTESIAN_POINT('',(20.199999999935,28.358700320833,
    20.517489760081));
#1872 = CARTESIAN_POINT('',(20.200000000032,27.9322581098,
    20.563161890823));
#1873 = CARTESIAN_POINT('',(20.199999999988,27.50812836924,
    20.619248872132));
#1874 = CARTESIAN_POINT('',(20.200000000003,27.082537395598,
    20.686675735049));
#1875 = CARTESIAN_POINT('',(20.2,26.640500145007,20.76949270534));
#1876 = CARTESIAN_POINT('',(20.2,26.624540683173,20.77248275714));
#1877 = CARTESIAN_POINT('',(20.2,26.608581221339,20.775472808939));
#1878 = CARTESIAN_POINT('',(20.2,26.592621759505,20.778462860739));
#1879 = CARTESIAN_POINT('',(20.2,26.576662297671,20.781452912538));
#1880 = CARTESIAN_POINT('',(20.2,26.560702835837,20.784442964338));
#1881 = CARTESIAN_POINT('',(20.2,26.544743374003,20.787433016137));
#1882 = CARTESIAN_POINT('',(20.2,26.528783912169,20.790423067937));
#1883 = CARTESIAN_POINT('',(20.2,26.512824450336,20.793413119737));
#1884 = CARTESIAN_POINT('',(20.2,26.496864988502,20.796403171536));
#1885 = CARTESIAN_POINT('',(20.2,26.480905526668,20.799393223336));
#1886 = CARTESIAN_POINT('',(20.2,26.464946064834,20.802383275136));
#1887 = CARTESIAN_POINT('',(20.2,26.448986603,20.805373326935));
#1888 = DEFINITIONAL_REPRESENTATION('',(#1889),#1893);
#1889 = LINE('',#1890,#1891);
#1890 = CARTESIAN_POINT('',(5.320282220564,0.));
#1891 = VECTOR('',#1892,1.);
#1892 = DIRECTION('',(0.,1.));
#1893 = ( GEOMETRIC_REPRESENTATION_CONTEXT(2) 
PARAMETRIC_REPRESENTATION_CONTEXT() REPRESENTATION_CONTEXT('2D SPACE',''
  ) );
#1894 = ORIENTED_EDGE('',*,*,#1895,.F.);
#1895 = EDGE_CURVE('',#1896,#1760,#1898,.T.);
#1896 = VERTEX_POINT('',#1897);
#1897 = CARTESIAN_POINT('',(20.2,30.098484500494,17.110451101766));
#1898 = SURFACE_CURVE('',#1899,(#1903,#1910),.PCURVE_S1.);
#1899 = LINE('',#1900,#1901);
#1900 = CARTESIAN_POINT('',(20.2,30.098484500494,16.316462860624));
#1901 = VECTOR('',#1902,1.);
#1902 = DIRECTION('',(0.,0.,1.));
#1903 = PCURVE('',#581,#1904);
#1904 = DEFINITIONAL_REPRESENTATION('',(#1905),#1909);
#1905 = LINE('',#1906,#1907);
#1906 = CARTESIAN_POINT('',(3.344101519318,7.169915410963));
#1907 = VECTOR('',#1908,1.);
#1908 = DIRECTION('',(0.,1.));
#1909 = ( GEOMETRIC_REPRESENTATION_CONTEXT(2) 
PARAMETRIC_REPRESENTATION_CONTEXT() REPRESENTATION_CONTEXT('2D SPACE',''
  ) );
#1910 = PCURVE('',#1911,#1916);
#1911 = CYLINDRICAL_SURFACE('',#1912,0.8);
#1912 = AXIS2_PLACEMENT_3D('',#1913,#1914,#1915);
#1913 = CARTESIAN_POINT('',(19.4,30.098484500494,16.316462860624));
#1914 = DIRECTION('',(0.,0.,1.));
#1915 = DIRECTION('',(1.,0.,-0.));
#1916 = DEFINITIONAL_REPRESENTATION('',(#1917),#1921);
#1917 = LINE('',#1918,#1919);
#1918 = CARTESIAN_POINT('',(-0.,0.));
#1919 = VECTOR('',#1920,1.);
#1920 = DIRECTION('',(-0.,1.));
#1921 = ( GEOMETRIC_REPRESENTATION_CONTEXT(2) 
PARAMETRIC_REPRESENTATION_CONTEXT() REPRESENTATION_CONTEXT('2D SPACE',''
  ) );
#1922 = ORIENTED_EDGE('',*,*,#1923,.T.);
#1923 = EDGE_CURVE('',#1896,#1924,#1926,.T.);
#1924 = VERTEX_POINT('',#1925);
#1925 = CARTESIAN_POINT('',(20.2,32.111542149719,17.));
#1926 = SURFACE_CURVE('',#1927,(#1932,#1939),.PCURVE_S1.);
#1927 = CIRCLE('',#1928,18.4);
#1928 = AXIS2_PLACEMENT_3D('',#1929,#1930,#1931);
#1929 = CARTESIAN_POINT('',(20.2,32.111542149719,35.4));
#1930 = DIRECTION('',(1.,0.,0.));
#1931 = DIRECTION('',(0.,-0.109976153631,-0.993934226009));
#1932 = PCURVE('',#581,#1933);
#1933 = DEFINITIONAL_REPRESENTATION('',(#1934),#1938);
#1934 = CIRCLE('',#1935,18.4);
#1935 = AXIS2_PLACEMENT_2D('',#1936,#1937);
#1936 = CARTESIAN_POINT('',(5.357159168543,26.25345255034));
#1937 = DIRECTION('',(-0.109976153631,-0.993934226009));
#1938 = ( GEOMETRIC_REPRESENTATION_CONTEXT(2) 
PARAMETRIC_REPRESENTATION_CONTEXT() REPRESENTATION_CONTEXT('2D SPACE',''
  ) );
#1939 = PCURVE('',#1940,#1945);
#1940 = TOROIDAL_SURFACE('',#1941,18.4,0.8);
#1941 = AXIS2_PLACEMENT_3D('',#1942,#1943,#1944);
#1942 = CARTESIAN_POINT('',(19.4,32.111542149719,35.4));
#1943 = DIRECTION('',(-1.,-0.,-0.));
#1944 = DIRECTION('',(0.,-0.109976153631,-0.993934226009));
#1945 = DEFINITIONAL_REPRESENTATION('',(#1946),#1950);
#1946 = LINE('',#1947,#1948);
#1947 = CARTESIAN_POINT('',(-0.,4.712388980385));
#1948 = VECTOR('',#1949,1.);
#1949 = DIRECTION('',(-1.,0.));
#1950 = ( GEOMETRIC_REPRESENTATION_CONTEXT(2) 
PARAMETRIC_REPRESENTATION_CONTEXT() REPRESENTATION_CONTEXT('2D SPACE',''
  ) );
#1951 = ORIENTED_EDGE('',*,*,#1952,.T.);
#1952 = EDGE_CURVE('',#1924,#1953,#1955,.T.);
#1953 = VERTEX_POINT('',#1954);
#1954 = CARTESIAN_POINT('',(20.2,36.9,17.));
#1955 = SURFACE_CURVE('',#1956,(#1960,#1967),.PCURVE_S1.);
#1956 = LINE('',#1957,#1958);
#1957 = CARTESIAN_POINT('',(20.2,32.111542149719,17.));
#1958 = VECTOR('',#1959,1.);
#1959 = DIRECTION('',(0.,1.,0.));
#1960 = PCURVE('',#581,#1961);
#1961 = DEFINITIONAL_REPRESENTATION('',(#1962),#1966);
#1962 = LINE('',#1963,#1964);
#1963 = CARTESIAN_POINT('',(5.357159168543,7.85345255034));
#1964 = VECTOR('',#1965,1.);
#1965 = DIRECTION('',(1.,0.));
#1966 = ( GEOMETRIC_REPRESENTATION_CONTEXT(2) 
PARAMETRIC_REPRESENTATION_CONTEXT() REPRESENTATION_CONTEXT('2D SPACE',''
  ) );
#1967 = PCURVE('',#1968,#1973);
#1968 = CYLINDRICAL_SURFACE('',#1969,0.8);
#1969 = AXIS2_PLACEMENT_3D('',#1970,#1971,#1972);
#1970 = CARTESIAN_POINT('',(19.4,32.111542149719,17.));
#1971 = DIRECTION('',(0.,1.,0.));
#1972 = DIRECTION('',(1.,0.,0.));
#1973 = DEFINITIONAL_REPRESENTATION('',(#1974),#1978);
#1974 = LINE('',#1975,#1976);
#1975 = CARTESIAN_POINT('',(0.,0.));
#1976 = VECTOR('',#1977,1.);
#1977 = DIRECTION('',(0.,1.));
#1978 = ( GEOMETRIC_REPRESENTATION_CONTEXT(2) 
PARAMETRIC_REPRESENTATION_CONTEXT() REPRESENTATION_CONTEXT('2D SPACE',''
  ) );
#1979 = ORIENTED_EDGE('',*,*,#1980,.T.);
#1980 = EDGE_CURVE('',#1953,#1981,#1983,.T.);
#1981 = VERTEX_POINT('',#1982);
#1982 = CARTESIAN_POINT('',(20.2,36.9,4.2));
#1983 = SURFACE_CURVE('',#1984,(#1989,#2000),.PCURVE_S1.);
#1984 = CIRCLE('',#1985,6.4);
#1985 = AXIS2_PLACEMENT_3D('',#1986,#1987,#1988);
#1986 = CARTESIAN_POINT('',(20.2,36.9,10.6));
#1987 = DIRECTION('',(-1.,0.,-0.));
#1988 = DIRECTION('',(-0.,0.,1.));
#1989 = PCURVE('',#581,#1990);
#1990 = DEFINITIONAL_REPRESENTATION('',(#1991),#1999);
#1991 = ( BOUNDED_CURVE() B_SPLINE_CURVE(2,(#1992,#1993,#1994,#1995,
#1996,#1997,#1998),.UNSPECIFIED.,.T.,.F.) B_SPLINE_CURVE_WITH_KNOTS((1,2
    ,2,2,2,1),(-2.094395102393,0.,2.094395102393,4.188790204786,
6.28318530718,8.377580409573),.UNSPECIFIED.) CURVE() 
GEOMETRIC_REPRESENTATION_ITEM() RATIONAL_B_SPLINE_CURVE((1.,0.5,1.,0.5,
1.,0.5,1.)) REPRESENTATION_ITEM('') );
#1992 = CARTESIAN_POINT('',(10.145617018824,7.85345255034));
#1993 = CARTESIAN_POINT('',(21.230742187265,7.85345255034));
#1994 = CARTESIAN_POINT('',(15.688179603044,-1.74654744966));
#1995 = CARTESIAN_POINT('',(10.145617018824,-11.34654744966));
#1996 = CARTESIAN_POINT('',(4.603054434604,-1.74654744966));
#1997 = CARTESIAN_POINT('',(-0.939508149617,7.85345255034));
#1998 = CARTESIAN_POINT('',(10.145617018824,7.85345255034));
#1999 = ( GEOMETRIC_REPRESENTATION_CONTEXT(2) 
PARAMETRIC_REPRESENTATION_CONTEXT() REPRESENTATION_CONTEXT('2D SPACE',''
  ) );
#2000 = PCURVE('',#2001,#2006);
#2001 = TOROIDAL_SURFACE('',#2002,6.4,0.8);
#2002 = AXIS2_PLACEMENT_3D('',#2003,#2004,#2005);
#2003 = CARTESIAN_POINT('',(19.4,36.9,10.6));
#2004 = DIRECTION('',(1.,0.,0.));
#2005 = DIRECTION('',(-0.,0.,1.));
#2006 = DEFINITIONAL_REPRESENTATION('',(#2007),#2011);
#2007 = LINE('',#2008,#2009);
#2008 = CARTESIAN_POINT('',(-0.,1.570796326795));
#2009 = VECTOR('',#2010,1.);
#2010 = DIRECTION('',(-1.,0.));
#2011 = ( GEOMETRIC_REPRESENTATION_CONTEXT(2) 
PARAMETRIC_REPRESENTATION_CONTEXT() REPRESENTATION_CONTEXT('2D SPACE',''
  ) );
#2012 = ORIENTED_EDGE('',*,*,#2013,.T.);
#2013 = EDGE_CURVE('',#1981,#2014,#2016,.T.);
#2014 = VERTEX_POINT('',#2015);
#2015 = CARTESIAN_POINT('',(20.2,28.405390679346,4.2));
#2016 = SURFACE_CURVE('',#2017,(#2021,#2028),.PCURVE_S1.);
#2017 = LINE('',#2018,#2019);
#2018 = CARTESIAN_POINT('',(20.2,36.9,4.2));
#2019 = VECTOR('',#2020,1.);
#2020 = DIRECTION('',(0.,-1.,0.));
#2021 = PCURVE('',#581,#2022);
#2022 = DEFINITIONAL_REPRESENTATION('',(#2023),#2027);
#2023 = LINE('',#2024,#2025);
#2024 = CARTESIAN_POINT('',(10.145617018824,-4.94654744966));
#2025 = VECTOR('',#2026,1.);
#2026 = DIRECTION('',(-1.,0.));
#2027 = ( GEOMETRIC_REPRESENTATION_CONTEXT(2) 
PARAMETRIC_REPRESENTATION_CONTEXT() REPRESENTATION_CONTEXT('2D SPACE',''
  ) );
#2028 = PCURVE('',#2029,#2034);
#2029 = CYLINDRICAL_SURFACE('',#2030,0.8);
#2030 = AXIS2_PLACEMENT_3D('',#2031,#2032,#2033);
#2031 = CARTESIAN_POINT('',(19.4,36.9,4.2));
#2032 = DIRECTION('',(0.,-1.,0.));
#2033 = DIRECTION('',(1.,0.,0.));
#2034 = DEFINITIONAL_REPRESENTATION('',(#2035),#2039);
#2035 = LINE('',#2036,#2037);
#2036 = CARTESIAN_POINT('',(0.,0.));
#2037 = VECTOR('',#2038,1.);
#2038 = DIRECTION('',(0.,1.));
#2039 = ( GEOMETRIC_REPRESENTATION_CONTEXT(2) 
PARAMETRIC_REPRESENTATION_CONTEXT() REPRESENTATION_CONTEXT('2D SPACE',''
  ) );
#2040 = ORIENTED_EDGE('',*,*,#2041,.F.);
#2041 = EDGE_CURVE('',#544,#2014,#2042,.T.);
#2042 = SURFACE_CURVE('',#2043,(#2047,#2054),.PCURVE_S1.);
#2043 = LINE('',#2044,#2045);
#2044 = CARTESIAN_POINT('',(20.2,28.405390679346,0.));
#2045 = VECTOR('',#2046,1.);
#2046 = DIRECTION('',(0.,0.,1.));
#2047 = PCURVE('',#581,#2048);
#2048 = DEFINITIONAL_REPRESENTATION('',(#2049),#2053);
#2049 = LINE('',#2050,#2051);
#2050 = CARTESIAN_POINT('',(1.65100769817,-9.14654744966));
#2051 = VECTOR('',#2052,1.);
#2052 = DIRECTION('',(0.,1.));
#2053 = ( GEOMETRIC_REPRESENTATION_CONTEXT(2) 
PARAMETRIC_REPRESENTATION_CONTEXT() REPRESENTATION_CONTEXT('2D SPACE',''
  ) );
#2054 = PCURVE('',#710,#2055);
#2055 = DEFINITIONAL_REPRESENTATION('',(#2056),#2060);
#2056 = LINE('',#2057,#2058);
#2057 = CARTESIAN_POINT('',(-0.938047491793,0.));
#2058 = VECTOR('',#2059,1.);
#2059 = DIRECTION('',(-0.,1.));
#2060 = ( GEOMETRIC_REPRESENTATION_CONTEXT(2) 
PARAMETRIC_REPRESENTATION_CONTEXT() REPRESENTATION_CONTEXT('2D SPACE',''
  ) );
#2061 = ADVANCED_FACE('',(#2062),#656,.F.);
#2062 = FACE_BOUND('',#2063,.T.);
#2063 = EDGE_LOOP('',(#2064,#2065,#2066,#2089));
#2064 = ORIENTED_EDGE('',*,*,#1710,.F.);
#2065 = ORIENTED_EDGE('',*,*,#641,.T.);
#2066 = ORIENTED_EDGE('',*,*,#2067,.T.);
#2067 = EDGE_CURVE('',#620,#2068,#2070,.T.);
#2068 = VERTEX_POINT('',#2069);
#2069 = CARTESIAN_POINT('',(-20.52690906909,27.760266682661,4.2));
#2070 = SURFACE_CURVE('',#2071,(#2075,#2082),.PCURVE_S1.);
#2071 = LINE('',#2072,#2073);
#2072 = CARTESIAN_POINT('',(-20.52690906909,27.760266682661,0.));
#2073 = VECTOR('',#2074,1.);
#2074 = DIRECTION('',(0.,0.,1.));
#2075 = PCURVE('',#656,#2076);
#2076 = DEFINITIONAL_REPRESENTATION('',(#2077),#2081);
#2077 = LINE('',#2078,#2079);
#2078 = CARTESIAN_POINT('',(-0.938047491793,0.));
#2079 = VECTOR('',#2080,1.);
#2080 = DIRECTION('',(-0.,1.));
#2081 = ( GEOMETRIC_REPRESENTATION_CONTEXT(2) 
PARAMETRIC_REPRESENTATION_CONTEXT() REPRESENTATION_CONTEXT('2D SPACE',''
  ) );
#2082 = PCURVE('',#742,#2083);
#2083 = DEFINITIONAL_REPRESENTATION('',(#2084),#2088);
#2084 = LINE('',#2085,#2086);
#2085 = CARTESIAN_POINT('',(0.405390679346,0.));
#2086 = VECTOR('',#2087,1.);
#2087 = DIRECTION('',(0.,-1.));
#2088 = ( GEOMETRIC_REPRESENTATION_CONTEXT(2) 
PARAMETRIC_REPRESENTATION_CONTEXT() REPRESENTATION_CONTEXT('2D SPACE',''
  ) );
#2089 = ORIENTED_EDGE('',*,*,#2090,.F.);
#2090 = EDGE_CURVE('',#1683,#2068,#2091,.T.);
#2091 = SURFACE_CURVE('',#2092,(#2097,#2104),.PCURVE_S1.);
#2092 = CIRCLE('',#2093,0.8);
#2093 = AXIS2_PLACEMENT_3D('',#2094,#2095,#2096);
#2094 = CARTESIAN_POINT('',(-21.,28.405390679346,4.2));
#2095 = DIRECTION('',(0.,0.,-1.));
#2096 = DIRECTION('',(1.,0.,0.));
#2097 = PCURVE('',#656,#2098);
#2098 = DEFINITIONAL_REPRESENTATION('',(#2099),#2103);
#2099 = LINE('',#2100,#2101);
#2100 = CARTESIAN_POINT('',(-0.,4.2));
#2101 = VECTOR('',#2102,1.);
#2102 = DIRECTION('',(-1.,0.));
#2103 = ( GEOMETRIC_REPRESENTATION_CONTEXT(2) 
PARAMETRIC_REPRESENTATION_CONTEXT() REPRESENTATION_CONTEXT('2D SPACE',''
  ) );
#2104 = PCURVE('',#2105,#2110);
#2105 = TOROIDAL_SURFACE('',#2106,1.6,0.8);
#2106 = AXIS2_PLACEMENT_3D('',#2107,#2108,#2109);
#2107 = CARTESIAN_POINT('',(-21.,28.405390679346,4.2));
#2108 = DIRECTION('',(-0.,-0.,1.));
#2109 = DIRECTION('',(1.,0.,0.));
#2110 = DEFINITIONAL_REPRESENTATION('',(#2111),#2115);
#2111 = LINE('',#2112,#2113);
#2112 = CARTESIAN_POINT('',(-0.,3.14159265359));
#2113 = VECTOR('',#2114,1.);
#2114 = DIRECTION('',(-1.,0.));
#2115 = ( GEOMETRIC_REPRESENTATION_CONTEXT(2) 
PARAMETRIC_REPRESENTATION_CONTEXT() REPRESENTATION_CONTEXT('2D SPACE',''
  ) );
#2116 = ADVANCED_FACE('',(#2117),#710,.F.);
#2117 = FACE_BOUND('',#2118,.T.);
#2118 = EDGE_LOOP('',(#2119,#2142,#2143,#2144));
#2119 = ORIENTED_EDGE('',*,*,#2120,.F.);
#2120 = EDGE_CURVE('',#672,#2121,#2123,.T.);
#2121 = VERTEX_POINT('',#2122);
#2122 = CARTESIAN_POINT('',(20.526909069098,27.760266682661,4.2));
#2123 = SURFACE_CURVE('',#2124,(#2128,#2135),.PCURVE_S1.);
#2124 = LINE('',#2125,#2126);
#2125 = CARTESIAN_POINT('',(20.526909069098,27.760266682661,0.));
#2126 = VECTOR('',#2127,1.);
#2127 = DIRECTION('',(0.,0.,1.));
#2128 = PCURVE('',#710,#2129);
#2129 = DEFINITIONAL_REPRESENTATION('',(#2130),#2134);
#2130 = LINE('',#2131,#2132);
#2131 = CARTESIAN_POINT('',(-0.,0.));
#2132 = VECTOR('',#2133,1.);
#2133 = DIRECTION('',(-0.,1.));
#2134 = ( GEOMETRIC_REPRESENTATION_CONTEXT(2) 
PARAMETRIC_REPRESENTATION_CONTEXT() REPRESENTATION_CONTEXT('2D SPACE',''
  ) );
#2135 = PCURVE('',#824,#2136);
#2136 = DEFINITIONAL_REPRESENTATION('',(#2137),#2141);
#2137 = LINE('',#2138,#2139);
#2138 = CARTESIAN_POINT('',(18.195684558392,0.));
#2139 = VECTOR('',#2140,1.);
#2140 = DIRECTION('',(0.,-1.));
#2141 = ( GEOMETRIC_REPRESENTATION_CONTEXT(2) 
PARAMETRIC_REPRESENTATION_CONTEXT() REPRESENTATION_CONTEXT('2D SPACE',''
  ) );
#2142 = ORIENTED_EDGE('',*,*,#695,.T.);
#2143 = ORIENTED_EDGE('',*,*,#2041,.T.);
#2144 = ORIENTED_EDGE('',*,*,#2145,.F.);
#2145 = EDGE_CURVE('',#2121,#2014,#2146,.T.);
#2146 = SURFACE_CURVE('',#2147,(#2152,#2159),.PCURVE_S1.);
#2147 = CIRCLE('',#2148,0.8);
#2148 = AXIS2_PLACEMENT_3D('',#2149,#2150,#2151);
#2149 = CARTESIAN_POINT('',(21.,28.405390679346,4.2));
#2150 = DIRECTION('',(0.,0.,-1.));
#2151 = DIRECTION('',(-0.591363663628,-0.806404995856,-0.));
#2152 = PCURVE('',#710,#2153);
#2153 = DEFINITIONAL_REPRESENTATION('',(#2154),#2158);
#2154 = LINE('',#2155,#2156);
#2155 = CARTESIAN_POINT('',(-0.,4.2));
#2156 = VECTOR('',#2157,1.);
#2157 = DIRECTION('',(-1.,0.));
#2158 = ( GEOMETRIC_REPRESENTATION_CONTEXT(2) 
PARAMETRIC_REPRESENTATION_CONTEXT() REPRESENTATION_CONTEXT('2D SPACE',''
  ) );
#2159 = PCURVE('',#2160,#2165);
#2160 = TOROIDAL_SURFACE('',#2161,1.6,0.8);
#2161 = AXIS2_PLACEMENT_3D('',#2162,#2163,#2164);
#2162 = CARTESIAN_POINT('',(21.,28.405390679346,4.2));
#2163 = DIRECTION('',(-0.,-0.,1.));
#2164 = DIRECTION('',(-0.591363663628,-0.806404995856,-0.));
#2165 = DEFINITIONAL_REPRESENTATION('',(#2166),#2170);
#2166 = LINE('',#2167,#2168);
#2167 = CARTESIAN_POINT('',(-0.,3.14159265359));
#2168 = VECTOR('',#2169,1.);
#2169 = DIRECTION('',(-1.,0.));
#2170 = ( GEOMETRIC_REPRESENTATION_CONTEXT(2) 
PARAMETRIC_REPRESENTATION_CONTEXT() REPRESENTATION_CONTEXT('2D SPACE',''
  ) );
#2171 = ADVANCED_FACE('',(#2172),#742,.F.);
#2172 = FACE_BOUND('',#2173,.F.);
#2173 = EDGE_LOOP('',(#2174,#2175,#2176,#2204));
#2174 = ORIENTED_EDGE('',*,*,#726,.F.);
#2175 = ORIENTED_EDGE('',*,*,#2067,.T.);
#2176 = ORIENTED_EDGE('',*,*,#2177,.T.);
#2177 = EDGE_CURVE('',#2068,#2178,#2180,.T.);
#2178 = VERTEX_POINT('',#2179);
#2179 = CARTESIAN_POINT('',(-34.8730909309,17.239733317339,4.2));
#2180 = SURFACE_CURVE('',#2181,(#2185,#2192),.PCURVE_S1.);
#2181 = LINE('',#2182,#2183);
#2182 = CARTESIAN_POINT('',(-20.2,28.,4.2));
#2183 = VECTOR('',#2184,1.);
#2184 = DIRECTION('',(-0.806404995856,-0.591363663628,0.));
#2185 = PCURVE('',#742,#2186);
#2186 = DEFINITIONAL_REPRESENTATION('',(#2187),#2191);
#2187 = LINE('',#2188,#2189);
#2188 = CARTESIAN_POINT('',(-2.886579864025E-15,-4.2));
#2189 = VECTOR('',#2190,1.);
#2190 = DIRECTION('',(1.,0.));
#2191 = ( GEOMETRIC_REPRESENTATION_CONTEXT(2) 
PARAMETRIC_REPRESENTATION_CONTEXT() REPRESENTATION_CONTEXT('2D SPACE',''
  ) );
#2192 = PCURVE('',#2193,#2198);
#2193 = CYLINDRICAL_SURFACE('',#2194,0.8);
#2194 = AXIS2_PLACEMENT_3D('',#2195,#2196,#2197);
#2195 = CARTESIAN_POINT('',(-19.72690906909,27.354876003315,4.2));
#2196 = DIRECTION('',(-0.806404995856,-0.591363663628,0.));
#2197 = DIRECTION('',(-0.591363663628,0.806404995856,0.));
#2198 = DEFINITIONAL_REPRESENTATION('',(#2199),#2203);
#2199 = LINE('',#2200,#2201);
#2200 = CARTESIAN_POINT('',(-0.,0.));
#2201 = VECTOR('',#2202,1.);
#2202 = DIRECTION('',(-0.,1.));
#2203 = ( GEOMETRIC_REPRESENTATION_CONTEXT(2) 
PARAMETRIC_REPRESENTATION_CONTEXT() REPRESENTATION_CONTEXT('2D SPACE',''
  ) );
#2204 = ORIENTED_EDGE('',*,*,#2205,.F.);
#2205 = EDGE_CURVE('',#727,#2178,#2206,.T.);
#2206 = SURFACE_CURVE('',#2207,(#2211,#2218),.PCURVE_S1.);
#2207 = LINE('',#2208,#2209);
#2208 = CARTESIAN_POINT('',(-34.8730909309,17.239733317339,0.));
#2209 = VECTOR('',#2210,1.);
#2210 = DIRECTION('',(0.,0.,1.));
#2211 = PCURVE('',#742,#2212);
#2212 = DEFINITIONAL_REPRESENTATION('',(#2213),#2217);
#2213 = LINE('',#2214,#2215);
#2214 = CARTESIAN_POINT('',(18.195684558392,0.));
#2215 = VECTOR('',#2216,1.);
#2216 = DIRECTION('',(0.,-1.));
#2217 = ( GEOMETRIC_REPRESENTATION_CONTEXT(2) 
PARAMETRIC_REPRESENTATION_CONTEXT() REPRESENTATION_CONTEXT('2D SPACE',''
  ) );
#2218 = PCURVE('',#2219,#2224);
#2219 = CYLINDRICAL_SURFACE('',#2220,0.8);
#2220 = AXIS2_PLACEMENT_3D('',#2221,#2222,#2223);
#2221 = CARTESIAN_POINT('',(-34.4,16.594609320654,0.));
#2222 = DIRECTION('',(0.,0.,1.));
#2223 = DIRECTION('',(-0.591363663628,0.806404995856,0.));
#2224 = DEFINITIONAL_REPRESENTATION('',(#2225),#2229);
#2225 = LINE('',#2226,#2227);
#2226 = CARTESIAN_POINT('',(0.,0.));
#2227 = VECTOR('',#2228,1.);
#2228 = DIRECTION('',(0.,1.));
#2229 = ( GEOMETRIC_REPRESENTATION_CONTEXT(2) 
PARAMETRIC_REPRESENTATION_CONTEXT() REPRESENTATION_CONTEXT('2D SPACE',''
  ) );
#2230 = ADVANCED_FACE('',(#2231),#768,.T.);
#2231 = FACE_BOUND('',#2232,.T.);
#2232 = EDGE_LOOP('',(#2233,#2234,#2235));
#2233 = ORIENTED_EDGE('',*,*,#754,.F.);
#2234 = ORIENTED_EDGE('',*,*,#896,.T.);
#2235 = ORIENTED_EDGE('',*,*,#2236,.F.);
#2236 = EDGE_CURVE('',#727,#869,#2237,.T.);
#2237 = SURFACE_CURVE('',#2238,(#2243,#2250),.PCURVE_S1.);
#2238 = CIRCLE('',#2239,0.8);
#2239 = AXIS2_PLACEMENT_3D('',#2240,#2241,#2242);
#2240 = CARTESIAN_POINT('',(-34.4,16.594609320654,0.8));
#2241 = DIRECTION('',(0.,0.,1.));
#2242 = DIRECTION('',(-0.591363663628,0.806404995856,0.));
#2243 = PCURVE('',#768,#2244);
#2244 = DEFINITIONAL_REPRESENTATION('',(#2245),#2249);
#2245 = LINE('',#2246,#2247);
#2246 = CARTESIAN_POINT('',(0.,0.));
#2247 = VECTOR('',#2248,1.);
#2248 = DIRECTION('',(1.,0.));
#2249 = ( GEOMETRIC_REPRESENTATION_CONTEXT(2) 
PARAMETRIC_REPRESENTATION_CONTEXT() REPRESENTATION_CONTEXT('2D SPACE',''
  ) );
#2250 = PCURVE('',#2219,#2251);
#2251 = DEFINITIONAL_REPRESENTATION('',(#2252),#2256);
#2252 = LINE('',#2253,#2254);
#2253 = CARTESIAN_POINT('',(4.440892098501E-15,0.8));
#2254 = VECTOR('',#2255,1.);
#2255 = DIRECTION('',(1.,0.));
#2256 = ( GEOMETRIC_REPRESENTATION_CONTEXT(2) 
PARAMETRIC_REPRESENTATION_CONTEXT() REPRESENTATION_CONTEXT('2D SPACE',''
  ) );
#2257 = ADVANCED_FACE('',(#2258),#799,.T.);
#2258 = FACE_BOUND('',#2259,.T.);
#2259 = EDGE_LOOP('',(#2260,#2261,#2262));
#2260 = ORIENTED_EDGE('',*,*,#920,.F.);
#2261 = ORIENTED_EDGE('',*,*,#783,.T.);
#2262 = ORIENTED_EDGE('',*,*,#2263,.F.);
#2263 = EDGE_CURVE('',#921,#784,#2264,.T.);
#2264 = SURFACE_CURVE('',#2265,(#2270,#2277),.PCURVE_S1.);
#2265 = CIRCLE('',#2266,0.8);
#2266 = AXIS2_PLACEMENT_3D('',#2267,#2268,#2269);
#2267 = CARTESIAN_POINT('',(34.4,16.594609320654,0.8));
#2268 = DIRECTION('',(0.,-0.,1.));
#2269 = DIRECTION('',(1.,0.,0.));
#2270 = PCURVE('',#799,#2271);
#2271 = DEFINITIONAL_REPRESENTATION('',(#2272),#2276);
#2272 = LINE('',#2273,#2274);
#2273 = CARTESIAN_POINT('',(0.,0.));
#2274 = VECTOR('',#2275,1.);
#2275 = DIRECTION('',(1.,0.));
#2276 = ( GEOMETRIC_REPRESENTATION_CONTEXT(2) 
PARAMETRIC_REPRESENTATION_CONTEXT() REPRESENTATION_CONTEXT('2D SPACE',''
  ) );
#2277 = PCURVE('',#2278,#2283);
#2278 = CYLINDRICAL_SURFACE('',#2279,0.8);
#2279 = AXIS2_PLACEMENT_3D('',#2280,#2281,#2282);
#2280 = CARTESIAN_POINT('',(34.4,16.594609320654,0.));
#2281 = DIRECTION('',(0.,0.,1.));
#2282 = DIRECTION('',(1.,0.,-0.));
#2283 = DEFINITIONAL_REPRESENTATION('',(#2284),#2288);
#2284 = LINE('',#2285,#2286);
#2285 = CARTESIAN_POINT('',(0.,0.8));
#2286 = VECTOR('',#2287,1.);
#2287 = DIRECTION('',(1.,0.));
#2288 = ( GEOMETRIC_REPRESENTATION_CONTEXT(2) 
PARAMETRIC_REPRESENTATION_CONTEXT() REPRESENTATION_CONTEXT('2D SPACE',''
  ) );
#2289 = ADVANCED_FACE('',(#2290),#824,.F.);
#2290 = FACE_BOUND('',#2291,.F.);
#2291 = EDGE_LOOP('',(#2292,#2293,#2316,#2342));
#2292 = ORIENTED_EDGE('',*,*,#810,.F.);
#2293 = ORIENTED_EDGE('',*,*,#2294,.T.);
#2294 = EDGE_CURVE('',#784,#2295,#2297,.T.);
#2295 = VERTEX_POINT('',#2296);
#2296 = CARTESIAN_POINT('',(34.873090930902,17.239733317339,4.2));
#2297 = SURFACE_CURVE('',#2298,(#2302,#2309),.PCURVE_S1.);
#2298 = LINE('',#2299,#2300);
#2299 = CARTESIAN_POINT('',(34.873090930902,17.239733317339,0.));
#2300 = VECTOR('',#2301,1.);
#2301 = DIRECTION('',(0.,0.,1.));
#2302 = PCURVE('',#824,#2303);
#2303 = DEFINITIONAL_REPRESENTATION('',(#2304),#2308);
#2304 = LINE('',#2305,#2306);
#2305 = CARTESIAN_POINT('',(0.405390679346,0.));
#2306 = VECTOR('',#2307,1.);
#2307 = DIRECTION('',(0.,-1.));
#2308 = ( GEOMETRIC_REPRESENTATION_CONTEXT(2) 
PARAMETRIC_REPRESENTATION_CONTEXT() REPRESENTATION_CONTEXT('2D SPACE',''
  ) );
#2309 = PCURVE('',#2278,#2310);
#2310 = DEFINITIONAL_REPRESENTATION('',(#2311),#2315);
#2311 = LINE('',#2312,#2313);
#2312 = CARTESIAN_POINT('',(0.938047491793,0.));
#2313 = VECTOR('',#2314,1.);
#2314 = DIRECTION('',(0.,1.));
#2315 = ( GEOMETRIC_REPRESENTATION_CONTEXT(2) 
PARAMETRIC_REPRESENTATION_CONTEXT() REPRESENTATION_CONTEXT('2D SPACE',''
  ) );
#2316 = ORIENTED_EDGE('',*,*,#2317,.T.);
#2317 = EDGE_CURVE('',#2295,#2121,#2318,.T.);
#2318 = SURFACE_CURVE('',#2319,(#2323,#2330),.PCURVE_S1.);
#2319 = LINE('',#2320,#2321);
#2320 = CARTESIAN_POINT('',(35.2,17.,4.2));
#2321 = VECTOR('',#2322,1.);
#2322 = DIRECTION('',(-0.806404995856,0.591363663628,0.));
#2323 = PCURVE('',#824,#2324);
#2324 = DEFINITIONAL_REPRESENTATION('',(#2325),#2329);
#2325 = LINE('',#2326,#2327);
#2326 = CARTESIAN_POINT('',(-7.105427357601E-15,-4.2));
#2327 = VECTOR('',#2328,1.);
#2328 = DIRECTION('',(1.,0.));
#2329 = ( GEOMETRIC_REPRESENTATION_CONTEXT(2) 
PARAMETRIC_REPRESENTATION_CONTEXT() REPRESENTATION_CONTEXT('2D SPACE',''
  ) );
#2330 = PCURVE('',#2331,#2336);
#2331 = CYLINDRICAL_SURFACE('',#2332,0.8);
#2332 = AXIS2_PLACEMENT_3D('',#2333,#2334,#2335);
#2333 = CARTESIAN_POINT('',(34.726909069098,16.354876003315,4.2));
#2334 = DIRECTION('',(-0.806404995856,0.591363663628,0.));
#2335 = DIRECTION('',(0.591363663628,0.806404995856,-0.));
#2336 = DEFINITIONAL_REPRESENTATION('',(#2337),#2341);
#2337 = LINE('',#2338,#2339);
#2338 = CARTESIAN_POINT('',(-0.,0.));
#2339 = VECTOR('',#2340,1.);
#2340 = DIRECTION('',(-0.,1.));
#2341 = ( GEOMETRIC_REPRESENTATION_CONTEXT(2) 
PARAMETRIC_REPRESENTATION_CONTEXT() REPRESENTATION_CONTEXT('2D SPACE',''
  ) );
#2342 = ORIENTED_EDGE('',*,*,#2120,.F.);
#2343 = ADVANCED_FACE('',(#2344),#857,.T.);
#2344 = FACE_BOUND('',#2345,.F.);
#2345 = EDGE_LOOP('',(#2346,#2347,#2372));
#2346 = ORIENTED_EDGE('',*,*,#841,.F.);
#2347 = ORIENTED_EDGE('',*,*,#2348,.T.);
#2348 = EDGE_CURVE('',#842,#1025,#2349,.T.);
#2349 = SURFACE_CURVE('',#2350,(#2355,#2361),.PCURVE_S1.);
#2350 = CIRCLE('',#2351,0.8);
#2351 = AXIS2_PLACEMENT_3D('',#2352,#2353,#2354);
#2352 = CARTESIAN_POINT('',(-34.4,0.8,0.8));
#2353 = DIRECTION('',(-0.,2.203438688952E-17,1.));
#2354 = DIRECTION('',(0.,-1.,2.203438688952E-17));
#2355 = PCURVE('',#857,#2356);
#2356 = DEFINITIONAL_REPRESENTATION('',(#2357),#2360);
#2357 = B_SPLINE_CURVE_WITH_KNOTS('',1,(#2358,#2359),.UNSPECIFIED.,.F.,
  .F.,(2,2),(4.712388980385,6.28318530718),.PIECEWISE_BEZIER_KNOTS.);
#2358 = CARTESIAN_POINT('',(-1.570796326795,-1.570796326795));
#2359 = CARTESIAN_POINT('',(-1.570796326795,0.));
#2360 = ( GEOMETRIC_REPRESENTATION_CONTEXT(2) 
PARAMETRIC_REPRESENTATION_CONTEXT() REPRESENTATION_CONTEXT('2D SPACE',''
  ) );
#2361 = PCURVE('',#2362,#2367);
#2362 = CYLINDRICAL_SURFACE('',#2363,0.8);
#2363 = AXIS2_PLACEMENT_3D('',#2364,#2365,#2366);
#2364 = CARTESIAN_POINT('',(-34.4,0.8,16.));
#2365 = DIRECTION('',(0.,0.,-1.));
#2366 = DIRECTION('',(0.,-1.,-0.));
#2367 = DEFINITIONAL_REPRESENTATION('',(#2368),#2371);
#2368 = B_SPLINE_CURVE_WITH_KNOTS('',1,(#2369,#2370),.UNSPECIFIED.,.F.,
  .F.,(2,2),(4.712388980385,6.28318530718),.PIECEWISE_BEZIER_KNOTS.);
#2369 = CARTESIAN_POINT('',(1.570796326795,15.2));
#2370 = CARTESIAN_POINT('',(0.,15.2));
#2371 = ( GEOMETRIC_REPRESENTATION_CONTEXT(2) 
PARAMETRIC_REPRESENTATION_CONTEXT() REPRESENTATION_CONTEXT('2D SPACE',''
  ) );
#2372 = ORIENTED_EDGE('',*,*,#1052,.F.);
#2373 = ADVANCED_FACE('',(#2374),#884,.F.);
#2374 = FACE_BOUND('',#2375,.F.);
#2375 = EDGE_LOOP('',(#2376,#2377,#2400,#2428,#2461,#2489,#2517));
#2376 = ORIENTED_EDGE('',*,*,#868,.T.);
#2377 = ORIENTED_EDGE('',*,*,#2378,.T.);
#2378 = EDGE_CURVE('',#869,#2379,#2381,.T.);
#2379 = VERTEX_POINT('',#2380);
#2380 = CARTESIAN_POINT('',(-35.2,16.594609320654,4.2));
#2381 = SURFACE_CURVE('',#2382,(#2386,#2393),.PCURVE_S1.);
#2382 = LINE('',#2383,#2384);
#2383 = CARTESIAN_POINT('',(-35.2,16.594609320654,0.));
#2384 = VECTOR('',#2385,1.);
#2385 = DIRECTION('',(0.,0.,1.));
#2386 = PCURVE('',#884,#2387);
#2387 = DEFINITIONAL_REPRESENTATION('',(#2388),#2392);
#2388 = LINE('',#2389,#2390);
#2389 = CARTESIAN_POINT('',(0.405390679346,0.));
#2390 = VECTOR('',#2391,1.);
#2391 = DIRECTION('',(0.,-1.));
#2392 = ( GEOMETRIC_REPRESENTATION_CONTEXT(2) 
PARAMETRIC_REPRESENTATION_CONTEXT() REPRESENTATION_CONTEXT('2D SPACE',''
  ) );
#2393 = PCURVE('',#2219,#2394);
#2394 = DEFINITIONAL_REPRESENTATION('',(#2395),#2399);
#2395 = LINE('',#2396,#2397);
#2396 = CARTESIAN_POINT('',(0.938047491793,0.));
#2397 = VECTOR('',#2398,1.);
#2398 = DIRECTION('',(0.,1.));
#2399 = ( GEOMETRIC_REPRESENTATION_CONTEXT(2) 
PARAMETRIC_REPRESENTATION_CONTEXT() REPRESENTATION_CONTEXT('2D SPACE',''
  ) );
#2400 = ORIENTED_EDGE('',*,*,#2401,.T.);
#2401 = EDGE_CURVE('',#2379,#2402,#2404,.T.);
#2402 = VERTEX_POINT('',#2403);
#2403 = CARTESIAN_POINT('',(-35.2,4.2,4.2));
#2404 = SURFACE_CURVE('',#2405,(#2409,#2416),.PCURVE_S1.);
#2405 = LINE('',#2406,#2407);
#2406 = CARTESIAN_POINT('',(-35.2,17.,4.2));
#2407 = VECTOR('',#2408,1.);
#2408 = DIRECTION('',(0.,-1.,0.));
#2409 = PCURVE('',#884,#2410);
#2410 = DEFINITIONAL_REPRESENTATION('',(#2411),#2415);
#2411 = LINE('',#2412,#2413);
#2412 = CARTESIAN_POINT('',(0.,-4.2));
#2413 = VECTOR('',#2414,1.);
#2414 = DIRECTION('',(1.,0.));
#2415 = ( GEOMETRIC_REPRESENTATION_CONTEXT(2) 
PARAMETRIC_REPRESENTATION_CONTEXT() REPRESENTATION_CONTEXT('2D SPACE',''
  ) );
#2416 = PCURVE('',#2417,#2422);
#2417 = CYLINDRICAL_SURFACE('',#2418,0.8);
#2418 = AXIS2_PLACEMENT_3D('',#2419,#2420,#2421);
#2419 = CARTESIAN_POINT('',(-34.4,17.,4.2));
#2420 = DIRECTION('',(0.,-1.,0.));
#2421 = DIRECTION('',(-1.,-0.,0.));
#2422 = DEFINITIONAL_REPRESENTATION('',(#2423),#2427);
#2423 = LINE('',#2424,#2425);
#2424 = CARTESIAN_POINT('',(-0.,0.));
#2425 = VECTOR('',#2426,1.);
#2426 = DIRECTION('',(-0.,1.));
#2427 = ( GEOMETRIC_REPRESENTATION_CONTEXT(2) 
PARAMETRIC_REPRESENTATION_CONTEXT() REPRESENTATION_CONTEXT('2D SPACE',''
  ) );
#2428 = ORIENTED_EDGE('',*,*,#2429,.T.);
#2429 = EDGE_CURVE('',#2402,#2430,#2432,.T.);
#2430 = VERTEX_POINT('',#2431);
#2431 = CARTESIAN_POINT('',(-35.2,2.6,5.8));
#2432 = SURFACE_CURVE('',#2433,(#2438,#2449),.PCURVE_S1.);
#2433 = CIRCLE('',#2434,1.6);
#2434 = AXIS2_PLACEMENT_3D('',#2435,#2436,#2437);
#2435 = CARTESIAN_POINT('',(-35.2,4.2,5.8));
#2436 = DIRECTION('',(-1.,-0.,-0.));
#2437 = DIRECTION('',(0.,0.,-1.));
#2438 = PCURVE('',#884,#2439);
#2439 = DEFINITIONAL_REPRESENTATION('',(#2440),#2448);
#2440 = ( BOUNDED_CURVE() B_SPLINE_CURVE(2,(#2441,#2442,#2443,#2444,
#2445,#2446,#2447),.UNSPECIFIED.,.T.,.F.) B_SPLINE_CURVE_WITH_KNOTS((1,2
    ,2,2,2,1),(-2.094395102393,0.,2.094395102393,4.188790204786,
6.28318530718,8.377580409573),.UNSPECIFIED.) CURVE() 
GEOMETRIC_REPRESENTATION_ITEM() RATIONAL_B_SPLINE_CURVE((1.,0.5,1.,0.5,
1.,0.5,1.)) REPRESENTATION_ITEM('') );
#2441 = CARTESIAN_POINT('',(12.8,-4.2));
#2442 = CARTESIAN_POINT('',(15.57128129211,-4.2));
#2443 = CARTESIAN_POINT('',(14.185640646055,-6.6));
#2444 = CARTESIAN_POINT('',(12.8,-9.));
#2445 = CARTESIAN_POINT('',(11.414359353945,-6.6));
#2446 = CARTESIAN_POINT('',(10.02871870789,-4.2));
#2447 = CARTESIAN_POINT('',(12.8,-4.2));
#2448 = ( GEOMETRIC_REPRESENTATION_CONTEXT(2) 
PARAMETRIC_REPRESENTATION_CONTEXT() REPRESENTATION_CONTEXT('2D SPACE',''
  ) );
#2449 = PCURVE('',#2450,#2455);
#2450 = TOROIDAL_SURFACE('',#2451,1.6,0.8);
#2451 = AXIS2_PLACEMENT_3D('',#2452,#2453,#2454);
#2452 = CARTESIAN_POINT('',(-34.4,4.2,5.8));
#2453 = DIRECTION('',(-1.,-0.,-0.));
#2454 = DIRECTION('',(0.,0.,-1.));
#2455 = DEFINITIONAL_REPRESENTATION('',(#2456),#2460);
#2456 = LINE('',#2457,#2458);
#2457 = CARTESIAN_POINT('',(0.,1.570796326795));
#2458 = VECTOR('',#2459,1.);
#2459 = DIRECTION('',(1.,0.));
#2460 = ( GEOMETRIC_REPRESENTATION_CONTEXT(2) 
PARAMETRIC_REPRESENTATION_CONTEXT() REPRESENTATION_CONTEXT('2D SPACE',''
  ) );
#2461 = ORIENTED_EDGE('',*,*,#2462,.F.);
#2462 = EDGE_CURVE('',#2463,#2430,#2465,.T.);
#2463 = VERTEX_POINT('',#2464);
#2464 = CARTESIAN_POINT('',(-35.2,2.6,15.668629150102));
#2465 = SURFACE_CURVE('',#2466,(#2470,#2477),.PCURVE_S1.);
#2466 = LINE('',#2467,#2468);
#2467 = CARTESIAN_POINT('',(-35.2,2.6,16.));
#2468 = VECTOR('',#2469,1.);
#2469 = DIRECTION('',(0.,0.,-1.));
#2470 = PCURVE('',#884,#2471);
#2471 = DEFINITIONAL_REPRESENTATION('',(#2472),#2476);
#2472 = LINE('',#2473,#2474);
#2473 = CARTESIAN_POINT('',(14.4,-16.));
#2474 = VECTOR('',#2475,1.);
#2475 = DIRECTION('',(0.,1.));
#2476 = ( GEOMETRIC_REPRESENTATION_CONTEXT(2) 
PARAMETRIC_REPRESENTATION_CONTEXT() REPRESENTATION_CONTEXT('2D SPACE',''
  ) );
#2477 = PCURVE('',#2478,#2483);
#2478 = CYLINDRICAL_SURFACE('',#2479,0.8);
#2479 = AXIS2_PLACEMENT_3D('',#2480,#2481,#2482);
#2480 = CARTESIAN_POINT('',(-34.4,2.6,16.));
#2481 = DIRECTION('',(0.,0.,-1.));
#2482 = DIRECTION('',(-1.,-0.,-0.));
#2483 = DEFINITIONAL_REPRESENTATION('',(#2484),#2488);
#2484 = LINE('',#2485,#2486);
#2485 = CARTESIAN_POINT('',(0.,0.));
#2486 = VECTOR('',#2487,1.);
#2487 = DIRECTION('',(0.,1.));
#2488 = ( GEOMETRIC_REPRESENTATION_CONTEXT(2) 
PARAMETRIC_REPRESENTATION_CONTEXT() REPRESENTATION_CONTEXT('2D SPACE',''
  ) );
#2489 = ORIENTED_EDGE('',*,*,#2490,.F.);
#2490 = EDGE_CURVE('',#2491,#2463,#2493,.T.);
#2491 = VERTEX_POINT('',#2492);
#2492 = CARTESIAN_POINT('',(-35.2,0.8,15.668629150102));
#2493 = SURFACE_CURVE('',#2494,(#2498,#2505),.PCURVE_S1.);
#2494 = LINE('',#2495,#2496);
#2495 = CARTESIAN_POINT('',(-35.2,0.,15.668629150102));
#2496 = VECTOR('',#2497,1.);
#2497 = DIRECTION('',(-0.,1.,-0.));
#2498 = PCURVE('',#884,#2499);
#2499 = DEFINITIONAL_REPRESENTATION('',(#2500),#2504);
#2500 = LINE('',#2501,#2502);
#2501 = CARTESIAN_POINT('',(17.,-15.6686291501));
#2502 = VECTOR('',#2503,1.);
#2503 = DIRECTION('',(-1.,0.));
#2504 = ( GEOMETRIC_REPRESENTATION_CONTEXT(2) 
PARAMETRIC_REPRESENTATION_CONTEXT() REPRESENTATION_CONTEXT('2D SPACE',''
  ) );
#2505 = PCURVE('',#2506,#2511);
#2506 = CYLINDRICAL_SURFACE('',#2507,0.8);
#2507 = AXIS2_PLACEMENT_3D('',#2508,#2509,#2510);
#2508 = CARTESIAN_POINT('',(-34.4,0.,15.668629150102));
#2509 = DIRECTION('',(-0.,1.,-0.));
#2510 = DIRECTION('',(-1.,-0.,-0.));
#2511 = DEFINITIONAL_REPRESENTATION('',(#2512),#2516);
#2512 = LINE('',#2513,#2514);
#2513 = CARTESIAN_POINT('',(0.,0.));
#2514 = VECTOR('',#2515,1.);
#2515 = DIRECTION('',(0.,1.));
#2516 = ( GEOMETRIC_REPRESENTATION_CONTEXT(2) 
PARAMETRIC_REPRESENTATION_CONTEXT() REPRESENTATION_CONTEXT('2D SPACE',''
  ) );
#2517 = ORIENTED_EDGE('',*,*,#2518,.T.);
#2518 = EDGE_CURVE('',#2491,#842,#2519,.T.);
#2519 = SURFACE_CURVE('',#2520,(#2524,#2531),.PCURVE_S1.);
#2520 = LINE('',#2521,#2522);
#2521 = CARTESIAN_POINT('',(-35.2,0.8,16.));
#2522 = VECTOR('',#2523,1.);
#2523 = DIRECTION('',(0.,0.,-1.));
#2524 = PCURVE('',#884,#2525);
#2525 = DEFINITIONAL_REPRESENTATION('',(#2526),#2530);
#2526 = LINE('',#2527,#2528);
#2527 = CARTESIAN_POINT('',(16.2,-16.));
#2528 = VECTOR('',#2529,1.);
#2529 = DIRECTION('',(0.,1.));
#2530 = ( GEOMETRIC_REPRESENTATION_CONTEXT(2) 
PARAMETRIC_REPRESENTATION_CONTEXT() REPRESENTATION_CONTEXT('2D SPACE',''
  ) );
#2531 = PCURVE('',#2362,#2532);
#2532 = DEFINITIONAL_REPRESENTATION('',(#2533),#2537);
#2533 = LINE('',#2534,#2535);
#2534 = CARTESIAN_POINT('',(1.570796326795,0.));
#2535 = VECTOR('',#2536,1.);
#2536 = DIRECTION('',(0.,1.));
#2537 = ( GEOMETRIC_REPRESENTATION_CONTEXT(2) 
PARAMETRIC_REPRESENTATION_CONTEXT() REPRESENTATION_CONTEXT('2D SPACE',''
  ) );
#2538 = ADVANCED_FACE('',(#2539),#958,.F.);
#2539 = FACE_BOUND('',#2540,.F.);
#2540 = EDGE_LOOP('',(#2541,#2542,#2570,#2598,#2626,#2659,#2687));
#2541 = ORIENTED_EDGE('',*,*,#942,.T.);
#2542 = ORIENTED_EDGE('',*,*,#2543,.T.);
#2543 = EDGE_CURVE('',#943,#2544,#2546,.T.);
#2544 = VERTEX_POINT('',#2545);
#2545 = CARTESIAN_POINT('',(35.2,0.8,15.668629150102));
#2546 = SURFACE_CURVE('',#2547,(#2551,#2558),.PCURVE_S1.);
#2547 = LINE('',#2548,#2549);
#2548 = CARTESIAN_POINT('',(35.2,0.8,0.));
#2549 = VECTOR('',#2550,1.);
#2550 = DIRECTION('',(0.,0.,1.));
#2551 = PCURVE('',#958,#2552);
#2552 = DEFINITIONAL_REPRESENTATION('',(#2553),#2557);
#2553 = LINE('',#2554,#2555);
#2554 = CARTESIAN_POINT('',(-1.7,0.));
#2555 = VECTOR('',#2556,1.);
#2556 = DIRECTION('',(0.,-1.));
#2557 = ( GEOMETRIC_REPRESENTATION_CONTEXT(2) 
PARAMETRIC_REPRESENTATION_CONTEXT() REPRESENTATION_CONTEXT('2D SPACE',''
  ) );
#2558 = PCURVE('',#2559,#2564);
#2559 = CYLINDRICAL_SURFACE('',#2560,0.8);
#2560 = AXIS2_PLACEMENT_3D('',#2561,#2562,#2563);
#2561 = CARTESIAN_POINT('',(34.4,0.8,0.));
#2562 = DIRECTION('',(0.,0.,1.));
#2563 = DIRECTION('',(0.,-1.,0.));
#2564 = DEFINITIONAL_REPRESENTATION('',(#2565),#2569);
#2565 = LINE('',#2566,#2567);
#2566 = CARTESIAN_POINT('',(1.570796326795,0.));
#2567 = VECTOR('',#2568,1.);
#2568 = DIRECTION('',(0.,1.));
#2569 = ( GEOMETRIC_REPRESENTATION_CONTEXT(2) 
PARAMETRIC_REPRESENTATION_CONTEXT() REPRESENTATION_CONTEXT('2D SPACE',''
  ) );
#2570 = ORIENTED_EDGE('',*,*,#2571,.T.);
#2571 = EDGE_CURVE('',#2544,#2572,#2574,.T.);
#2572 = VERTEX_POINT('',#2573);
#2573 = CARTESIAN_POINT('',(35.2,2.6,15.668629150102));
#2574 = SURFACE_CURVE('',#2575,(#2579,#2586),.PCURVE_S1.);
#2575 = LINE('',#2576,#2577);
#2576 = CARTESIAN_POINT('',(35.2,0.,15.668629150102));
#2577 = VECTOR('',#2578,1.);
#2578 = DIRECTION('',(-0.,1.,-0.));
#2579 = PCURVE('',#958,#2580);
#2580 = DEFINITIONAL_REPRESENTATION('',(#2581),#2585);
#2581 = LINE('',#2582,#2583);
#2582 = CARTESIAN_POINT('',(-2.5,-15.6686291501));
#2583 = VECTOR('',#2584,1.);
#2584 = DIRECTION('',(1.,0.));
#2585 = ( GEOMETRIC_REPRESENTATION_CONTEXT(2) 
PARAMETRIC_REPRESENTATION_CONTEXT() REPRESENTATION_CONTEXT('2D SPACE',''
  ) );
#2586 = PCURVE('',#2587,#2592);
#2587 = CYLINDRICAL_SURFACE('',#2588,0.8);
#2588 = AXIS2_PLACEMENT_3D('',#2589,#2590,#2591);
#2589 = CARTESIAN_POINT('',(34.4,0.,15.668629150102));
#2590 = DIRECTION('',(-0.,1.,-0.));
#2591 = DIRECTION('',(1.,0.,-0.));
#2592 = DEFINITIONAL_REPRESENTATION('',(#2593),#2597);
#2593 = LINE('',#2594,#2595);
#2594 = CARTESIAN_POINT('',(-0.,0.));
#2595 = VECTOR('',#2596,1.);
#2596 = DIRECTION('',(-0.,1.));
#2597 = ( GEOMETRIC_REPRESENTATION_CONTEXT(2) 
PARAMETRIC_REPRESENTATION_CONTEXT() REPRESENTATION_CONTEXT('2D SPACE',''
  ) );
#2598 = ORIENTED_EDGE('',*,*,#2599,.F.);
#2599 = EDGE_CURVE('',#2600,#2572,#2602,.T.);
#2600 = VERTEX_POINT('',#2601);
#2601 = CARTESIAN_POINT('',(35.2,2.6,5.8));
#2602 = SURFACE_CURVE('',#2603,(#2607,#2614),.PCURVE_S1.);
#2603 = LINE('',#2604,#2605);
#2604 = CARTESIAN_POINT('',(35.2,2.6,5.));
#2605 = VECTOR('',#2606,1.);
#2606 = DIRECTION('',(0.,0.,1.));
#2607 = PCURVE('',#958,#2608);
#2608 = DEFINITIONAL_REPRESENTATION('',(#2609),#2613);
#2609 = LINE('',#2610,#2611);
#2610 = CARTESIAN_POINT('',(0.1,-5.));
#2611 = VECTOR('',#2612,1.);
#2612 = DIRECTION('',(0.,-1.));
#2613 = ( GEOMETRIC_REPRESENTATION_CONTEXT(2) 
PARAMETRIC_REPRESENTATION_CONTEXT() REPRESENTATION_CONTEXT('2D SPACE',''
  ) );
#2614 = PCURVE('',#2615,#2620);
#2615 = CYLINDRICAL_SURFACE('',#2616,0.8);
#2616 = AXIS2_PLACEMENT_3D('',#2617,#2618,#2619);
#2617 = CARTESIAN_POINT('',(34.4,2.6,5.));
#2618 = DIRECTION('',(0.,0.,1.));
#2619 = DIRECTION('',(1.,0.,-0.));
#2620 = DEFINITIONAL_REPRESENTATION('',(#2621),#2625);
#2621 = LINE('',#2622,#2623);
#2622 = CARTESIAN_POINT('',(0.,0.));
#2623 = VECTOR('',#2624,1.);
#2624 = DIRECTION('',(0.,1.));
#2625 = ( GEOMETRIC_REPRESENTATION_CONTEXT(2) 
PARAMETRIC_REPRESENTATION_CONTEXT() REPRESENTATION_CONTEXT('2D SPACE',''
  ) );
#2626 = ORIENTED_EDGE('',*,*,#2627,.T.);
#2627 = EDGE_CURVE('',#2600,#2628,#2630,.T.);
#2628 = VERTEX_POINT('',#2629);
#2629 = CARTESIAN_POINT('',(35.2,4.2,4.2));
#2630 = SURFACE_CURVE('',#2631,(#2636,#2647),.PCURVE_S1.);
#2631 = CIRCLE('',#2632,1.6);
#2632 = AXIS2_PLACEMENT_3D('',#2633,#2634,#2635);
#2633 = CARTESIAN_POINT('',(35.2,4.2,5.8));
#2634 = DIRECTION('',(1.,0.,-0.));
#2635 = DIRECTION('',(0.,-1.,0.));
#2636 = PCURVE('',#958,#2637);
#2637 = DEFINITIONAL_REPRESENTATION('',(#2638),#2646);
#2638 = ( BOUNDED_CURVE() B_SPLINE_CURVE(2,(#2639,#2640,#2641,#2642,
#2643,#2644,#2645),.UNSPECIFIED.,.T.,.F.) B_SPLINE_CURVE_WITH_KNOTS((1,2
    ,2,2,2,1),(-2.094395102393,0.,2.094395102393,4.188790204786,
6.28318530718,8.377580409573),.UNSPECIFIED.) CURVE() 
GEOMETRIC_REPRESENTATION_ITEM() RATIONAL_B_SPLINE_CURVE((1.,0.5,1.,0.5,
1.,0.5,1.)) REPRESENTATION_ITEM('') );
#2639 = CARTESIAN_POINT('',(1.E-01,-5.8));
#2640 = CARTESIAN_POINT('',(1.E-01,-3.02871870789));
#2641 = CARTESIAN_POINT('',(2.5,-4.414359353945));
#2642 = CARTESIAN_POINT('',(4.9,-5.8));
#2643 = CARTESIAN_POINT('',(2.5,-7.185640646055));
#2644 = CARTESIAN_POINT('',(0.1,-8.57128129211));
#2645 = CARTESIAN_POINT('',(1.E-01,-5.8));
#2646 = ( GEOMETRIC_REPRESENTATION_CONTEXT(2) 
PARAMETRIC_REPRESENTATION_CONTEXT() REPRESENTATION_CONTEXT('2D SPACE',''
  ) );
#2647 = PCURVE('',#2648,#2653);
#2648 = TOROIDAL_SURFACE('',#2649,1.6,0.8);
#2649 = AXIS2_PLACEMENT_3D('',#2650,#2651,#2652);
#2650 = CARTESIAN_POINT('',(34.4,4.2,5.8));
#2651 = DIRECTION('',(1.,-0.,-0.));
#2652 = DIRECTION('',(0.,-1.,0.));
#2653 = DEFINITIONAL_REPRESENTATION('',(#2654),#2658);
#2654 = LINE('',#2655,#2656);
#2655 = CARTESIAN_POINT('',(0.,1.570796326795));
#2656 = VECTOR('',#2657,1.);
#2657 = DIRECTION('',(1.,0.));
#2658 = ( GEOMETRIC_REPRESENTATION_CONTEXT(2) 
PARAMETRIC_REPRESENTATION_CONTEXT() REPRESENTATION_CONTEXT('2D SPACE',''
  ) );
#2659 = ORIENTED_EDGE('',*,*,#2660,.T.);
#2660 = EDGE_CURVE('',#2628,#2661,#2663,.T.);
#2661 = VERTEX_POINT('',#2662);
#2662 = CARTESIAN_POINT('',(35.2,16.594609320654,4.2));
#2663 = SURFACE_CURVE('',#2664,(#2668,#2675),.PCURVE_S1.);
#2664 = LINE('',#2665,#2666);
#2665 = CARTESIAN_POINT('',(35.2,3.4,4.2));
#2666 = VECTOR('',#2667,1.);
#2667 = DIRECTION('',(0.,1.,0.));
#2668 = PCURVE('',#958,#2669);
#2669 = DEFINITIONAL_REPRESENTATION('',(#2670),#2674);
#2670 = LINE('',#2671,#2672);
#2671 = CARTESIAN_POINT('',(0.9,-4.2));
#2672 = VECTOR('',#2673,1.);
#2673 = DIRECTION('',(1.,0.));
#2674 = ( GEOMETRIC_REPRESENTATION_CONTEXT(2) 
PARAMETRIC_REPRESENTATION_CONTEXT() REPRESENTATION_CONTEXT('2D SPACE',''
  ) );
#2675 = PCURVE('',#2676,#2681);
#2676 = CYLINDRICAL_SURFACE('',#2677,0.8);
#2677 = AXIS2_PLACEMENT_3D('',#2678,#2679,#2680);
#2678 = CARTESIAN_POINT('',(34.4,3.4,4.2));
#2679 = DIRECTION('',(0.,1.,0.));
#2680 = DIRECTION('',(1.,0.,-0.));
#2681 = DEFINITIONAL_REPRESENTATION('',(#2682),#2686);
#2682 = LINE('',#2683,#2684);
#2683 = CARTESIAN_POINT('',(-0.,0.));
#2684 = VECTOR('',#2685,1.);
#2685 = DIRECTION('',(-0.,1.));
#2686 = ( GEOMETRIC_REPRESENTATION_CONTEXT(2) 
PARAMETRIC_REPRESENTATION_CONTEXT() REPRESENTATION_CONTEXT('2D SPACE',''
  ) );
#2687 = ORIENTED_EDGE('',*,*,#2688,.F.);
#2688 = EDGE_CURVE('',#921,#2661,#2689,.T.);
#2689 = SURFACE_CURVE('',#2690,(#2694,#2701),.PCURVE_S1.);
#2690 = LINE('',#2691,#2692);
#2691 = CARTESIAN_POINT('',(35.2,16.594609320654,0.));
#2692 = VECTOR('',#2693,1.);
#2693 = DIRECTION('',(0.,0.,1.));
#2694 = PCURVE('',#958,#2695);
#2695 = DEFINITIONAL_REPRESENTATION('',(#2696),#2700);
#2696 = LINE('',#2697,#2698);
#2697 = CARTESIAN_POINT('',(14.094609320654,0.));
#2698 = VECTOR('',#2699,1.);
#2699 = DIRECTION('',(0.,-1.));
#2700 = ( GEOMETRIC_REPRESENTATION_CONTEXT(2) 
PARAMETRIC_REPRESENTATION_CONTEXT() REPRESENTATION_CONTEXT('2D SPACE',''
  ) );
#2701 = PCURVE('',#2278,#2702);
#2702 = DEFINITIONAL_REPRESENTATION('',(#2703),#2707);
#2703 = LINE('',#2704,#2705);
#2704 = CARTESIAN_POINT('',(0.,0.));
#2705 = VECTOR('',#2706,1.);
#2706 = DIRECTION('',(0.,1.));
#2707 = ( GEOMETRIC_REPRESENTATION_CONTEXT(2) 
PARAMETRIC_REPRESENTATION_CONTEXT() REPRESENTATION_CONTEXT('2D SPACE',''
  ) );
#2708 = ADVANCED_FACE('',(#2709),#984,.T.);
#2709 = FACE_BOUND('',#2710,.T.);
#2710 = EDGE_LOOP('',(#2711,#2712,#2732));
#2711 = ORIENTED_EDGE('',*,*,#970,.F.);
#2712 = ORIENTED_EDGE('',*,*,#2713,.T.);
#2713 = EDGE_CURVE('',#943,#1001,#2714,.T.);
#2714 = SURFACE_CURVE('',#2715,(#2720,#2726),.PCURVE_S1.);
#2715 = CIRCLE('',#2716,0.8);
#2716 = AXIS2_PLACEMENT_3D('',#2717,#2718,#2719);
#2717 = CARTESIAN_POINT('',(34.4,0.8,0.8));
#2718 = DIRECTION('',(0.,1.088188637736E-15,-1.));
#2719 = DIRECTION('',(0.,-1.,-1.088188637736E-15));
#2720 = PCURVE('',#984,#2721);
#2721 = DEFINITIONAL_REPRESENTATION('',(#2722),#2725);
#2722 = B_SPLINE_CURVE_WITH_KNOTS('',1,(#2723,#2724),.UNSPECIFIED.,.F.,
  .F.,(2,2),(4.712388980385,6.28318530718),.PIECEWISE_BEZIER_KNOTS.);
#2723 = CARTESIAN_POINT('',(1.570796326795,-1.570796326795));
#2724 = CARTESIAN_POINT('',(1.570796326795,0.));
#2725 = ( GEOMETRIC_REPRESENTATION_CONTEXT(2) 
PARAMETRIC_REPRESENTATION_CONTEXT() REPRESENTATION_CONTEXT('2D SPACE',''
  ) );
#2726 = PCURVE('',#2559,#2727);
#2727 = DEFINITIONAL_REPRESENTATION('',(#2728),#2731);
#2728 = B_SPLINE_CURVE_WITH_KNOTS('',1,(#2729,#2730),.UNSPECIFIED.,.F.,
  .F.,(2,2),(4.712388980385,6.28318530718),.PIECEWISE_BEZIER_KNOTS.);
#2729 = CARTESIAN_POINT('',(1.570796326795,0.8));
#2730 = CARTESIAN_POINT('',(0.,0.8));
#2731 = ( GEOMETRIC_REPRESENTATION_CONTEXT(2) 
PARAMETRIC_REPRESENTATION_CONTEXT() REPRESENTATION_CONTEXT('2D SPACE',''
  ) );
#2732 = ORIENTED_EDGE('',*,*,#1000,.F.);
#2733 = ADVANCED_FACE('',(#2734,#2865,#2900),#1040,.F.);
#2734 = FACE_BOUND('',#2735,.F.);
#2735 = EDGE_LOOP('',(#2736,#2737,#2760,#2788,#2816,#2844));
#2736 = ORIENTED_EDGE('',*,*,#1024,.T.);
#2737 = ORIENTED_EDGE('',*,*,#2738,.F.);
#2738 = EDGE_CURVE('',#2739,#1025,#2741,.T.);
#2739 = VERTEX_POINT('',#2740);
#2740 = CARTESIAN_POINT('',(-34.4,0.,15.668629150102));
#2741 = SURFACE_CURVE('',#2742,(#2746,#2753),.PCURVE_S1.);
#2742 = LINE('',#2743,#2744);
#2743 = CARTESIAN_POINT('',(-34.4,-1.110223024625E-16,16.));
#2744 = VECTOR('',#2745,1.);
#2745 = DIRECTION('',(0.,0.,-1.));
#2746 = PCURVE('',#1040,#2747);
#2747 = DEFINITIONAL_REPRESENTATION('',(#2748),#2752);
#2748 = LINE('',#2749,#2750);
#2749 = CARTESIAN_POINT('',(-11.,14.2));
#2750 = VECTOR('',#2751,1.);
#2751 = DIRECTION('',(1.,0.));
#2752 = ( GEOMETRIC_REPRESENTATION_CONTEXT(2) 
PARAMETRIC_REPRESENTATION_CONTEXT() REPRESENTATION_CONTEXT('2D SPACE',''
  ) );
#2753 = PCURVE('',#2362,#2754);
#2754 = DEFINITIONAL_REPRESENTATION('',(#2755),#2759);
#2755 = LINE('',#2756,#2757);
#2756 = CARTESIAN_POINT('',(0.,0.));
#2757 = VECTOR('',#2758,1.);
#2758 = DIRECTION('',(0.,1.));
#2759 = ( GEOMETRIC_REPRESENTATION_CONTEXT(2) 
PARAMETRIC_REPRESENTATION_CONTEXT() REPRESENTATION_CONTEXT('2D SPACE',''
  ) );
#2760 = ORIENTED_EDGE('',*,*,#2761,.F.);
#2761 = EDGE_CURVE('',#2762,#2739,#2764,.T.);
#2762 = VERTEX_POINT('',#2763);
#2763 = CARTESIAN_POINT('',(-32.3686291501,0.,17.7));
#2764 = SURFACE_CURVE('',#2765,(#2769,#2776),.PCURVE_S1.);
#2765 = LINE('',#2766,#2767);
#2766 = CARTESIAN_POINT('',(-32.13431457505,-1.110223024625E-16,
    17.934314575051));
#2767 = VECTOR('',#2768,1.);
#2768 = DIRECTION('',(-0.707106781187,-0.,-0.707106781187));
#2769 = PCURVE('',#1040,#2770);
#2770 = DEFINITIONAL_REPRESENTATION('',(#2771),#2775);
#2771 = LINE('',#2772,#2773);
#2772 = CARTESIAN_POINT('',(-12.93431457505,11.934314575051));
#2773 = VECTOR('',#2774,1.);
#2774 = DIRECTION('',(0.707106781187,0.707106781187));
#2775 = ( GEOMETRIC_REPRESENTATION_CONTEXT(2) 
PARAMETRIC_REPRESENTATION_CONTEXT() REPRESENTATION_CONTEXT('2D SPACE',''
  ) );
#2776 = PCURVE('',#2777,#2782);
#2777 = CYLINDRICAL_SURFACE('',#2778,0.8);
#2778 = AXIS2_PLACEMENT_3D('',#2779,#2780,#2781);
#2779 = CARTESIAN_POINT('',(-32.13431457505,0.8,17.934314575051));
#2780 = DIRECTION('',(-0.707106781187,-0.,-0.707106781187));
#2781 = DIRECTION('',(0.,-1.,0.));
#2782 = DEFINITIONAL_REPRESENTATION('',(#2783),#2787);
#2783 = LINE('',#2784,#2785);
#2784 = CARTESIAN_POINT('',(0.,0.));
#2785 = VECTOR('',#2786,1.);
#2786 = DIRECTION('',(0.,1.));
#2787 = ( GEOMETRIC_REPRESENTATION_CONTEXT(2) 
PARAMETRIC_REPRESENTATION_CONTEXT() REPRESENTATION_CONTEXT('2D SPACE',''
  ) );
#2788 = ORIENTED_EDGE('',*,*,#2789,.F.);
#2789 = EDGE_CURVE('',#2790,#2762,#2792,.T.);
#2790 = VERTEX_POINT('',#2791);
#2791 = CARTESIAN_POINT('',(32.368629150102,0.,17.7));
#2792 = SURFACE_CURVE('',#2793,(#2797,#2804),.PCURVE_S1.);
#2793 = LINE('',#2794,#2795);
#2794 = CARTESIAN_POINT('',(32.7,-1.110223024625E-16,17.7));
#2795 = VECTOR('',#2796,1.);
#2796 = DIRECTION('',(-1.,0.,0.));
#2797 = PCURVE('',#1040,#2798);
#2798 = DEFINITIONAL_REPRESENTATION('',(#2799),#2803);
#2799 = LINE('',#2800,#2801);
#2800 = CARTESIAN_POINT('',(-12.7,-52.9));
#2801 = VECTOR('',#2802,1.);
#2802 = DIRECTION('',(0.,1.));
#2803 = ( GEOMETRIC_REPRESENTATION_CONTEXT(2) 
PARAMETRIC_REPRESENTATION_CONTEXT() REPRESENTATION_CONTEXT('2D SPACE',''
  ) );
#2804 = PCURVE('',#2805,#2810);
#2805 = CYLINDRICAL_SURFACE('',#2806,0.8);
#2806 = AXIS2_PLACEMENT_3D('',#2807,#2808,#2809);
#2807 = CARTESIAN_POINT('',(32.7,0.8,17.7));
#2808 = DIRECTION('',(-1.,0.,0.));
#2809 = DIRECTION('',(-0.,-1.,-0.));
#2810 = DEFINITIONAL_REPRESENTATION('',(#2811),#2815);
#2811 = LINE('',#2812,#2813);
#2812 = CARTESIAN_POINT('',(0.,0.));
#2813 = VECTOR('',#2814,1.);
#2814 = DIRECTION('',(0.,1.));
#2815 = ( GEOMETRIC_REPRESENTATION_CONTEXT(2) 
PARAMETRIC_REPRESENTATION_CONTEXT() REPRESENTATION_CONTEXT('2D SPACE',''
  ) );
#2816 = ORIENTED_EDGE('',*,*,#2817,.F.);
#2817 = EDGE_CURVE('',#2818,#2790,#2820,.T.);
#2818 = VERTEX_POINT('',#2819);
#2819 = CARTESIAN_POINT('',(34.4,0.,15.668629150102));
#2820 = SURFACE_CURVE('',#2821,(#2825,#2832),.PCURVE_S1.);
#2821 = LINE('',#2822,#2823);
#2822 = CARTESIAN_POINT('',(34.634314575051,-1.110223024625E-16,
    15.434314575051));
#2823 = VECTOR('',#2824,1.);
#2824 = DIRECTION('',(-0.707106781187,0.,0.707106781187));
#2825 = PCURVE('',#1040,#2826);
#2826 = DEFINITIONAL_REPRESENTATION('',(#2827),#2831);
#2827 = LINE('',#2828,#2829);
#2828 = CARTESIAN_POINT('',(-10.43431457505,-54.83431457505));
#2829 = VECTOR('',#2830,1.);
#2830 = DIRECTION('',(-0.707106781187,0.707106781187));
#2831 = ( GEOMETRIC_REPRESENTATION_CONTEXT(2) 
PARAMETRIC_REPRESENTATION_CONTEXT() REPRESENTATION_CONTEXT('2D SPACE',''
  ) );
#2832 = PCURVE('',#2833,#2838);
#2833 = CYLINDRICAL_SURFACE('',#2834,0.8);
#2834 = AXIS2_PLACEMENT_3D('',#2835,#2836,#2837);
#2835 = CARTESIAN_POINT('',(34.634314575051,0.8,15.434314575051));
#2836 = DIRECTION('',(-0.707106781187,0.,0.707106781187));
#2837 = DIRECTION('',(-0.,-1.,0.));
#2838 = DEFINITIONAL_REPRESENTATION('',(#2839),#2843);
#2839 = LINE('',#2840,#2841);
#2840 = CARTESIAN_POINT('',(0.,0.));
#2841 = VECTOR('',#2842,1.);
#2842 = DIRECTION('',(0.,1.));
#2843 = ( GEOMETRIC_REPRESENTATION_CONTEXT(2) 
PARAMETRIC_REPRESENTATION_CONTEXT() REPRESENTATION_CONTEXT('2D SPACE',''
  ) );
#2844 = ORIENTED_EDGE('',*,*,#2845,.F.);
#2845 = EDGE_CURVE('',#1001,#2818,#2846,.T.);
#2846 = SURFACE_CURVE('',#2847,(#2851,#2858),.PCURVE_S1.);
#2847 = LINE('',#2848,#2849);
#2848 = CARTESIAN_POINT('',(34.4,-1.110223024625E-16,0.));
#2849 = VECTOR('',#2850,1.);
#2850 = DIRECTION('',(0.,0.,1.));
#2851 = PCURVE('',#1040,#2852);
#2852 = DEFINITIONAL_REPRESENTATION('',(#2853),#2857);
#2853 = LINE('',#2854,#2855);
#2854 = CARTESIAN_POINT('',(5.,-54.6));
#2855 = VECTOR('',#2856,1.);
#2856 = DIRECTION('',(-1.,0.));
#2857 = ( GEOMETRIC_REPRESENTATION_CONTEXT(2) 
PARAMETRIC_REPRESENTATION_CONTEXT() REPRESENTATION_CONTEXT('2D SPACE',''
  ) );
#2858 = PCURVE('',#2559,#2859);
#2859 = DEFINITIONAL_REPRESENTATION('',(#2860),#2864);
#2860 = LINE('',#2861,#2862);
#2861 = CARTESIAN_POINT('',(0.,0.));
#2862 = VECTOR('',#2863,1.);
#2863 = DIRECTION('',(0.,1.));
#2864 = ( GEOMETRIC_REPRESENTATION_CONTEXT(2) 
PARAMETRIC_REPRESENTATION_CONTEXT() REPRESENTATION_CONTEXT('2D SPACE',''
  ) );
#2865 = FACE_BOUND('',#2866,.F.);
#2866 = EDGE_LOOP('',(#2867));
#2867 = ORIENTED_EDGE('',*,*,#2868,.T.);
#2868 = EDGE_CURVE('',#2869,#2869,#2871,.T.);
#2869 = VERTEX_POINT('',#2870);
#2870 = CARTESIAN_POINT('',(27.675,0.,9.5));
#2871 = SURFACE_CURVE('',#2872,(#2877,#2888),.PCURVE_S1.);
#2872 = CIRCLE('',#2873,2.3);
#2873 = AXIS2_PLACEMENT_3D('',#2874,#2875,#2876);
#2874 = CARTESIAN_POINT('',(25.375,0.,9.5));
#2875 = DIRECTION('',(0.,-1.,2.22044604925E-16));
#2876 = DIRECTION('',(1.,0.,0.));
#2877 = PCURVE('',#1040,#2878);
#2878 = DEFINITIONAL_REPRESENTATION('',(#2879),#2887);
#2879 = ( BOUNDED_CURVE() B_SPLINE_CURVE(2,(#2880,#2881,#2882,#2883,
#2884,#2885,#2886),.UNSPECIFIED.,.T.,.F.) B_SPLINE_CURVE_WITH_KNOTS((1,2
    ,2,2,2,1),(-2.094395102393,0.,2.094395102393,4.188790204786,
6.28318530718,8.377580409573),.UNSPECIFIED.) CURVE() 
GEOMETRIC_REPRESENTATION_ITEM() RATIONAL_B_SPLINE_CURVE((1.,0.5,1.,0.5,
1.,0.5,1.)) REPRESENTATION_ITEM('') );
#2880 = CARTESIAN_POINT('',(-4.5,-47.875));
#2881 = CARTESIAN_POINT('',(-8.483716857408,-47.875));
#2882 = CARTESIAN_POINT('',(-6.491858428704,-44.425));
#2883 = CARTESIAN_POINT('',(-4.5,-40.975));
#2884 = CARTESIAN_POINT('',(-2.508141571296,-44.425));
#2885 = CARTESIAN_POINT('',(-0.516283142592,-47.875));
#2886 = CARTESIAN_POINT('',(-4.5,-47.875));
#2887 = ( GEOMETRIC_REPRESENTATION_CONTEXT(2) 
PARAMETRIC_REPRESENTATION_CONTEXT() REPRESENTATION_CONTEXT('2D SPACE',''
  ) );
#2888 = PCURVE('',#2889,#2894);
#2889 = CYLINDRICAL_SURFACE('',#2890,2.3);
#2890 = AXIS2_PLACEMENT_3D('',#2891,#2892,#2893);
#2891 = CARTESIAN_POINT('',(25.375,4.4,9.5));
#2892 = DIRECTION('',(0.,-1.,2.22044604925E-16));
#2893 = DIRECTION('',(1.,0.,0.));
#2894 = DEFINITIONAL_REPRESENTATION('',(#2895),#2899);
#2895 = LINE('',#2896,#2897);
#2896 = CARTESIAN_POINT('',(0.,4.4));
#2897 = VECTOR('',#2898,1.);
#2898 = DIRECTION('',(1.,0.));
#2899 = ( GEOMETRIC_REPRESENTATION_CONTEXT(2) 
PARAMETRIC_REPRESENTATION_CONTEXT() REPRESENTATION_CONTEXT('2D SPACE',''
  ) );
#2900 = FACE_BOUND('',#2901,.F.);
#2901 = EDGE_LOOP('',(#2902));
#2902 = ORIENTED_EDGE('',*,*,#2903,.T.);
#2903 = EDGE_CURVE('',#2904,#2904,#2906,.T.);
#2904 = VERTEX_POINT('',#2905);
#2905 = CARTESIAN_POINT('',(-23.075,0.,9.5));
#2906 = SURFACE_CURVE('',#2907,(#2912,#2923),.PCURVE_S1.);
#2907 = CIRCLE('',#2908,2.3);
#2908 = AXIS2_PLACEMENT_3D('',#2909,#2910,#2911);
#2909 = CARTESIAN_POINT('',(-25.375,0.,9.5));
#2910 = DIRECTION('',(0.,-1.,2.22044604925E-16));
#2911 = DIRECTION('',(1.,0.,0.));
#2912 = PCURVE('',#1040,#2913);
#2913 = DEFINITIONAL_REPRESENTATION('',(#2914),#2922);
#2914 = ( BOUNDED_CURVE() B_SPLINE_CURVE(2,(#2915,#2916,#2917,#2918,
#2919,#2920,#2921),.UNSPECIFIED.,.T.,.F.) B_SPLINE_CURVE_WITH_KNOTS((1,2
    ,2,2,2,1),(-2.094395102393,0.,2.094395102393,4.188790204786,
6.28318530718,8.377580409573),.UNSPECIFIED.) CURVE() 
GEOMETRIC_REPRESENTATION_ITEM() RATIONAL_B_SPLINE_CURVE((1.,0.5,1.,0.5,
1.,0.5,1.)) REPRESENTATION_ITEM('') );
#2915 = CARTESIAN_POINT('',(-4.5,2.875));
#2916 = CARTESIAN_POINT('',(-8.483716857408,2.875));
#2917 = CARTESIAN_POINT('',(-6.491858428704,6.325));
#2918 = CARTESIAN_POINT('',(-4.5,9.775));
#2919 = CARTESIAN_POINT('',(-2.508141571296,6.325));
#2920 = CARTESIAN_POINT('',(-0.516283142592,2.875));
#2921 = CARTESIAN_POINT('',(-4.5,2.875));
#2922 = ( GEOMETRIC_REPRESENTATION_CONTEXT(2) 
PARAMETRIC_REPRESENTATION_CONTEXT() REPRESENTATION_CONTEXT('2D SPACE',''
  ) );
#2923 = PCURVE('',#2924,#2929);
#2924 = CYLINDRICAL_SURFACE('',#2925,2.3);
#2925 = AXIS2_PLACEMENT_3D('',#2926,#2927,#2928);
#2926 = CARTESIAN_POINT('',(-25.375,4.4,9.5));
#2927 = DIRECTION('',(0.,-1.,2.22044604925E-16));
#2928 = DIRECTION('',(1.,0.,0.));
#2929 = DEFINITIONAL_REPRESENTATION('',(#2930),#2934);
#2930 = LINE('',#2931,#2932);
#2931 = CARTESIAN_POINT('',(0.,4.4));
#2932 = VECTOR('',#2933,1.);
#2933 = DIRECTION('',(1.,0.));
#2934 = ( GEOMETRIC_REPRESENTATION_CONTEXT(2) 
PARAMETRIC_REPRESENTATION_CONTEXT() REPRESENTATION_CONTEXT('2D SPACE',''
  ) );
#2935 = ADVANCED_FACE('',(#2936,#2967),#1094,.T.);
#2936 = FACE_BOUND('',#2937,.T.);
#2937 = EDGE_LOOP('',(#2938));
#2938 = ORIENTED_EDGE('',*,*,#2939,.T.);
#2939 = EDGE_CURVE('',#2940,#2940,#2942,.T.);
#2940 = VERTEX_POINT('',#2941);
#2941 = CARTESIAN_POINT('',(30.1,9.9,2.9));
#2942 = SURFACE_CURVE('',#2943,(#2948,#2955),.PCURVE_S1.);
#2943 = CIRCLE('',#2944,4.8);
#2944 = AXIS2_PLACEMENT_3D('',#2945,#2946,#2947);
#2945 = CARTESIAN_POINT('',(25.3,9.9,2.9));
#2946 = DIRECTION('',(0.,0.,1.));
#2947 = DIRECTION('',(1.,0.,-0.));
#2948 = PCURVE('',#1094,#2949);
#2949 = DEFINITIONAL_REPRESENTATION('',(#2950),#2954);
#2950 = CIRCLE('',#2951,4.8);
#2951 = AXIS2_PLACEMENT_2D('',#2952,#2953);
#2952 = CARTESIAN_POINT('',(0.,0.));
#2953 = DIRECTION('',(1.,0.));
#2954 = ( GEOMETRIC_REPRESENTATION_CONTEXT(2) 
PARAMETRIC_REPRESENTATION_CONTEXT() REPRESENTATION_CONTEXT('2D SPACE',''
  ) );
#2955 = PCURVE('',#2956,#2961);
#2956 = CYLINDRICAL_SURFACE('',#2957,4.8);
#2957 = AXIS2_PLACEMENT_3D('',#2958,#2959,#2960);
#2958 = CARTESIAN_POINT('',(25.3,9.9,2.9));
#2959 = DIRECTION('',(0.,0.,1.));
#2960 = DIRECTION('',(1.,0.,-0.));
#2961 = DEFINITIONAL_REPRESENTATION('',(#2962),#2966);
#2962 = LINE('',#2963,#2964);
#2963 = CARTESIAN_POINT('',(0.,0.));
#2964 = VECTOR('',#2965,1.);
#2965 = DIRECTION('',(1.,0.));
#2966 = ( GEOMETRIC_REPRESENTATION_CONTEXT(2) 
PARAMETRIC_REPRESENTATION_CONTEXT() REPRESENTATION_CONTEXT('2D SPACE',''
  ) );
#2967 = FACE_BOUND('',#2968,.T.);
#2968 = EDGE_LOOP('',(#2969));
#2969 = ORIENTED_EDGE('',*,*,#1077,.F.);
#2970 = ADVANCED_FACE('',(#2971,#3002),#1149,.T.);
#2971 = FACE_BOUND('',#2972,.T.);
#2972 = EDGE_LOOP('',(#2973));
#2973 = ORIENTED_EDGE('',*,*,#2974,.T.);
#2974 = EDGE_CURVE('',#2975,#2975,#2977,.T.);
#2975 = VERTEX_POINT('',#2976);
#2976 = CARTESIAN_POINT('',(-20.5,9.9,2.9));
#2977 = SURFACE_CURVE('',#2978,(#2983,#2990),.PCURVE_S1.);
#2978 = CIRCLE('',#2979,4.8);
#2979 = AXIS2_PLACEMENT_3D('',#2980,#2981,#2982);
#2980 = CARTESIAN_POINT('',(-25.3,9.9,2.9));
#2981 = DIRECTION('',(0.,0.,1.));
#2982 = DIRECTION('',(1.,0.,-0.));
#2983 = PCURVE('',#1149,#2984);
#2984 = DEFINITIONAL_REPRESENTATION('',(#2985),#2989);
#2985 = CIRCLE('',#2986,4.8);
#2986 = AXIS2_PLACEMENT_2D('',#2987,#2988);
#2987 = CARTESIAN_POINT('',(0.,0.));
#2988 = DIRECTION('',(1.,0.));
#2989 = ( GEOMETRIC_REPRESENTATION_CONTEXT(2) 
PARAMETRIC_REPRESENTATION_CONTEXT() REPRESENTATION_CONTEXT('2D SPACE',''
  ) );
#2990 = PCURVE('',#2991,#2996);
#2991 = CYLINDRICAL_SURFACE('',#2992,4.8);
#2992 = AXIS2_PLACEMENT_3D('',#2993,#2994,#2995);
#2993 = CARTESIAN_POINT('',(-25.3,9.9,2.9));
#2994 = DIRECTION('',(0.,0.,1.));
#2995 = DIRECTION('',(1.,0.,-0.));
#2996 = DEFINITIONAL_REPRESENTATION('',(#2997),#3001);
#2997 = LINE('',#2998,#2999);
#2998 = CARTESIAN_POINT('',(0.,0.));
#2999 = VECTOR('',#3000,1.);
#3000 = DIRECTION('',(1.,0.));
#3001 = ( GEOMETRIC_REPRESENTATION_CONTEXT(2) 
PARAMETRIC_REPRESENTATION_CONTEXT() REPRESENTATION_CONTEXT('2D SPACE',''
  ) );
#3002 = FACE_BOUND('',#3003,.T.);
#3003 = EDGE_LOOP('',(#3004));
#3004 = ORIENTED_EDGE('',*,*,#1132,.F.);
#3005 = ADVANCED_FACE('',(#3006),#1205,.T.);
#3006 = FACE_BOUND('',#3007,.T.);
#3007 = EDGE_LOOP('',(#3008,#3009,#3010,#3038));
#3008 = ORIENTED_EDGE('',*,*,#1189,.T.);
#3009 = ORIENTED_EDGE('',*,*,#1405,.T.);
#3010 = ORIENTED_EDGE('',*,*,#3011,.F.);
#3011 = EDGE_CURVE('',#1320,#1406,#3012,.T.);
#3012 = SURFACE_CURVE('',#3013,(#3018,#3024),.PCURVE_S1.);
#3013 = CIRCLE('',#3014,0.8);
#3014 = AXIS2_PLACEMENT_3D('',#3015,#3016,#3017);
#3015 = CARTESIAN_POINT('',(-19.4,32.111542149719,20.4));
#3016 = DIRECTION('',(0.,-1.,0.));
#3017 = DIRECTION('',(-0.,0.,1.));
#3018 = PCURVE('',#1205,#3019);
#3019 = DEFINITIONAL_REPRESENTATION('',(#3020),#3023);
#3020 = B_SPLINE_CURVE_WITH_KNOTS('',1,(#3021,#3022),.UNSPECIFIED.,.F.,
  .F.,(2,2),(0.,1.570796326795),.PIECEWISE_BEZIER_KNOTS.);
#3021 = CARTESIAN_POINT('',(0.,4.788457850281));
#3022 = CARTESIAN_POINT('',(1.570796326795,4.788457850281));
#3023 = ( GEOMETRIC_REPRESENTATION_CONTEXT(2) 
PARAMETRIC_REPRESENTATION_CONTEXT() REPRESENTATION_CONTEXT('2D SPACE',''
  ) );
#3024 = PCURVE('',#1478,#3025);
#3025 = DEFINITIONAL_REPRESENTATION('',(#3026),#3037);
#3026 = B_SPLINE_CURVE_WITH_KNOTS('',9,(#3027,#3028,#3029,#3030,#3031,
    #3032,#3033,#3034,#3035,#3036),.UNSPECIFIED.,.F.,.F.,(10,10),(0.,
    1.570796326795),.PIECEWISE_BEZIER_KNOTS.);
#3027 = CARTESIAN_POINT('',(8.881784197001E-16,46.989339978333));
#3028 = CARTESIAN_POINT('',(0.656594195057,46.989339978333));
#3029 = CARTESIAN_POINT('',(1.259787677689,46.989339978335));
#3030 = CARTESIAN_POINT('',(1.831486482456,46.98933997833));
#3031 = CARTESIAN_POINT('',(2.385732303462,46.989339978337));
#3032 = CARTESIAN_POINT('',(2.934549898676,46.989339978329));
#3033 = CARTESIAN_POINT('',(3.488795719683,46.989339978336));
#3034 = CARTESIAN_POINT('',(4.060494524448,46.989339978332));
#3035 = CARTESIAN_POINT('',(4.663688007081,46.989339978334));
#3036 = CARTESIAN_POINT('',(5.320282202138,46.989339978333));
#3037 = ( GEOMETRIC_REPRESENTATION_CONTEXT(2) 
PARAMETRIC_REPRESENTATION_CONTEXT() REPRESENTATION_CONTEXT('2D SPACE',''
  ) );
#3038 = ORIENTED_EDGE('',*,*,#1379,.F.);
#3039 = ADVANCED_FACE('',(#3040),#1259,.T.);
#3040 = FACE_BOUND('',#3041,.F.);
#3041 = EDGE_LOOP('',(#3042,#3043,#3044,#3072));
#3042 = ORIENTED_EDGE('',*,*,#1243,.T.);
#3043 = ORIENTED_EDGE('',*,*,#1736,.T.);
#3044 = ORIENTED_EDGE('',*,*,#3045,.F.);
#3045 = EDGE_CURVE('',#1297,#1737,#3046,.T.);
#3046 = SURFACE_CURVE('',#3047,(#3052,#3058),.PCURVE_S1.);
#3047 = CIRCLE('',#3048,0.8);
#3048 = AXIS2_PLACEMENT_3D('',#3049,#3050,#3051);
#3049 = CARTESIAN_POINT('',(19.4,32.111542149719,20.4));
#3050 = DIRECTION('',(-0.,1.,0.));
#3051 = DIRECTION('',(0.,0.,1.));
#3052 = PCURVE('',#1259,#3053);
#3053 = DEFINITIONAL_REPRESENTATION('',(#3054),#3057);
#3054 = B_SPLINE_CURVE_WITH_KNOTS('',1,(#3055,#3056),.UNSPECIFIED.,.F.,
  .F.,(2,2),(0.,1.570796326795),.PIECEWISE_BEZIER_KNOTS.);
#3055 = CARTESIAN_POINT('',(0.,4.788457850281));
#3056 = CARTESIAN_POINT('',(-1.570796326795,4.788457850281));
#3057 = ( GEOMETRIC_REPRESENTATION_CONTEXT(2) 
PARAMETRIC_REPRESENTATION_CONTEXT() REPRESENTATION_CONTEXT('2D SPACE',''
  ) );
#3058 = PCURVE('',#1809,#3059);
#3059 = DEFINITIONAL_REPRESENTATION('',(#3060),#3071);
#3060 = B_SPLINE_CURVE_WITH_KNOTS('',9,(#3061,#3062,#3063,#3064,#3065,
    #3066,#3067,#3068,#3069,#3070),.UNSPECIFIED.,.F.,.F.,(10,10),(0.,
    1.570796326795),.PIECEWISE_BEZIER_KNOTS.);
#3061 = CARTESIAN_POINT('',(0.,46.989339978333));
#3062 = CARTESIAN_POINT('',(0.656594197331,46.989339978333));
#3063 = CARTESIAN_POINT('',(1.259787682052,46.989339978335));
#3064 = CARTESIAN_POINT('',(1.8314864888,46.98933997833));
#3065 = CARTESIAN_POINT('',(2.385732311722,46.989339978337));
#3066 = CARTESIAN_POINT('',(2.934549908841,46.989339978329));
#3067 = CARTESIAN_POINT('',(3.488795731764,46.989339978336));
#3068 = CARTESIAN_POINT('',(4.060494538512,46.989339978332));
#3069 = CARTESIAN_POINT('',(4.663688023233,46.989339978334));
#3070 = CARTESIAN_POINT('',(5.320282220564,46.989339978333));
#3071 = ( GEOMETRIC_REPRESENTATION_CONTEXT(2) 
PARAMETRIC_REPRESENTATION_CONTEXT() REPRESENTATION_CONTEXT('2D SPACE',''
  ) );
#3072 = ORIENTED_EDGE('',*,*,#1296,.F.);
#3073 = ADVANCED_FACE('',(#3074),#1335,.F.);
#3074 = FACE_BOUND('',#3075,.F.);
#3075 = EDGE_LOOP('',(#3076,#3077,#3167,#3962,#4002,#4948));
#3076 = ORIENTED_EDGE('',*,*,#1319,.T.);
#3077 = ORIENTED_EDGE('',*,*,#3078,.T.);
#3078 = EDGE_CURVE('',#1297,#3079,#3081,.T.);
#3079 = VERTEX_POINT('',#3080);
#3080 = CARTESIAN_POINT('',(19.4,30.123796508637,21.223561326492));
#3081 = SURFACE_CURVE('',#3082,(#3109,#3160),.PCURVE_S1.);
#3082 = B_SPLINE_CURVE_WITH_KNOTS('',13,(#3083,#3084,#3085,#3086,#3087,
    #3088,#3089,#3090,#3091,#3092,#3093,#3094,#3095,#3096,#3097,#3098,
    #3099,#3100,#3101,#3102,#3103,#3104,#3105,#3106,#3107,#3108),
  .UNSPECIFIED.,.F.,.F.,(14,12,14),(46.989339978333,52.309622198897,
    52.508902338078),.UNSPECIFIED.);
#3083 = CARTESIAN_POINT('',(19.4,32.111542149719,21.2));
#3084 = CARTESIAN_POINT('',(19.399999999997,31.702000029104,
    21.199999999997));
#3085 = CARTESIAN_POINT('',(19.400000000012,31.293683203913,
    21.200738501276));
#3086 = CARTESIAN_POINT('',(19.399999999966,30.883938812723,
    21.203218304065));
#3087 = CARTESIAN_POINT('',(19.400000000068,30.471444601111,
    21.208499171912));
#3088 = CARTESIAN_POINT('',(19.399999999896,30.072555778424,
    21.217704078977));
#3089 = CARTESIAN_POINT('',(19.400000000126,29.646328952642,
    21.231842787994));
#3090 = CARTESIAN_POINT('',(19.399999999876,29.256380769409,
    21.252120318696));
#3091 = CARTESIAN_POINT('',(19.400000000099,28.833200586498,
    21.279268907607));
#3092 = CARTESIAN_POINT('',(19.399999999937,28.433359725974,
    21.314496110536));
#3093 = CARTESIAN_POINT('',(19.400000000031,28.022210610392,
    21.358529474954));
#3094 = CARTESIAN_POINT('',(19.399999999988,27.615316907908,
    21.41241333064));
#3095 = CARTESIAN_POINT('',(19.400000000003,27.207586694655,
    21.477065490961));
#3096 = CARTESIAN_POINT('',(19.4,26.78473312891,21.55638363935));
#3097 = CARTESIAN_POINT('',(19.4,26.769350954154,21.559269001373));
#3098 = CARTESIAN_POINT('',(19.4,26.753853452255,21.562175996264));
#3099 = CARTESIAN_POINT('',(19.4,26.738240623212,21.565104624023));
#3100 = CARTESIAN_POINT('',(19.4,26.722512467026,21.568054884651));
#3101 = CARTESIAN_POINT('',(19.4,26.706668983697,21.571026778147));
#3102 = CARTESIAN_POINT('',(19.4,26.690710173225,21.574020304511));
#3103 = CARTESIAN_POINT('',(19.4,26.674636035609,21.577035463743));
#3104 = CARTESIAN_POINT('',(19.4,26.658446570849,21.580072255844));
#3105 = CARTESIAN_POINT('',(19.4,26.642141778947,21.583130680813));
#3106 = CARTESIAN_POINT('',(19.4,26.625721659901,21.58621073865));
#3107 = CARTESIAN_POINT('',(19.4,26.609186213712,21.589312429355));
#3108 = CARTESIAN_POINT('',(19.4,26.592535440379,21.592435752929));
#3109 = PCURVE('',#1335,#3110);
#3110 = DEFINITIONAL_REPRESENTATION('',(#3111),#3159);
#3111 = B_SPLINE_CURVE_WITH_KNOTS('',10,(#3112,#3113,#3114,#3115,#3116,
    #3117,#3118,#3119,#3120,#3121,#3122,#3123,#3124,#3125,#3126,#3127,
    #3128,#3129,#3130,#3131,#3132,#3133,#3134,#3135,#3136,#3137,#3138,
    #3139,#3140,#3141,#3142,#3143,#3144,#3145,#3146,#3147,#3148,#3149,
    #3150,#3151,#3152,#3153,#3154,#3155,#3156,#3157,#3158),
  .UNSPECIFIED.,.F.,.F.,(11,9,9,9,9,11),(46.989339978333,47.486332483412
    ,47.98332498849,48.480317493568,48.728813746107,48.977309998647),
  .UNSPECIFIED.);
#3112 = CARTESIAN_POINT('',(-4.194528221715E-16,-39.6));
#3113 = CARTESIAN_POINT('',(4.969912521841E-02,-39.59999999999));
#3114 = CARTESIAN_POINT('',(9.939563624659E-02,-39.6));
#3115 = CARTESIAN_POINT('',(0.149091690066,-39.59999999999));
#3116 = CARTESIAN_POINT('',(0.198789446502,-39.60000000001));
#3117 = CARTESIAN_POINT('',(0.248489181247,-39.59999999998));
#3118 = CARTESIAN_POINT('',(0.298191036744,-39.60000000001));
#3119 = CARTESIAN_POINT('',(0.347894923089,-39.59999999999));
#3120 = CARTESIAN_POINT('',(0.397598189056,-39.6));
#3121 = CARTESIAN_POINT('',(0.447295791264,-39.59999999999));
#3122 = CARTESIAN_POINT('',(0.546689803611,-39.6));
#3123 = CARTESIAN_POINT('',(0.596385413141,-39.59999999999));
#3124 = CARTESIAN_POINT('',(0.646081186949,-39.6));
#3125 = CARTESIAN_POINT('',(0.695777052198,-39.59999999999));
#3126 = CARTESIAN_POINT('',(0.745473260269,-39.6));
#3127 = CARTESIAN_POINT('',(0.795170645837,-39.59999999999));
#3128 = CARTESIAN_POINT('',(0.844869976881,-39.6));
#3129 = CARTESIAN_POINT('',(0.894571185494,-39.6));
#3130 = CARTESIAN_POINT('',(0.944273269343,-39.6));
#3131 = CARTESIAN_POINT('',(1.043678037946,-39.6));
#3132 = CARTESIAN_POINT('',(1.093380736251,-39.6));
#3133 = CARTESIAN_POINT('',(1.143083549656,-39.59999999999));
#3134 = CARTESIAN_POINT('',(1.192786008184,-39.6));
#3135 = CARTESIAN_POINT('',(1.242487670014,-39.59999999999));
#3136 = CARTESIAN_POINT('',(1.292188303517,-39.6));
#3137 = CARTESIAN_POINT('',(1.341887952067,-39.6));
#3138 = CARTESIAN_POINT('',(1.391586881661,-39.59999999999));
#3139 = CARTESIAN_POINT('',(1.441285411314,-39.6));
#3140 = CARTESIAN_POINT('',(1.51583273374,-39.59999999999));
#3141 = CARTESIAN_POINT('',(1.540681773434,-39.6));
#3142 = CARTESIAN_POINT('',(1.565530759964,-39.59999999999));
#3143 = CARTESIAN_POINT('',(1.590379707949,-39.60000000001));
#3144 = CARTESIAN_POINT('',(1.615228632005,-39.59999999999));
#3145 = CARTESIAN_POINT('',(1.640077546753,-39.6));
#3146 = CARTESIAN_POINT('',(1.664926466808,-39.59999999999));
#3147 = CARTESIAN_POINT('',(1.689775406789,-39.6));
#3148 = CARTESIAN_POINT('',(1.714624381314,-39.6));
#3149 = CARTESIAN_POINT('',(1.764322428688,-39.6));
#3150 = CARTESIAN_POINT('',(1.789171880976,-39.59999999999));
#3151 = CARTESIAN_POINT('',(1.814018166798,-39.6));
#3152 = CARTESIAN_POINT('',(1.838877613833,-39.59999999999));
#3153 = CARTESIAN_POINT('',(1.863703738714,-39.60000000001));
#3154 = CARTESIAN_POINT('',(1.888585892118,-39.59999999999));
#3155 = CARTESIAN_POINT('',(1.91340736355,-39.6));
#3156 = CARTESIAN_POINT('',(1.938267015304,-39.59999999999));
#3157 = CARTESIAN_POINT('',(1.96311823965,-39.6));
#3158 = CARTESIAN_POINT('',(1.98796769371,-39.6));
#3159 = ( GEOMETRIC_REPRESENTATION_CONTEXT(2) 
PARAMETRIC_REPRESENTATION_CONTEXT() REPRESENTATION_CONTEXT('2D SPACE',''
  ) );
#3160 = PCURVE('',#1809,#3161);
#3161 = DEFINITIONAL_REPRESENTATION('',(#3162),#3166);
#3162 = LINE('',#3163,#3164);
#3163 = CARTESIAN_POINT('',(0.,0.));
#3164 = VECTOR('',#3165,1.);
#3165 = DIRECTION('',(0.,1.));
#3166 = ( GEOMETRIC_REPRESENTATION_CONTEXT(2) 
PARAMETRIC_REPRESENTATION_CONTEXT() REPRESENTATION_CONTEXT('2D SPACE',''
  ) );
#3167 = ORIENTED_EDGE('',*,*,#3168,.T.);
#3168 = EDGE_CURVE('',#3079,#3169,#3171,.T.);
#3169 = VERTEX_POINT('',#3170);
#3170 = CARTESIAN_POINT('',(16.971122512727,20.891625708437,
    24.365463132305));
#3171 = SURFACE_CURVE('',#3172,(#3331,#3480),.PCURVE_S1.);
#3172 = B_SPLINE_CURVE_WITH_KNOTS('',14,(#3173,#3174,#3175,#3176,#3177,
    #3178,#3179,#3180,#3181,#3182,#3183,#3184,#3185,#3186,#3187,#3188,
    #3189,#3190,#3191,#3192,#3193,#3194,#3195,#3196,#3197,#3198,#3199,
    #3200,#3201,#3202,#3203,#3204,#3205,#3206,#3207,#3208,#3209,#3210,
    #3211,#3212,#3213,#3214,#3215,#3216,#3217,#3218,#3219,#3220,#3221,
    #3222,#3223,#3224,#3225,#3226,#3227,#3228,#3229,#3230,#3231,#3232,
    #3233,#3234,#3235,#3236,#3237,#3238,#3239,#3240,#3241,#3242,#3243,
    #3244,#3245,#3246,#3247,#3248,#3249,#3250,#3251,#3252,#3253,#3254,
    #3255,#3256,#3257,#3258,#3259,#3260,#3261,#3262,#3263,#3264,#3265,
    #3266,#3267,#3268,#3269,#3270,#3271,#3272,#3273,#3274,#3275,#3276,
    #3277,#3278,#3279,#3280,#3281,#3282,#3283,#3284,#3285,#3286,#3287,
    #3288,#3289,#3290,#3291,#3292,#3293,#3294,#3295,#3296,#3297,#3298,
    #3299,#3300,#3301,#3302,#3303,#3304,#3305,#3306,#3307,#3308,#3309,
    #3310,#3311,#3312,#3313,#3314,#3315,#3316,#3317,#3318,#3319,#3320,
    #3321,#3322,#3323,#3324,#3325,#3326,#3327,#3328,#3329,#3330),
  .UNSPECIFIED.,.F.,.F.,(15,13,13,13,13,13,13,13,13,13,13,13,15),(
    -1.212049220076,5.28496849973,6.501045195026,8.378291763032,
    8.859220671985,9.040973161955,9.261639705683,9.547126948079,
    10.286057592298,10.560016229159,10.901604051755,11.023186775732,
    11.088562197923),.UNSPECIFIED.);
#3173 = CARTESIAN_POINT('',(19.716670336807,31.37015204197,
    21.20190913866));
#3174 = CARTESIAN_POINT('',(19.60302580003,30.920190953828,
    21.204713679122));
#3175 = CARTESIAN_POINT('',(19.488854546737,30.470232447057,
    21.210315608716));
#3176 = CARTESIAN_POINT('',(19.374175908192,30.020390274273,
    21.220094269523));
#3177 = CARTESIAN_POINT('',(19.259019450822,29.57075552907,
    21.235471127527));
#3178 = CARTESIAN_POINT('',(19.143424737609,29.121413995052,
    21.257811261019));
#3179 = CARTESIAN_POINT('',(19.027436230763,28.672430967616,
    21.288445178424));
#3180 = CARTESIAN_POINT('',(18.911129087704,28.223992435081,
    21.328631457691));
#3181 = CARTESIAN_POINT('',(18.794615824989,27.77644026302,
    21.379528924741));
#3182 = CARTESIAN_POINT('',(18.678025113223,27.330168489941,
    21.442215935696));
#3183 = CARTESIAN_POINT('',(18.561488320884,26.88557353875,
    21.517716575525));
#3184 = CARTESIAN_POINT('',(18.445159272261,26.4431699733,
    21.606988725276));
#3185 = CARTESIAN_POINT('',(18.329236809407,26.003673679685,
    21.710903071282));
#3186 = CARTESIAN_POINT('',(18.213933368732,25.56777570198,
    21.830288047187));
#3187 = CARTESIAN_POINT('',(18.078054244783,25.055566583541,
    21.991298346937));
#3188 = CARTESIAN_POINT('',(18.056660955692,24.974965208376,
    22.017252795191));
#3189 = CARTESIAN_POINT('',(18.035299133339,24.894525066832,
    22.043781158768));
#3190 = CARTESIAN_POINT('',(18.013970340873,24.814251968702,
    22.070888352241));
#3191 = CARTESIAN_POINT('',(17.992676185352,24.734151823716,
    22.09857922441));
#3192 = CARTESIAN_POINT('',(17.971418315147,24.654230638064,
    22.126858555191));
#3193 = CARTESIAN_POINT('',(17.950198423932,24.574494519728,
    22.155731060398));
#3194 = CARTESIAN_POINT('',(17.929018245621,24.494949671733,
    22.185201385678));
#3195 = CARTESIAN_POINT('',(17.907879559739,24.415602399287,
    22.215274112934));
#3196 = CARTESIAN_POINT('',(17.886784186641,24.336459103448,
    22.245953754627));
#3197 = CARTESIAN_POINT('',(17.865733991067,24.257526285809,
    22.277244757991));
#3198 = CARTESIAN_POINT('',(17.844730879968,24.178810545652,
    22.309151502474));
#3199 = CARTESIAN_POINT('',(17.82377680356,24.100318581315,
    22.341678300963));
#3200 = CARTESIAN_POINT('',(17.770605908365,23.901245789151,
    22.426004449397));
#3201 = CARTESIAN_POINT('',(17.738477642455,23.780969380409,
    22.478672311764));
#3202 = CARTESIAN_POINT('',(17.70630308168,23.661420128351,
    22.532784103379));
#3203 = CARTESIAN_POINT('',(17.675091769606,23.541717629021,
    22.588720227053));
#3204 = CARTESIAN_POINT('',(17.641466507158,23.425106846912,
    22.645142865777));
#3205 = CARTESIAN_POINT('',(17.61364252405,23.303399785815,
    22.705682024527));
#3206 = CARTESIAN_POINT('',(17.576549769832,23.192396190563,
    22.763087557079));
#3207 = CARTESIAN_POINT('',(17.551687886581,23.069000175032,
    22.8286188654));
#3208 = CARTESIAN_POINT('',(17.515234840515,22.959412625039,
    22.888766993275));
#3209 = CARTESIAN_POINT('',(17.487825953473,22.840816300552,
    22.955977940773));
#3210 = CARTESIAN_POINT('',(17.455445160167,22.728082995072,
    23.021714258507));
#3211 = CARTESIAN_POINT('',(17.425253409987,22.614683024801,
    23.090358864176));
#3212 = CARTESIAN_POINT('',(17.394991205083,22.502547770121,
    23.160275137814));
#3213 = CARTESIAN_POINT('',(17.357358438851,22.362716697371,
    23.250150767071));
#3214 = CARTESIAN_POINT('',(17.349693998002,22.334257161053,
    23.268584335051));
#3215 = CARTESIAN_POINT('',(17.342053054879,22.305846474291,
    23.287127053299));
#3216 = CARTESIAN_POINT('',(17.334436635747,22.277481318421,
    23.305779113254));
#3217 = CARTESIAN_POINT('',(17.326838760517,22.24916180671,
    23.324538754472));
#3218 = CARTESIAN_POINT('',(17.3192505067,22.220889796335,
    23.343404327082));
#3219 = CARTESIAN_POINT('',(17.311663136714,22.192667727903,
    23.362375692285));
#3220 = CARTESIAN_POINT('',(17.304070229144,22.164497915216,
    23.381454882368));
#3221 = CARTESIAN_POINT('',(17.296468893661,22.13638238903,
    23.400646125576));
#3222 = CARTESIAN_POINT('',(17.288859978074,22.108323175656,
    23.419955114929));
#3223 = CARTESIAN_POINT('',(17.281247357905,22.080323128083,
    23.439387640336));
#3224 = CARTESIAN_POINT('',(17.273636231649,22.052387209583,
    23.458947482601));
#3225 = CARTESIAN_POINT('',(17.266030477769,22.02452430277,
    23.478633643248));
#3226 = CARTESIAN_POINT('',(17.25555630531,21.986252854323,
    23.505920890866));
#3227 = CARTESIAN_POINT('',(17.252684035701,21.975767304532,
    23.513423029166));
#3228 = CARTESIAN_POINT('',(17.249813579438,21.965297331105,
    23.520940330214));
#3229 = CARTESIAN_POINT('',(17.246945871069,21.954846033632,
    23.528470823496));
#3230 = CARTESIAN_POINT('',(17.244081496168,21.944415348977,
    23.536013364872));
#3231 = CARTESIAN_POINT('',(17.241220753057,21.934006264988,
    23.543567478049));
#3232 = CARTESIAN_POINT('',(17.238363723001,21.923619045054,
    23.551133208355));
#3233 = CARTESIAN_POINT('',(17.235510327063,21.91325343558,
    23.558710957211));
#3234 = CARTESIAN_POINT('',(17.232660400522,21.902908895948,
    23.566301341958));
#3235 = CARTESIAN_POINT('',(17.229813747738,21.892584803468,
    23.573905027506));
#3236 = CARTESIAN_POINT('',(17.226970215524,21.882280681964,
    23.581522584613));
#3237 = CARTESIAN_POINT('',(17.224129751615,21.871996411364,
    23.58915432675));
#3238 = CARTESIAN_POINT('',(17.221292473303,21.861732450221,
    23.596800161553));
#3239 = CARTESIAN_POINT('',(17.215018269654,21.839054706144,
    23.61375859221));
#3240 = CARTESIAN_POINT('',(17.211598952072,21.82664961612,
    23.623078920479));
#3241 = CARTESIAN_POINT('',(17.20820309155,21.814271029927,
    23.632420849803));
#3242 = CARTESIAN_POINT('',(17.204831532394,21.801917321471,
    23.641783176966));
#3243 = CARTESIAN_POINT('',(17.201484191507,21.789588085032,
    23.651163758489));
#3244 = CARTESIAN_POINT('',(17.198160488512,21.777283372722,
    23.66056010285));
#3245 = CARTESIAN_POINT('',(17.194859655854,21.765003065691,
    23.669969851045));
#3246 = CARTESIAN_POINT('',(17.191580940723,21.752746391102,
    23.679391160336));
#3247 = CARTESIAN_POINT('',(17.188323683596,21.740511569794,
    23.688822972305));
#3248 = CARTESIAN_POINT('',(17.185087290048,21.728295610709,
    23.698265185657));
#3249 = CARTESIAN_POINT('',(17.181871080205,21.716094237469,
    23.707718714839));
#3250 = CARTESIAN_POINT('',(17.178674028437,21.703901958461,
    23.717185449524));
#3251 = CARTESIAN_POINT('',(17.175494384567,21.691712272876,
    23.726668104681));
#3252 = CARTESIAN_POINT('',(17.168234202059,21.663741703898,
    23.748462997705));
#3253 = CARTESIAN_POINT('',(17.164163452937,21.647961955284,
    23.760782286377));
#3254 = CARTESIAN_POINT('',(17.160117159826,21.6321840717,
    23.773125813426));
#3255 = CARTESIAN_POINT('',(17.156104968794,21.61640493995,
    23.785488176058));
#3256 = CARTESIAN_POINT('',(17.152130447651,21.600620069763,
    23.797863032683));
#3257 = CARTESIAN_POINT('',(17.148185848089,21.584827154323,
    23.810244776308));
#3258 = CARTESIAN_POINT('',(17.144254180687,21.569027007652,
    23.822629527701));
#3259 = CARTESIAN_POINT('',(17.140315650124,21.553222727138,
    23.835015534134));
#3260 = CARTESIAN_POINT('',(17.136355501551,21.53741793284,
    23.847403062442));
#3261 = CARTESIAN_POINT('',(17.132370327857,21.521614934999,
    23.859793875946));
#3262 = CARTESIAN_POINT('',(17.128369885789,21.505813677661,
    23.872190379715));
#3263 = CARTESIAN_POINT('',(17.124371472978,21.490012312562,
    23.884594526691));
#3264 = CARTESIAN_POINT('',(17.120383912954,21.474210250379,
    23.897006568442));
#3265 = CARTESIAN_POINT('',(17.106010155881,21.417530289992,
    23.941563286284));
#3266 = CARTESIAN_POINT('',(17.095566526266,21.376687793031,
    23.973739108043));
#3267 = CARTESIAN_POINT('',(17.085277093901,21.335833160456,
    24.006010255061));
#3268 = CARTESIAN_POINT('',(17.074542224607,21.295274592818,
    24.038141206455));
#3269 = CARTESIAN_POINT('',(17.064044958994,21.254570078516,
    24.070616144627));
#3270 = CARTESIAN_POINT('',(17.053782516186,21.213893148632,
    24.103211646242));
#3271 = CARTESIAN_POINT('',(17.043347014481,21.173372870496,
    24.135743731498));
#3272 = CARTESIAN_POINT('',(17.032775112611,21.132741368223,
    24.168497260269));
#3273 = CARTESIAN_POINT('',(17.022387700213,21.092002967444,
    24.201523404255));
#3274 = CARTESIAN_POINT('',(17.012148783391,21.051631346225,
    24.234350287563));
#3275 = CARTESIAN_POINT('',(17.001778546807,21.011542124137,
    24.266996149788));
#3276 = CARTESIAN_POINT('',(16.99144390809,20.970981312315,
    24.300210372679));
#3277 = CARTESIAN_POINT('',(16.981301695879,20.931387865344,
    24.332709788859));
#3278 = CARTESIAN_POINT('',(16.967399303721,20.877082024268,
    24.377443222986));
#3279 = CARTESIAN_POINT('',(16.963639507444,20.862402065871,
    24.389550769752));
#3280 = CARTESIAN_POINT('',(16.959880013779,20.847719633112,
    24.401675631926));
#3281 = CARTESIAN_POINT('',(16.956119137343,20.833027177408,
    24.413823991797));
#3282 = CARTESIAN_POINT('',(16.952354210237,20.81831866638,
    24.426000844862));
#3283 = CARTESIAN_POINT('',(16.948582095899,20.803588376158,
    24.438211124396));
#3284 = CARTESIAN_POINT('',(16.944799619482,20.788830147045,
    24.450460377656));
#3285 = CARTESIAN_POINT('',(16.941003928099,20.774037121721,
    24.462755010532));
#3286 = CARTESIAN_POINT('',(16.937192765493,20.759201943456,
    24.475102081675));
#3287 = CARTESIAN_POINT('',(16.933364675889,20.744317436341,
    24.487508663557));
#3288 = CARTESIAN_POINT('',(16.929519125461,20.729377749709,
    24.499980757603));
#3289 = CARTESIAN_POINT('',(16.92565654872,20.714379978603,
    24.512521770645));
#3290 = CARTESIAN_POINT('',(16.921778316264,20.699326253971,
    24.525130549985));
#3291 = CARTESIAN_POINT('',(16.91303423442,20.665398796319,
    24.553594721193));
#3292 = CARTESIAN_POINT('',(16.908165035771,20.646499205352,
    24.569484185623));
#3293 = CARTESIAN_POINT('',(16.903266829342,20.627548688355,
    24.585447975217));
#3294 = CARTESIAN_POINT('',(16.898383068724,20.608583543412,
    24.601462658928));
#3295 = CARTESIAN_POINT('',(16.893511184755,20.589644607106,
    24.617487438118));
#3296 = CARTESIAN_POINT('',(16.888643650645,20.570775342605,
    24.633483773812));
#3297 = CARTESIAN_POINT('',(16.8837982527,20.552019573037,
    24.649419503638));
#3298 = CARTESIAN_POINT('',(16.879008025212,20.533421185417,
    24.66525841217));
#3299 = CARTESIAN_POINT('',(16.874295965212,20.515028796757,
    24.680950926468));
#3300 = CARTESIAN_POINT('',(16.869665948414,20.496903952468,
    24.696435188461));
#3301 = CARTESIAN_POINT('',(16.865119706934,20.479126905632,
    24.711643063871));
#3302 = CARTESIAN_POINT('',(16.860681354224,20.461795106667,
    24.726496380746));
#3303 = CARTESIAN_POINT('',(16.856396242933,20.445021208261,
    24.740887710477));
#3304 = CARTESIAN_POINT('',(16.850829661737,20.423250416276,
    24.759590364224));
#3305 = CARTESIAN_POINT('',(16.849392306269,20.417625412813,
    24.76442458356));
#3306 = CARTESIAN_POINT('',(16.847977287509,20.412103076343,
    24.769174005839));
#3307 = CARTESIAN_POINT('',(16.846575854269,20.406619841188,
    24.773890601635));
#3308 = CARTESIAN_POINT('',(16.845157393332,20.401066083692,
    24.778669485654));
#3309 = CARTESIAN_POINT('',(16.843674693606,20.395274485114,
    24.783656202056));
#3310 = CARTESIAN_POINT('',(16.84206758573,20.389005177063,
    24.789057115642));
#3311 = CARTESIAN_POINT('',(16.840259834668,20.381942658323,
    24.795143114392));
#3312 = CARTESIAN_POINT('',(16.838153706102,20.373703479855,
    24.802245764783));
#3313 = CARTESIAN_POINT('',(16.835629547979,20.36384577229,
    24.810750514752));
#3314 = CARTESIAN_POINT('',(16.832553708275,20.35187144805,
    24.821093074956));
#3315 = CARTESIAN_POINT('',(16.828787499942,20.337219779847,
    24.833763207533));
#3316 = CARTESIAN_POINT('',(16.82417238511,20.319266620168,
    24.849314348915));
#3317 = CARTESIAN_POINT('',(16.81536132096,20.285591714723,
    24.87861348764));
#3318 = CARTESIAN_POINT('',(16.812279939455,20.273815017947,
    24.888859903122));
#3319 = CARTESIAN_POINT('',(16.809198224535,20.262037046893,
    24.899107427298));
#3320 = CARTESIAN_POINT('',(16.806116176199,20.250257801562,
    24.90935606017));
#3321 = CARTESIAN_POINT('',(16.803033794447,20.238477281953,
    24.919605801735));
#3322 = CARTESIAN_POINT('',(16.799951079278,20.226695488067,
    24.929856651996));
#3323 = CARTESIAN_POINT('',(16.796868030693,20.214912419903,
    24.94010861095));
#3324 = CARTESIAN_POINT('',(16.793784648693,20.203128077461,
    24.9503616786));
#3325 = CARTESIAN_POINT('',(16.790700933276,20.191342460742,
    24.960615854943));
#3326 = CARTESIAN_POINT('',(16.787616884443,20.179555569745,
    24.970871139982));
#3327 = CARTESIAN_POINT('',(16.784532502194,20.167767404471,
    24.981127533714));
#3328 = CARTESIAN_POINT('',(16.781447786529,20.155977964919,
    24.991385036142));
#3329 = CARTESIAN_POINT('',(16.778362737448,20.14418725109,
    25.001643647263));
#3330 = CARTESIAN_POINT('',(16.775277354951,20.132395262983,
    25.01190336708));
#3331 = PCURVE('',#1335,#3332);
#3332 = DEFINITIONAL_REPRESENTATION('',(#3333),#3479);
#3333 = B_SPLINE_CURVE_WITH_KNOTS('',14,(#3334,#3335,#3336,#3337,#3338,
    #3339,#3340,#3341,#3342,#3343,#3344,#3345,#3346,#3347,#3348,#3349,
    #3350,#3351,#3352,#3353,#3354,#3355,#3356,#3357,#3358,#3359,#3360,
    #3361,#3362,#3363,#3364,#3365,#3366,#3367,#3368,#3369,#3370,#3371,
    #3372,#3373,#3374,#3375,#3376,#3377,#3378,#3379,#3380,#3381,#3382,
    #3383,#3384,#3385,#3386,#3387,#3388,#3389,#3390,#3391,#3392,#3393,
    #3394,#3395,#3396,#3397,#3398,#3399,#3400,#3401,#3402,#3403,#3404,
    #3405,#3406,#3407,#3408,#3409,#3410,#3411,#3412,#3413,#3414,#3415,
    #3416,#3417,#3418,#3419,#3420,#3421,#3422,#3423,#3424,#3425,#3426,
    #3427,#3428,#3429,#3430,#3431,#3432,#3433,#3434,#3435,#3436,#3437,
    #3438,#3439,#3440,#3441,#3442,#3443,#3444,#3445,#3446,#3447,#3448,
    #3449,#3450,#3451,#3452,#3453,#3454,#3455,#3456,#3457,#3458,#3459,
    #3460,#3461,#3462,#3463,#3464,#3465,#3466,#3467,#3468,#3469,#3470,
    #3471,#3472,#3473,#3474,#3475,#3476,#3477,#3478),.UNSPECIFIED.,.F.,
  .F.,(15,13,13,13,13,13,13,13,13,13,13,15),(-1.212049220076,
    5.28496849973,6.501045195026,8.378291763032,8.859220671985,
    9.040973161955,9.261639705683,9.547126948079,10.286057592298,
    10.560016229159,10.901604051755,11.023186775732),.UNSPECIFIED.);
#3334 = CARTESIAN_POINT('',(0.741400231709,-39.9166703368));
#3335 = CARTESIAN_POINT('',(1.191338566931,-39.80302580002));
#3336 = CARTESIAN_POINT('',(1.64137830036,-39.68885454675));
#3337 = CARTESIAN_POINT('',(2.091244090353,-39.57417590815));
#3338 = CARTESIAN_POINT('',(2.541052574108,-39.45901945089));
#3339 = CARTESIAN_POINT('',(2.990794845778,-39.34342473749));
#3340 = CARTESIAN_POINT('',(3.440538052081,-39.2274362309));
#3341 = CARTESIAN_POINT('',(3.890366498828,-39.11112908754));
#3342 = CARTESIAN_POINT('',(4.340302547731,-38.99461582513));
#3343 = CARTESIAN_POINT('',(4.79037732876,-38.8780251131));
#3344 = CARTESIAN_POINT('',(5.240706545961,-38.76148832096));
#3345 = CARTESIAN_POINT('',(5.691407235604,-38.64515927221));
#3346 = CARTESIAN_POINT('',(6.142501255109,-38.52923680942));
#3347 = CARTESIAN_POINT('',(6.594118722659,-38.41393336872));
#3348 = CARTESIAN_POINT('',(7.13101041141,-38.27805424478));
#3349 = CARTESIAN_POINT('',(7.215681060071,-38.25666095564));
#3350 = CARTESIAN_POINT('',(7.300374371379,-38.23529913348));
#3351 = CARTESIAN_POINT('',(7.385090858105,-38.21397034057));
#3352 = CARTESIAN_POINT('',(7.469831084835,-38.19267618585));
#3353 = CARTESIAN_POINT('',(7.554595666196,-38.17141831447));
#3354 = CARTESIAN_POINT('',(7.639385269658,-38.15019842465));
#3355 = CARTESIAN_POINT('',(7.724200611859,-38.12901824497));
#3356 = CARTESIAN_POINT('',(7.809042462658,-38.1078795602));
#3357 = CARTESIAN_POINT('',(7.893911641359,-38.08678418637));
#3358 = CARTESIAN_POINT('',(7.978809019679,-38.06573399118));
#3359 = CARTESIAN_POINT('',(8.063735519793,-38.04473087993));
#3360 = CARTESIAN_POINT('',(8.148692115397,-38.02377680356));
#3361 = CARTESIAN_POINT('',(8.364874597595,-37.97060590836));
#3362 = CARTESIAN_POINT('',(8.496158101767,-37.93847764242));
#3363 = CARTESIAN_POINT('',(8.627362540225,-37.90630308178));
#3364 = CARTESIAN_POINT('',(8.759432640159,-37.87509176937));
#3365 = CARTESIAN_POINT('',(8.888950423358,-37.84146650752));
#3366 = CARTESIAN_POINT('',(9.024903062568,-37.81364252358));
#3367 = CARTESIAN_POINT('',(9.149610314381,-37.77654977031));
#3368 = CARTESIAN_POINT('',(9.289607098539,-37.75168788617));
#3369 = CARTESIAN_POINT('',(9.414266145465,-37.71523484079));
#3370 = CARTESIAN_POINT('',(9.550702270788,-37.68782595332));
#3371 = CARTESIAN_POINT('',(9.681073854116,-37.65544516023));
#3372 = CARTESIAN_POINT('',(9.813634365421,-37.62525340996));
#3373 = CARTESIAN_POINT('',(9.945763303617,-37.59499120508));
#3374 = CARTESIAN_POINT('',(10.11197337588,-37.55735843885));
#3375 = CARTESIAN_POINT('',(10.145877697606,-37.54969399797));
#3376 = CARTESIAN_POINT('',(10.179799732247,-37.54205305496));
#3377 = CARTESIAN_POINT('',(10.213742563313,-37.53443663557));
#3378 = CARTESIAN_POINT('',(10.247705373969,-37.52683876079));
#3379 = CARTESIAN_POINT('',(10.281686078424,-37.51925050634));
#3380 = CARTESIAN_POINT('',(10.315683137278,-37.51166313708));
#3381 = CARTESIAN_POINT('',(10.349696516382,-37.50407022882));
#3382 = CARTESIAN_POINT('',(10.383727843694,-37.49646889388));
#3383 = CARTESIAN_POINT('',(10.417779701303,-37.48885997794));
#3384 = CARTESIAN_POINT('',(10.451854114928,-37.48124735796));
#3385 = CARTESIAN_POINT('',(10.48595018773,-37.47363623163));
#3386 = CARTESIAN_POINT('',(10.52006091732,-37.46603047777));
#3387 = CARTESIAN_POINT('',(10.567059351744,-37.45555630531));
#3388 = CARTESIAN_POINT('',(10.579951221556,-37.45268403568));
#3389 = CARTESIAN_POINT('',(10.592839465512,-37.44981357949));
#3390 = CARTESIAN_POINT('',(10.605720460328,-37.44694587092));
#3391 = CARTESIAN_POINT('',(10.618592010117,-37.44408149644));
#3392 = CARTESIAN_POINT('',(10.631453076401,-37.44122075264));
#3393 = CARTESIAN_POINT('',(10.644303517413,-37.43836372349));
#3394 = CARTESIAN_POINT('',(10.65714381299,-37.43551032658));
#3395 = CARTESIAN_POINT('',(10.669974808255,-37.43266040089));
#3396 = CARTESIAN_POINT('',(10.682797436513,-37.4298137475));
#3397 = CARTESIAN_POINT('',(10.695612461737,-37.42697021563));
#3398 = CARTESIAN_POINT('',(10.70842020533,-37.42412975157));
#3399 = CARTESIAN_POINT('',(10.721220283577,-37.42129247331));
#3400 = CARTESIAN_POINT('',(10.749541018946,-37.41501826964));
#3401 = CARTESIAN_POINT('',(10.765059451501,-37.4115989521));
#3402 = CARTESIAN_POINT('',(10.780569849007,-37.40820309147));
#3403 = CARTESIAN_POINT('',(10.796072742398,-37.40483153254));
#3404 = CARTESIAN_POINT('',(10.811567121021,-37.40148419126));
#3405 = CARTESIAN_POINT('',(10.827051399975,-37.39816048882));
#3406 = CARTESIAN_POINT('',(10.842524209643,-37.39485965552));
#3407 = CARTESIAN_POINT('',(10.857985015463,-37.391580941));
#3408 = CARTESIAN_POINT('',(10.873434557577,-37.38832368339));
#3409 = CARTESIAN_POINT('',(10.888875121815,-37.38508729016));
#3410 = CARTESIAN_POINT('',(10.904310631103,-37.38187108015));
#3411 = CARTESIAN_POINT('',(10.919746566253,-37.37867402845));
#3412 = CARTESIAN_POINT('',(10.935189709804,-37.37549438456));
#3413 = CARTESIAN_POINT('',(10.970646506328,-37.36823420205));
#3414 = CARTESIAN_POINT('',(10.990663053731,-37.36416345294));
#3415 = CARTESIAN_POINT('',(11.010692393921,-37.36011715979));
#3416 = CARTESIAN_POINT('',(11.030733445321,-37.35610496888));
#3417 = CARTESIAN_POINT('',(11.050785501775,-37.35213044747));
#3418 = CARTESIAN_POINT('',(11.07084675479,-37.34818584834));
#3419 = CARTESIAN_POINT('',(11.090914281047,-37.34425418037));
#3420 = CARTESIAN_POINT('',(11.110984930077,-37.34031565043));
#3421 = CARTESIAN_POINT('',(11.131056544869,-37.33635550129));
#3422 = CARTESIAN_POINT('',(11.151128953481,-37.33237032802));
#3423 = CARTESIAN_POINT('',(11.171204161417,-37.3283698857));
#3424 = CARTESIAN_POINT('',(11.191285184434,-37.324371473));
#3425 = CARTESIAN_POINT('',(11.211372951906,-37.32038391294));
#3426 = CARTESIAN_POINT('',(11.283454167268,-37.30601015589));
#3427 = CARTESIAN_POINT('',(11.335445024456,-37.29556652621));
#3428 = CARTESIAN_POINT('',(11.387569566313,-37.28527709404));
#3429 = CARTESIAN_POINT('',(11.439216822585,-37.27454222432));
#3430 = CARTESIAN_POINT('',(11.491552354007,-37.26404495944));
#3431 = CARTESIAN_POINT('',(11.54387627776,-37.25378251562));
#3432 = CARTESIAN_POINT('',(11.595717350637,-37.24334701506));
#3433 = CARTESIAN_POINT('',(11.647914308986,-37.23277511212));
#3434 = CARTESIAN_POINT('',(11.700602760603,-37.22238770055));
#3435 = CARTESIAN_POINT('',(11.752400983069,-37.21214878319));
#3436 = CARTESIAN_POINT('',(11.803293599678,-37.20177854689));
#3437 = CARTESIAN_POINT('',(11.855601523951,-37.19144390806));
#3438 = CARTESIAN_POINT('',(11.906585435672,-37.18130169588));
#3439 = CARTESIAN_POINT('',(11.977027442639,-37.16739930372));
#3440 = CARTESIAN_POINT('',(11.996113586592,-37.16363950743));
#3441 = CARTESIAN_POINT('',(12.015248736509,-37.1598800138));
#3442 = CARTESIAN_POINT('',(12.034453781447,-37.15611913727));
#3443 = CARTESIAN_POINT('',(12.053749446456,-37.15235421037));
#3444 = CARTESIAN_POINT('',(12.073152029168,-37.14858209568));
#3445 = CARTESIAN_POINT('',(12.092670442042,-37.14479961976));
#3446 = CARTESIAN_POINT('',(12.112304559368,-37.14100392781));
#3447 = CARTESIAN_POINT('',(12.132044872347,-37.13719276573));
#3448 = CARTESIAN_POINT('',(12.151873445899,-37.13336467573));
#3449 = CARTESIAN_POINT('',(12.171766186031,-37.12951912554));
#3450 = CARTESIAN_POINT('',(12.191696408089,-37.12565654868));
#3451 = CARTESIAN_POINT('',(12.211639714492,-37.12177831627));
#3452 = CARTESIAN_POINT('',(12.256443121413,-37.1130342344));
#3453 = CARTESIAN_POINT('',(12.281251726689,-37.10816503583));
#3454 = CARTESIAN_POINT('',(12.306147618304,-37.10326682915));
#3455 = CARTESIAN_POINT('',(12.330545694794,-37.09838306913));
#3456 = CARTESIAN_POINT('',(12.354810789381,-37.09351118406));
#3457 = CARTESIAN_POINT('',(12.378987736134,-37.08864365157));
#3458 = CARTESIAN_POINT('',(12.402583702455,-37.08379825166));
#3459 = CARTESIAN_POINT('',(12.425295947787,-37.07900802616));
#3460 = CARTESIAN_POINT('',(12.447441303267,-37.0742959645));
#3461 = CARTESIAN_POINT('',(12.469485083596,-37.06966594884));
#3462 = CARTESIAN_POINT('',(12.491295822577,-37.06511970673));
#3463 = CARTESIAN_POINT('',(12.512377667879,-37.06068135429));
#3464 = CARTESIAN_POINT('',(12.533163468262,-37.05639624292));
#3465 = CARTESIAN_POINT('',(12.560464522182,-37.05082966173));
#3466 = CARTESIAN_POINT('',(12.567526808921,-37.04939230627));
#3467 = CARTESIAN_POINT('',(12.574598464689,-37.04797728747));
#3468 = CARTESIAN_POINT('',(12.581556498162,-37.04657585434));
#3469 = CARTESIAN_POINT('',(12.588615798065,-37.04515739318));
#3470 = CARTESIAN_POINT('',(12.596115050243,-37.04367469381));
#3471 = CARTESIAN_POINT('',(12.604336841405,-37.04206758547));
#3472 = CARTESIAN_POINT('',(12.61358516145,-37.0402598349));
#3473 = CARTESIAN_POINT('',(12.624385477898,-37.03815370591));
#3474 = CARTESIAN_POINT('',(12.637556135432,-37.03562954809));
#3475 = CARTESIAN_POINT('',(12.654024914809,-37.03255370822));
#3476 = CARTESIAN_POINT('',(12.674631297067,-37.02878749996));
#3477 = CARTESIAN_POINT('',(12.700763196563,-37.0241723851));
#3478 = CARTESIAN_POINT('',(12.737526754955,-37.01844236904));
#3479 = ( GEOMETRIC_REPRESENTATION_CONTEXT(2) 
PARAMETRIC_REPRESENTATION_CONTEXT() REPRESENTATION_CONTEXT('2D SPACE',''
  ) );
#3480 = PCURVE('',#3481,#3956);
#3481 = ( BOUNDED_SURFACE() B_SPLINE_SURFACE(2,14,(
    (#3482,#3483,#3484,#3485,#3486,#3487,#3488,#3489,#3490,#3491,#3492
      ,#3493,#3494,#3495,#3496,#3497,#3498,#3499,#3500,#3501,#3502,#3503
      ,#3504,#3505,#3506,#3507,#3508,#3509,#3510,#3511,#3512,#3513,#3514
      ,#3515,#3516,#3517,#3518,#3519,#3520,#3521,#3522,#3523,#3524,#3525
      ,#3526,#3527,#3528,#3529,#3530,#3531,#3532,#3533,#3534,#3535,#3536
      ,#3537,#3538,#3539,#3540,#3541,#3542,#3543,#3544,#3545,#3546,#3547
      ,#3548,#3549,#3550,#3551,#3552,#3553,#3554,#3555,#3556,#3557,#3558
      ,#3559,#3560,#3561,#3562,#3563,#3564,#3565,#3566,#3567,#3568,#3569
      ,#3570,#3571,#3572,#3573,#3574,#3575,#3576,#3577,#3578,#3579,#3580
      ,#3581,#3582,#3583,#3584,#3585,#3586,#3587,#3588,#3589,#3590,#3591
      ,#3592,#3593,#3594,#3595,#3596,#3597,#3598,#3599,#3600,#3601,#3602
      ,#3603,#3604,#3605,#3606,#3607,#3608,#3609,#3610,#3611,#3612,#3613
      ,#3614,#3615,#3616,#3617,#3618,#3619,#3620,#3621,#3622,#3623,#3624
      ,#3625,#3626,#3627,#3628,#3629,#3630,#3631,#3632,#3633,#3634,#3635
      ,#3636,#3637,#3638,#3639)
    ,(#3640,#3641,#3642,#3643,#3644,#3645,#3646,#3647,#3648,#3649,#3650
      ,#3651,#3652,#3653,#3654,#3655,#3656,#3657,#3658,#3659,#3660,#3661
      ,#3662,#3663,#3664,#3665,#3666,#3667,#3668,#3669,#3670,#3671,#3672
      ,#3673,#3674,#3675,#3676,#3677,#3678,#3679,#3680,#3681,#3682,#3683
      ,#3684,#3685,#3686,#3687,#3688,#3689,#3690,#3691,#3692,#3693,#3694
      ,#3695,#3696,#3697,#3698,#3699,#3700,#3701,#3702,#3703,#3704,#3705
      ,#3706,#3707,#3708,#3709,#3710,#3711,#3712,#3713,#3714,#3715,#3716
      ,#3717,#3718,#3719,#3720,#3721,#3722,#3723,#3724,#3725,#3726,#3727
      ,#3728,#3729,#3730,#3731,#3732,#3733,#3734,#3735,#3736,#3737,#3738
      ,#3739,#3740,#3741,#3742,#3743,#3744,#3745,#3746,#3747,#3748,#3749
      ,#3750,#3751,#3752,#3753,#3754,#3755,#3756,#3757,#3758,#3759,#3760
      ,#3761,#3762,#3763,#3764,#3765,#3766,#3767,#3768,#3769,#3770,#3771
      ,#3772,#3773,#3774,#3775,#3776,#3777,#3778,#3779,#3780,#3781,#3782
      ,#3783,#3784,#3785,#3786,#3787,#3788,#3789,#3790,#3791,#3792,#3793
      ,#3794,#3795,#3796,#3797)
    ,(#3798,#3799,#3800,#3801,#3802,#3803,#3804,#3805,#3806,#3807,#3808
      ,#3809,#3810,#3811,#3812,#3813,#3814,#3815,#3816,#3817,#3818,#3819
      ,#3820,#3821,#3822,#3823,#3824,#3825,#3826,#3827,#3828,#3829,#3830
      ,#3831,#3832,#3833,#3834,#3835,#3836,#3837,#3838,#3839,#3840,#3841
      ,#3842,#3843,#3844,#3845,#3846,#3847,#3848,#3849,#3850,#3851,#3852
      ,#3853,#3854,#3855,#3856,#3857,#3858,#3859,#3860,#3861,#3862,#3863
      ,#3864,#3865,#3866,#3867,#3868,#3869,#3870,#3871,#3872,#3873,#3874
      ,#3875,#3876,#3877,#3878,#3879,#3880,#3881,#3882,#3883,#3884,#3885
      ,#3886,#3887,#3888,#3889,#3890,#3891,#3892,#3893,#3894,#3895,#3896
      ,#3897,#3898,#3899,#3900,#3901,#3902,#3903,#3904,#3905,#3906,#3907
      ,#3908,#3909,#3910,#3911,#3912,#3913,#3914,#3915,#3916,#3917,#3918
      ,#3919,#3920,#3921,#3922,#3923,#3924,#3925,#3926,#3927,#3928,#3929
      ,#3930,#3931,#3932,#3933,#3934,#3935,#3936,#3937,#3938,#3939,#3940
      ,#3941,#3942,#3943,#3944,#3945,#3946,#3947,#3948,#3949,#3950,#3951
      ,#3952,#3953,#3954,#3955
)),.UNSPECIFIED.,.F.,.F.,.F.) B_SPLINE_SURFACE_WITH_KNOTS((3,3),(15,13,
    13,13,13,13,13,13,13,13,13,13,15),(0.,12.235235995809),(
    -1.212049220076,5.28496849973,6.501045195026,8.378291763032,
    8.859220671985,9.040973161955,9.261639705683,9.547126948079,
    10.286057592298,10.560016229159,10.901604051755,11.023186775732,
11.088562197923),.UNSPECIFIED.) GEOMETRIC_REPRESENTATION_ITEM() 
RATIONAL_B_SPLINE_SURFACE((
    (1.,1.,1.,1.,1.,1.,1.,1.,1.,1.,1.,1.,1.,1.,1.,1.,1.,1.,1.,1.,1.,1.
      ,1.,1.,1.,1.,1.,1.,1.,1.,1.,1.,1.,1.,1.,1.,1.,1.,1.,1.,1.,1.,1.,1.
      ,1.,1.,1.,1.,1.,1.,1.,1.,1.,1.,1.,1.,1.,1.,1.,1.,1.,1.,1.,1.,1.,1.
      ,1.,1.,1.,1.,1.,1.,1.,1.,1.,1.,1.,1.,1.,1.,1.,1.,1.,1.,1.,1.,1.,1.
      ,1.,1.,1.,1.,1.,1.,1.,1.,1.,1.,1.,1.,1.,1.,1.,1.,1.,1.,1.,1.,1.,1.
      ,1.,1.,1.,1.,1.,1.,1.,1.,1.,1.,1.,1.,1.,1.,1.,1.,1.,1.,1.,1.,1.,1.
      ,1.,1.,1.,1.,1.,1.,1.,1.,1.,1.,1.,1.,1.,1.,1.,1.,1.,1.,1.,1.,1.,1.
      ,1.,1.,1.,1.)
    ,(0.706572125769,0.706076864368,0.705354956817,0.704401917325
      ,0.703219852021,0.701815257007,0.700198834219,0.698381328914
      ,0.696372587725,0.694183788232,0.691827106734,0.689311583382
      ,0.686643849352,0.683839541717,0.680354674041,0.679800781329
      ,0.679242461846,0.678679752036,0.678112696784,0.677541349348
      ,0.676965771451,0.676386033176,0.675802213069,0.675214398053
      ,0.674622683486,0.674027173132,0.67342797917,0.671894751714
      ,0.670965704221,0.669930701619,0.66935398378,0.667313311469
      ,0.668518432805,0.664240371344,0.66699512818,0.662844786217
      ,0.663877456367,0.661954273885,0.661109792915,0.660086430209
      ,0.658856010909,0.658603119347,0.658355324317,0.658113486611
      ,0.657874840626,0.657635062494,0.65738983987,0.657135941227
      ,0.656871787535,0.656597523026,0.656314588298,0.656024792993
      ,0.655728890071,0.655309672268,0.655193603848,0.655076550597
      ,0.654958585874,0.654839755822,0.654720084005,0.654599576468
      ,0.65447822614,0.654356018099,0.654232933879,0.654108956681
      ,0.653984075859,0.6538582919,0.653577829533,0.653430295904
      ,0.653290534819,0.653159132467,0.653036103227,0.652921177034
      ,0.65281401687,0.652714367359,0.652622133212,0.652537388906
      ,0.652460318274,0.652391085102,0.652329633948,0.652205284549
      ,0.652146800184,0.652099462093,0.652068120967,0.652054960195
      ,0.65205664686,0.652065187582,0.65207101835,0.652066857706
      ,0.652050852479,0.652027545367,0.652005193617,0.651987968062
      ,0.651893214099,0.651784844829,0.651749633425,0.65147273358
      ,0.651323271378,0.651279819443,0.651137639846,0.65094490959
      ,0.650850393915,0.650782307165,0.650620296524,0.650529627662
      ,0.650415978418,0.650264030339,0.650222159755,0.650180716027
      ,0.650139793233,0.650098850673,0.650057092582,0.650013756581
      ,0.649968311031,0.64992056116,0.649870664017,0.64981905229
      ,0.649766266884,0.649712698384,0.649590331992,0.649522985974
      ,0.649448032321,0.649381522187,0.649317491682,0.649247351475
      ,0.649174289076,0.64910860675,0.649055373782,0.649009218841
      ,0.648961579894,0.648912335985,0.648869520784,0.648811635367
      ,0.648797101865,0.648781009292,0.648766699425,0.648752672025
      ,0.648736408751,0.648717816496,0.648698131259,0.648676479537
      ,0.648648564102,0.648610114734,0.648561833189,0.648502554686
      ,0.648319106294,0.648264827104,0.648220416857,0.648185875555
      ,0.648161203196,0.64814639978,0.648141465308,0.64814639978
      ,0.648161203196,0.648185875555,0.648220416857,0.648264827104
      ,0.648319106294,0.648383254427)
    ,(1.,1.,1.,1.,1.,1.,1.,1.,1.,1.,1.,1.,1.,1.,1.,1.,1.,1.,1.,1.,1.,1.
      ,1.,1.,1.,1.,1.,1.,1.,1.,1.,1.,1.,1.,1.,1.,1.,1.,1.,1.,1.,1.,1.,1.
      ,1.,1.,1.,1.,1.,1.,1.,1.,1.,1.,1.,1.,1.,1.,1.,1.,1.,1.,1.,1.,1.,1.
      ,1.,1.,1.,1.,1.,1.,1.,1.,1.,1.,1.,1.,1.,1.,1.,1.,1.,1.,1.,1.,1.,1.
      ,1.,1.,1.,1.,1.,1.,1.,1.,1.,1.,1.,1.,1.,1.,1.,1.,1.,1.,1.,1.,1.,1.
      ,1.,1.,1.,1.,1.,1.,1.,1.,1.,1.,1.,1.,1.,1.,1.,1.,1.,1.,1.,1.,1.,1.
      ,1.,1.,1.,1.,1.,1.,1.,1.,1.,1.,1.,1.,1.,1.,1.,1.,1.,1.,1.,1.,1.,1.
,1.,1.,1.,1.))) REPRESENTATION_ITEM('') SURFACE() );
#3482 = CARTESIAN_POINT('',(20.49239144079,31.169565763162,
    20.401936113384));
#3483 = CARTESIAN_POINT('',(20.378421890678,30.713687562713,
    20.404789318999));
#3484 = CARTESIAN_POINT('',(20.263997220999,30.255988883991,
    20.410503977674));
#3485 = CARTESIAN_POINT('',(20.149210596856,29.796842387432,
    20.420490977138));
#3486 = CARTESIAN_POINT('',(20.033815549429,29.335262197705,
    20.436276053814));
#3487 = CARTESIAN_POINT('',(19.918022220036,28.872088880154,
    20.459278410724));
#3488 = CARTESIAN_POINT('',(19.801876383318,28.407505533264,
    20.490972884829));
#3489 = CARTESIAN_POINT('',(19.685377453333,27.941509813332,
    20.532756516419));
#3490 = CARTESIAN_POINT('',(19.568684516798,27.474738067195,
    20.585871522003));
#3491 = CARTESIAN_POINT('',(19.451978709759,27.007914839036,
    20.651511696256));
#3492 = CARTESIAN_POINT('',(19.335310539659,26.541242158632,
    20.730889899157));
#3493 = CARTESIAN_POINT('',(19.218796762496,26.075187049993,
    20.825106400268));
#3494 = CARTESIAN_POINT('',(19.102797964612,25.611191858439,
    20.935071318812));
#3495 = CARTESIAN_POINT('',(18.987380012431,25.14952004973,
    21.061843244217));
#3496 = CARTESIAN_POINT('',(18.851395160115,24.605580640453,
    21.233336701041));
#3497 = CARTESIAN_POINT('',(18.829985701801,24.51994280725,
    21.260994459013));
#3498 = CARTESIAN_POINT('',(18.808608277461,24.434433109699,
    21.2892775794));
#3499 = CARTESIAN_POINT('',(18.787264502499,24.349058010285,
    21.318191934009));
#3500 = CARTESIAN_POINT('',(18.765956021612,24.263824086008,
    21.347743333039));
#3501 = CARTESIAN_POINT('',(18.74468450612,24.178738025009,
    21.377937522088));
#3502 = CARTESIAN_POINT('',(18.723451658065,24.093806631751,
    21.408780186755));
#3503 = CARTESIAN_POINT('',(18.702259205015,24.009036820453,
    21.440276946806));
#3504 = CARTESIAN_POINT('',(18.681108905571,23.924435622045,
    21.472433362349));
#3505 = CARTESIAN_POINT('',(18.660002544471,23.84001017799,
    21.505254928357));
#3506 = CARTESIAN_POINT('',(18.638941936224,23.755767744866,
    21.53874707872));
#3507 = CARTESIAN_POINT('',(18.617928922893,23.67171569157,
    21.572915183784));
#3508 = CARTESIAN_POINT('',(18.596965375166,23.58786150067,
    21.607764551531));
#3509 = CARTESIAN_POINT('',(18.54377124443,23.375084977694,
    21.698156836207));
#3510 = CARTESIAN_POINT('',(18.51159407574,23.246376303098,
    21.754692820731));
#3511 = CARTESIAN_POINT('',(18.47973344238,23.118933769114,
    21.812421875323));
#3512 = CARTESIAN_POINT('',(18.44703118335,22.988124734236,
    21.874232421367));
#3513 = CARTESIAN_POINT('',(18.41779167733,22.871166707991,
    21.929591767995));
#3514 = CARTESIAN_POINT('',(18.380569069448,22.722276279476,
    22.00654231387));
#3515 = CARTESIAN_POINT('',(18.358339297848,22.633357189658,
    22.049128777128));
#3516 = CARTESIAN_POINT('',(18.316058763557,22.464235055684,
    22.142698910309));
#3517 = CARTESIAN_POINT('',(18.294783785123,22.3791351395,
    22.187207608722));
#3518 = CARTESIAN_POINT('',(18.257785218371,22.23114087402,
    22.27221223629));
#3519 = CARTESIAN_POINT('',(18.229226136382,22.116904545311,
    22.338903419623));
#3520 = CARTESIAN_POINT('',(18.198265393188,21.993061572804,
    22.414093019483));
#3521 = CARTESIAN_POINT('',(18.168248690575,21.872994762306,
    22.489149573033));
#3522 = CARTESIAN_POINT('',(18.130687469597,21.722749878372,
    22.585968732057));
#3523 = CARTESIAN_POINT('',(18.123039065301,21.692156261345,
    22.6058350247));
#3524 = CARTESIAN_POINT('',(18.115391113021,21.661564451624,
    22.625853600203));
#3525 = CARTESIAN_POINT('',(18.10773898907,21.630955957284,
    22.646035636969));
#3526 = CARTESIAN_POINT('',(18.100081796853,21.600327185735,
    22.66638239466));
#3527 = CARTESIAN_POINT('',(18.092420066,21.569680266235,22.686892814424
    ));
#3528 = CARTESIAN_POINT('',(18.084754258771,21.539017032661,
    22.707568468604));
#3529 = CARTESIAN_POINT('',(18.077084022902,21.508336093763,
    22.728415783161));
#3530 = CARTESIAN_POINT('',(18.069408272531,21.477633088556,
    22.74944563579));
#3531 = CARTESIAN_POINT('',(18.061726003451,21.446904014721,
    22.770670211516));
#3532 = CARTESIAN_POINT('',(18.054037935287,21.416151740731,
    22.792097232477));
#3533 = CARTESIAN_POINT('',(18.04634890187,21.385395607614,
    22.813721462723));
#3534 = CARTESIAN_POINT('',(18.038671047244,21.354684188956,
    22.835513560335));
#3535 = CARTESIAN_POINT('',(18.028139255082,21.312557020328,
    22.865679903027));
#3536 = CARTESIAN_POINT('',(18.025252979504,21.301011918053,
    22.873976390078));
#3537 = CARTESIAN_POINT('',(18.022376450951,21.289505803655,
    22.882273318778));
#3538 = CARTESIAN_POINT('',(18.019514746866,21.278058987829,
    22.89055546161));
#3539 = CARTESIAN_POINT('',(18.016670916936,21.266683667072,
    22.898813619536));
#3540 = CARTESIAN_POINT('',(18.013846359151,21.255385437568,
    22.907043497486));
#3541 = CARTESIAN_POINT('',(18.011041205017,21.244164818966,
    22.915244591619));
#3542 = CARTESIAN_POINT('',(18.008254690387,21.233018762569,
    22.923419058081));
#3543 = CARTESIAN_POINT('',(18.005485545202,21.221942180039,
    22.931570606095));
#3544 = CARTESIAN_POINT('',(18.002732362209,21.210929449297,
    22.939703363996));
#3545 = CARTESIAN_POINT('',(17.999993985543,21.199975941956,
    22.947820770837));
#3546 = CARTESIAN_POINT('',(17.997269883347,21.189079533462,
    22.955924447432));
#3547 = CARTESIAN_POINT('',(17.994560531252,21.178242124997,
    22.964013081411));
#3548 = CARTESIAN_POINT('',(17.988598519589,21.154394078367,
    22.981876971191));
#3549 = CARTESIAN_POINT('',(17.985355038647,21.141420154546,
    22.991638412488));
#3550 = CARTESIAN_POINT('',(17.982133225132,21.128532900634,
    23.001375695749));
#3551 = CARTESIAN_POINT('',(17.978932105944,21.115728423556,
    23.011089068865));
#3552 = CARTESIAN_POINT('',(17.975752500343,21.103010001719,
    23.0207732093));
#3553 = CARTESIAN_POINT('',(17.972595868687,21.090383474313,
    23.03042084256));
#3554 = CARTESIAN_POINT('',(17.96946335857,21.077853434714,
    23.040025719856));
#3555 = CARTESIAN_POINT('',(17.966355059782,21.065420238776,
    23.049584970052));
#3556 = CARTESIAN_POINT('',(17.963269453537,21.053077814385,
    23.059100806643));
#3557 = CARTESIAN_POINT('',(17.960203071767,21.040812286939,
    23.068581610695));
#3558 = CARTESIAN_POINT('',(17.957150351795,21.028601407238,
    23.078042370256));
#3559 = CARTESIAN_POINT('',(17.95410369813,21.016414792499,
    23.087504491837));
#3560 = CARTESIAN_POINT('',(17.951053743293,21.004214973177,
    23.096994973227));
#3561 = CARTESIAN_POINT('',(17.944025853343,20.976103413364,
    23.11890021436));
#3562 = CARTESIAN_POINT('',(17.940046841103,20.960187364436,
    23.131326320959));
#3563 = CARTESIAN_POINT('',(17.936059651926,20.944238607644,
    23.143803858201));
#3564 = CARTESIAN_POINT('',(17.932066628632,20.928266514626,
    23.156317655378));
#3565 = CARTESIAN_POINT('',(17.928067757138,20.91227102844,
    23.168857919165));
#3566 = CARTESIAN_POINT('',(17.924062116213,20.896248464931,
    23.181420156588));
#3567 = CARTESIAN_POINT('',(17.920048741253,20.88019496499,
    23.194004201708));
#3568 = CARTESIAN_POINT('',(17.916027037334,20.864108149311,
    23.206612664051));
#3569 = CARTESIAN_POINT('',(17.911996881792,20.847987527207,
    23.219249120655));
#3570 = CARTESIAN_POINT('',(17.907958553713,20.831834214815,
    23.231916373065));
#3571 = CARTESIAN_POINT('',(17.903912627615,20.815650510484,
    23.244615087193));
#3572 = CARTESIAN_POINT('',(17.89985997123,20.799439884902,
    23.257343140307));
#3573 = CARTESIAN_POINT('',(17.895801983445,20.783207933787,
    23.27009599212));
#3574 = CARTESIAN_POINT('',(17.88123066096,20.724922643807,
    23.315927415135));
#3575 = CARTESIAN_POINT('',(17.870709270408,20.682837081816,
    23.349093537787));
#3576 = CARTESIAN_POINT('',(17.860156213474,20.64062485336,
    23.382453903661));
#3577 = CARTESIAN_POINT('',(17.849857094903,20.599428380736,
    23.415098803426));
#3578 = CARTESIAN_POINT('',(17.839409558951,20.557638233969,
    23.44844717111));
#3579 = CARTESIAN_POINT('',(17.828892000865,20.515568005869,
    23.482168986589));
#3580 = CARTESIAN_POINT('',(17.818520648927,20.474082593114,
    23.515489285972));
#3581 = CARTESIAN_POINT('',(17.80819453839,20.432778155864,
    23.548795103286));
#3582 = CARTESIAN_POINT('',(17.797767249396,20.3910689959,
    23.582611296883));
#3583 = CARTESIAN_POINT('',(17.78738264808,20.349530593318,
    23.616393179695));
#3584 = CARTESIAN_POINT('',(17.777141776151,20.308567104137,
    23.649766032303));
#3585 = CARTESIAN_POINT('',(17.76677776514,20.267111060719,
    23.68371664095));
#3586 = CARTESIAN_POINT('',(17.756632242793,20.226528971137,
    23.717036384916));
#3587 = CARTESIAN_POINT('',(17.742679266222,20.170717064898,
    23.763024035453));
#3588 = CARTESIAN_POINT('',(17.738904289791,20.155617159112,
    23.77548179709));
#3589 = CARTESIAN_POINT('',(17.735126046068,20.140504184407,
    23.787966246612));
#3590 = CARTESIAN_POINT('',(17.731343082183,20.125372328477,
    23.800482160719));
#3591 = CARTESIAN_POINT('',(17.727554267943,20.110217072129,
    23.813033303759));
#3592 = CARTESIAN_POINT('',(17.723758512127,20.095034048134,
    23.825623500671));
#3593 = CARTESIAN_POINT('',(17.719954596148,20.079818384878,
    23.838257241139));
#3594 = CARTESIAN_POINT('',(17.716141138881,20.064564555378,
    23.850939832207));
#3595 = CARTESIAN_POINT('',(17.712316676739,20.04926670699,
    23.863677079638));
#3596 = CARTESIAN_POINT('',(17.708479874161,20.033919496662,
    23.876474516505));
#3597 = CARTESIAN_POINT('',(17.704629852671,20.018519410661,
    23.889336164962));
#3598 = CARTESIAN_POINT('',(17.700766645946,20.003066583799,
    23.902262839603));
#3599 = CARTESIAN_POINT('',(17.696891777302,19.987567109202,
    23.915249988751));
#3600 = CARTESIAN_POINT('',(17.688167635557,19.952670542238,
    23.944537989911));
#3601 = CARTESIAN_POINT('',(17.683314073594,19.933256294317,
    23.960865828307));
#3602 = CARTESIAN_POINT('',(17.678455581152,19.91382232479,
    23.977242196748));
#3603 = CARTESIAN_POINT('',(17.673601509328,19.894406036921,
    23.99364257798));
#3604 = CARTESIAN_POINT('',(17.66875975016,19.875039001295,
    24.01003389911));
#3605 = CARTESIAN_POINT('',(17.663938298861,19.855753194564,
    24.026387360225));
#3606 = CARTESIAN_POINT('',(17.659146116859,19.8365844684,
    24.042677643453));
#3607 = CARTESIAN_POINT('',(17.654392972901,19.817571890742,
    24.058872697187));
#3608 = CARTESIAN_POINT('',(17.649689578065,19.798758312881,
    24.074927907196));
#3609 = CARTESIAN_POINT('',(17.645048799563,19.780195197898,
    24.090790124046));
#3610 = CARTESIAN_POINT('',(17.640487172562,19.7619486904,
    24.106403497883));
#3611 = CARTESIAN_POINT('',(17.636025029451,19.744100117762,
    24.121703970235));
#3612 = CARTESIAN_POINT('',(17.631684471923,19.726737887694,
    24.136605377665));
#3613 = CARTESIAN_POINT('',(17.625995348194,19.703981392782,
    24.156165462637));
#3614 = CARTESIAN_POINT('',(17.624519134201,19.698076536742,
    24.161243394397));
#3615 = CARTESIAN_POINT('',(17.623068109804,19.692272439425,
    24.166238206504));
#3616 = CARTESIAN_POINT('',(17.621619711598,19.686478845916,
    24.171225662613));
#3617 = CARTESIAN_POINT('',(17.620158481088,19.680633925177,
    24.176259128743));
#3618 = CARTESIAN_POINT('',(17.618661308491,19.674645232804,
    24.181418368211));
#3619 = CARTESIAN_POINT('',(17.617077297294,19.668309190514,
    24.186877701716));
#3620 = CARTESIAN_POINT('',(17.615321817067,19.661287267001,
    24.192928065975));
#3621 = CARTESIAN_POINT('',(17.613285221821,19.653140888264,
    24.199949349986));
#3622 = CARTESIAN_POINT('',(17.610846285259,19.643385140422,
    24.2083647994));
#3623 = CARTESIAN_POINT('',(17.607878297062,19.631513188548,
    24.218617809304));
#3624 = CARTESIAN_POINT('',(17.604242357076,19.616969428198,
    24.231193567205));
#3625 = CARTESIAN_POINT('',(17.599777328962,19.599109315873,
    24.246663285329));
#3626 = CARTESIAN_POINT('',(17.59138477995,19.565539119789,
    24.275870866644));
#3627 = CARTESIAN_POINT('',(17.588447606423,19.553790425668,
    24.286092759241));
#3628 = CARTESIAN_POINT('',(17.585507961311,19.542031845214,
    24.296323253392));
#3629 = CARTESIAN_POINT('',(17.582565844616,19.530263378425,
    24.306562349096));
#3630 = CARTESIAN_POINT('',(17.579621256337,19.518485025303,
    24.316810046355));
#3631 = CARTESIAN_POINT('',(17.576674196474,19.506696785847,
    24.327066345167));
#3632 = CARTESIAN_POINT('',(17.573724665027,19.494898660057,
    24.337331245533));
#3633 = CARTESIAN_POINT('',(17.570772661996,19.483090647934,
    24.347604747453));
#3634 = CARTESIAN_POINT('',(17.567818187381,19.471272749476,
    24.357886850926));
#3635 = CARTESIAN_POINT('',(17.564861241182,19.459444964685,
    24.368177555954));
#3636 = CARTESIAN_POINT('',(17.561901823399,19.44760729356,
    24.378476862535));
#3637 = CARTESIAN_POINT('',(17.558939934032,19.435759736101,
    24.388784770671));
#3638 = CARTESIAN_POINT('',(17.555975573082,19.423902292308,
    24.39910128036));
#3639 = CARTESIAN_POINT('',(17.553008740547,19.412034962181,
    24.409426391602));
#3640 = CARTESIAN_POINT('',(20.493959930125,31.1758397205,
    21.203120258426));
#3641 = CARTESIAN_POINT('',(20.381327147441,30.725308589765,
    21.207050636777));
#3642 = CARTESIAN_POINT('',(20.268609501629,30.27443800652,
    21.214302570722));
#3643 = CARTESIAN_POINT('',(20.155855987608,29.82342395042,
    21.226277650707));
#3644 = CARTESIAN_POINT('',(20.04311761415,29.37247045662,
    21.244409179128));
#3645 = CARTESIAN_POINT('',(19.93045183517,28.92180734065,21.27006146377
    ));
#3646 = CARTESIAN_POINT('',(19.817910529227,28.471642116946,
    21.304548609291));
#3647 = CARTESIAN_POINT('',(19.705575136025,28.022300544063,
    21.349101136422));
#3648 = CARTESIAN_POINT('',(19.593565398274,27.574261593127,
    21.40483681112));
#3649 = CARTESIAN_POINT('',(19.482012709067,27.128050836249,
    21.472773424267));
#3650 = CARTESIAN_POINT('',(19.371047785212,26.684191140858,
    21.553853978504));
#3651 = CARTESIAN_POINT('',(19.260828696902,26.243314787602,
    21.648942741456));
#3652 = CARTESIAN_POINT('',(19.151559459326,25.806237837303,
    21.758803343809));
#3653 = CARTESIAN_POINT('',(19.04343651131,25.37374604524,21.88411510529
    ));
#3654 = CARTESIAN_POINT('',(18.916607592468,24.866430369871,
    22.052100348619));
#3655 = CARTESIAN_POINT('',(18.896571790592,24.78628716237,
    22.079270729396));
#3656 = CARTESIAN_POINT('',(18.876584372637,24.706337490543,
    22.107016297387));
#3657 = CARTESIAN_POINT('',(18.856646985416,24.62658794167,
    22.135341148723));
#3658 = CARTESIAN_POINT('',(18.836761288337,24.547045153334,
    22.164249275399));
#3659 = CARTESIAN_POINT('',(18.816928954741,24.467715818982,22.193744563
    ));
#3660 = CARTESIAN_POINT('',(18.797151673302,24.388606693188,
    22.223830788172));
#3661 = CARTESIAN_POINT('',(18.777431149323,24.30972459731,
    22.254511616134));
#3662 = CARTESIAN_POINT('',(18.757769106158,24.231076424618,
    22.285790597811));
#3663 = CARTESIAN_POINT('',(18.738167286482,24.152669145935,
    22.317671167094));
#3664 = CARTESIAN_POINT('',(18.718627453693,24.074509814767,
    22.350156637692));
#3665 = CARTESIAN_POINT('',(18.699151393195,23.99660557278,
    22.38325020005));
#3666 = CARTESIAN_POINT('',(18.67974091375,23.918963655,22.41695491797)
  );
#3667 = CARTESIAN_POINT('',(18.630469996516,23.721879986064,
    22.504372248735));
#3668 = CARTESIAN_POINT('',(18.600694122518,23.60277649007,
    22.558929746309));
#3669 = CARTESIAN_POINT('',(18.571159889382,23.484639557534,
    22.615109201622));
#3670 = CARTESIAN_POINT('',(18.541459755468,23.365839021861,
    22.672098153543));
#3671 = CARTESIAN_POINT('',(18.51294710289,23.251788411579,
    22.732822062022));
#3672 = CARTESIAN_POINT('',(18.482513937369,23.130055749449,
    22.789882095875));
#3673 = CARTESIAN_POINT('',(18.455568988877,23.022275955537,
    22.857565009092));
#3674 = CARTESIAN_POINT('',(18.424947939634,22.899791758518,
    22.914694381339));
#3675 = CARTESIAN_POINT('',(18.398034942131,22.792139768532,
    22.985444459252));
#3676 = CARTESIAN_POINT('',(18.368910955977,22.675643823906,
    23.048465792991));
#3677 = CARTESIAN_POINT('',(18.341260303012,22.565041212048,
    23.118333865581));
#3678 = CARTESIAN_POINT('',(18.313479928348,22.453919713392,
    23.187960303371));
#3679 = CARTESIAN_POINT('',(18.285989425563,22.343957702252,
    23.259416107509));
#3680 = CARTESIAN_POINT('',(18.251730854674,22.206923418698,
    23.351002601275));
#3681 = CARTESIAN_POINT('',(18.244750726331,22.179002905324,
    23.369811337765));
#3682 = CARTESIAN_POINT('',(18.237784833036,22.151139332144,
    23.388708100986));
#3683 = CARTESIAN_POINT('',(18.23083272933,22.123330917318,
    23.407689314491));
#3684 = CARTESIAN_POINT('',(18.223895301628,22.095581206515,
    23.426758839141));
#3685 = CARTESIAN_POINT('',(18.216974060772,22.067896243084,
    23.445924700622));
#3686 = CARTESIAN_POINT('',(18.21007066304,22.040282652161,
    23.465196329715));
#3687 = CARTESIAN_POINT('',(18.203186622633,22.012746490534,
    23.484582414431));
#3688 = CARTESIAN_POINT('',(18.196323178788,21.98529271515,
    23.504089463609));
#3689 = CARTESIAN_POINT('',(18.189481280528,21.957925122115,
    23.523721183715));
#3690 = CARTESIAN_POINT('',(18.182661652791,21.930646611164,
    23.54347877285));
#3691 = CARTESIAN_POINT('',(18.175864907573,21.903459630294,
    23.563362240215));
#3692 = CARTESIAN_POINT('',(18.16909166466,21.876366658639,
    23.583372862517));
#3693 = CARTESIAN_POINT('',(18.159790428205,21.83916171282,
    23.611134587764));
#3694 = CARTESIAN_POINT('',(18.15724166511,21.828966660438,
    23.618771352503));
#3695 = CARTESIAN_POINT('',(18.154696397723,21.818785590893,
    23.626427209833));
#3696 = CARTESIAN_POINT('',(18.152154666683,21.808618666733,
    23.634102226273));
#3697 = CARTESIAN_POINT('',(18.149616512572,21.798466050285,
    23.641796505663));
#3698 = CARTESIAN_POINT('',(18.147081975782,21.788327903134,
    23.649510182567));
#3699 = CARTESIAN_POINT('',(18.144551096584,21.778204386326,
    23.657243415448));
#3700 = CARTESIAN_POINT('',(18.142023915156,21.768095660633,
    23.664996379335));
#3701 = CARTESIAN_POINT('',(18.139500471936,21.758001887736,
    23.672769258365));
#3702 = CARTESIAN_POINT('',(18.136980807845,21.747923231385,
    23.680562237758));
#3703 = CARTESIAN_POINT('',(18.134464964852,21.737859859405,
    23.688375495635));
#3704 = CARTESIAN_POINT('',(18.131952986466,21.727811945864,
    23.696209194341));
#3705 = CARTESIAN_POINT('',(18.129444918462,21.71777967385,
    23.704063471505));
#3706 = CARTESIAN_POINT('',(18.123899254868,21.695597019473,
    23.72150355809));
#3707 = CARTESIAN_POINT('',(18.120860904677,21.683443618709,
    23.731084247418));
#3708 = CARTESIAN_POINT('',(18.117824899367,21.671299597469,
    23.740675988531));
#3709 = CARTESIAN_POINT('',(18.114790717209,21.659162868837,
    23.750276115895));
#3710 = CARTESIAN_POINT('',(18.111758036898,21.647032147588,
    23.759883122952));
#3711 = CARTESIAN_POINT('',(18.108726632309,21.634906529243,
    23.769496092919));
#3712 = CARTESIAN_POINT('',(18.105696297015,21.622785188053,
    23.77911425383));
#3713 = CARTESIAN_POINT('',(18.102666796866,21.610667187474,
    23.788736664457));
#3714 = CARTESIAN_POINT('',(18.099637847741,21.598551390956,
    23.79836203951));
#3715 = CARTESIAN_POINT('',(18.096609117016,21.586436468071,
    23.807988720268));
#3716 = CARTESIAN_POINT('',(18.093580245753,21.574320983009,
    23.817614799222));
#3717 = CARTESIAN_POINT('',(18.090550890024,21.562203560097,
    23.827238404935));
#3718 = CARTESIAN_POINT('',(18.087520778639,21.550083114556,
    23.836858155232));
#3719 = CARTESIAN_POINT('',(18.080567691421,21.522270765685,
    23.858916374324));
#3720 = CARTESIAN_POINT('',(18.076644200757,21.50657680303,
    23.871350669052));
#3721 = CARTESIAN_POINT('',(18.072720149088,21.49088059635,
    23.883777715764));
#3722 = CARTESIAN_POINT('',(18.068792623697,21.475170494789,
    23.896183648415));
#3723 = CARTESIAN_POINT('',(18.064859462934,21.459437851734,
    23.908558548406));
#3724 = CARTESIAN_POINT('',(18.060920982737,21.443683930952,
    23.920904384406));
#3725 = CARTESIAN_POINT('',(18.056979802084,21.427919208331,
    23.933234615954));
#3726 = CARTESIAN_POINT('',(18.053039570587,21.412158282355,
    23.945568283584));
#3727 = CARTESIAN_POINT('',(18.049103332565,21.396413330254,
    23.957921634369));
#3728 = CARTESIAN_POINT('',(18.045172188654,21.380688754619,
    23.970300553352));
#3729 = CARTESIAN_POINT('',(18.041244844799,21.364979379194,
    23.98269728185));
#3730 = CARTESIAN_POINT('',(18.037318566944,21.349274267777,
    23.995095134679));
#3731 = CARTESIAN_POINT('',(18.033391991686,21.333567966744,
    24.007485158087));
#3732 = CARTESIAN_POINT('',(18.019317794051,21.277271176204,
    24.052034219315));
#3733 = CARTESIAN_POINT('',(18.009190770898,21.236763083588,
    24.084283324151));
#3734 = CARTESIAN_POINT('',(17.999043529934,21.196174119744,
    24.116451698142));
#3735 = CARTESIAN_POINT('',(17.989005603036,21.156022412129,
    24.149126423877));
#3736 = CARTESIAN_POINT('',(17.978919335525,21.115677342123,
    24.1817831303));
#3737 = CARTESIAN_POINT('',(17.968828897236,21.075315588913,
    24.214261528218));
#3738 = CARTESIAN_POINT('',(17.95878082266,21.035123290673,
    24.246975880401));
#3739 = CARTESIAN_POINT('',(17.948702630302,20.994810521181,
    24.280078847058));
#3740 = CARTESIAN_POINT('',(17.938592681749,20.954370727019,
    24.313161854633));
#3741 = CARTESIAN_POINT('',(17.928577819756,20.914311279011,
    24.345950005102));
#3742 = CARTESIAN_POINT('',(17.918634313363,20.874537253456,
    24.378849557177));
#3743 = CARTESIAN_POINT('',(17.908566321054,20.834265284212,
    24.412115348195));
#3744 = CARTESIAN_POINT('',(17.898746094922,20.794984379689,
    24.444718169696));
#3745 = CARTESIAN_POINT('',(17.885283636764,20.741134547054,
    24.48955778689));
#3746 = CARTESIAN_POINT('',(17.881644748241,20.726578992968,
    24.501695577394));
#3747 = CARTESIAN_POINT('',(17.878005654337,20.712022617339,
    24.513847868528));
#3748 = CARTESIAN_POINT('',(17.874364362525,20.697457450117,
    24.526020883162));
#3749 = CARTESIAN_POINT('',(17.870719464087,20.682877856318,
    24.538221012015));
#3750 = CARTESIAN_POINT('',(17.867069705436,20.668278821782,
    24.550455139012));
#3751 = CARTESIAN_POINT('',(17.863413712478,20.653654849872,
    24.562730701043));
#3752 = CARTESIAN_POINT('',(17.859749864401,20.638999457636,
    24.57505549296));
#3753 = CARTESIAN_POINT('',(17.856076313553,20.624305254188,
    24.587437230578));
#3754 = CARTESIAN_POINT('',(17.852391147803,20.609564591228,
    24.599882881976));
#3755 = CARTESIAN_POINT('',(17.84869269198,20.594770767912,
    24.612397780303));
#3756 = CARTESIAN_POINT('',(17.844979944834,20.57991977934,
    24.624984528876));
#3757 = CARTESIAN_POINT('',(17.841253147955,20.56501259182,
    24.63764171195));
#3758 = CARTESIAN_POINT('',(17.832852016323,20.531408065294,
    24.666226345968));
#3759 = CARTESIAN_POINT('',(17.828170375671,20.512681502679,
    24.682186019364));
#3760 = CARTESIAN_POINT('',(17.823477120952,20.493908483819,
    24.698240754248));
#3761 = CARTESIAN_POINT('',(17.818776281395,20.475105125561,
    24.714332420576));
#3762 = CARTESIAN_POINT('',(17.814080262917,20.456321051703,
    24.730432045612));
#3763 = CARTESIAN_POINT('',(17.80940309531,20.437612381194,
    24.746518104775));
#3764 = CARTESIAN_POINT('',(17.804755269553,20.419021078264,
    24.762549710453));
#3765 = CARTESIAN_POINT('',(17.800144949794,20.400579799129,
    24.778466843488));
#3766 = CARTESIAN_POINT('',(17.795582881837,20.382331527387,
    24.794208279781));
#3767 = CARTESIAN_POINT('',(17.791086275448,20.36434510177,
    24.80972328071));
#3768 = CARTESIAN_POINT('',(17.786678433105,20.346713732432,
    24.82496036036));
#3769 = CARTESIAN_POINT('',(17.782384810565,20.329539242256,
    24.839837960421));
#3770 = CARTESIAN_POINT('',(17.778232129493,20.312928517973,
    24.854227394701));
#3771 = CARTESIAN_POINT('',(17.772853451679,20.291413806714,
    24.872896232952));
#3772 = CARTESIAN_POINT('',(17.771464677744,20.285858710982,
    24.877717028638));
#3773 = CARTESIAN_POINT('',(17.770102293116,20.280409172452,
    24.882455610723));
#3774 = CARTESIAN_POINT('',(17.768750348961,20.275001395868,
    24.887153116115));
#3775 = CARTESIAN_POINT('',(17.767379753774,20.269519015055,
    24.891915461593));
#3776 = CARTESIAN_POINT('',(17.765946081087,20.263784324406,
    24.896905575575));
#3777 = CARTESIAN_POINT('',(17.764387625117,20.257550500406,
    24.902336270958));
#3778 = CARTESIAN_POINT('',(17.762626039365,20.250504157516,
    24.908472543296));
#3779 = CARTESIAN_POINT('',(17.760568287241,20.242273148925,
    24.915638917851));
#3780 = CARTESIAN_POINT('',(17.758107406608,20.232429626455,
    24.924222620789));
#3781 = CARTESIAN_POINT('',(17.75512069619,20.220482784751,
    24.934666983882));
#3782 = CARTESIAN_POINT('',(17.751467272256,20.205869089027,
    24.947461946562));
#3783 = CARTESIAN_POINT('',(17.746992257525,20.187969030098,
    24.963160727851));
#3784 = CARTESIAN_POINT('',(17.738625151142,20.154500604569,
    24.99288030219));
#3785 = CARTESIAN_POINT('',(17.735698400408,20.142793601634,
    25.003275985241));
#3786 = CARTESIAN_POINT('',(17.732771376032,20.131085504127,
    25.013672640259));
#3787 = CARTESIAN_POINT('',(17.729844211652,20.119376846608,
    25.024069792561));
#3788 = CARTESIAN_POINT('',(17.726917040954,20.107668163817,
    25.034466967305));
#3789 = CARTESIAN_POINT('',(17.723989997648,20.095959990595,
    25.044863689557));
#3790 = CARTESIAN_POINT('',(17.72106321545,20.084252861802,
    25.055259484368));
#3791 = CARTESIAN_POINT('',(17.718136828058,20.072547312234,
    25.065653876846));
#3792 = CARTESIAN_POINT('',(17.715210969135,20.060843876543,
    25.076046392225));
#3793 = CARTESIAN_POINT('',(17.712285772288,20.049143089156,
    25.086436555942));
#3794 = CARTESIAN_POINT('',(17.709361371047,20.037445484193,
    25.096823893703));
#3795 = CARTESIAN_POINT('',(17.706437898845,20.025751595384,
    25.107207931561));
#3796 = CARTESIAN_POINT('',(17.703515488997,20.014061955992,
    25.117588195987));
#3797 = CARTESIAN_POINT('',(17.700594274681,20.002377098728,
    25.127964213939));
#3798 = CARTESIAN_POINT('',(19.716670336807,31.37015204197,
    21.20190913866));
#3799 = CARTESIAN_POINT('',(19.60302580003,30.920190953828,
    21.204713679122));
#3800 = CARTESIAN_POINT('',(19.488854546737,30.470232447057,
    21.210315608716));
#3801 = CARTESIAN_POINT('',(19.374175908192,30.020390274273,
    21.220094269523));
#3802 = CARTESIAN_POINT('',(19.259019450822,29.57075552907,
    21.235471127527));
#3803 = CARTESIAN_POINT('',(19.143424737609,29.121413995052,
    21.257811261019));
#3804 = CARTESIAN_POINT('',(19.027436230763,28.672430967616,
    21.288445178424));
#3805 = CARTESIAN_POINT('',(18.911129087704,28.223992435081,
    21.328631457691));
#3806 = CARTESIAN_POINT('',(18.794615824989,27.77644026302,
    21.379528924741));
#3807 = CARTESIAN_POINT('',(18.678025113223,27.330168489941,
    21.442215935696));
#3808 = CARTESIAN_POINT('',(18.561488320884,26.88557353875,
    21.517716575525));
#3809 = CARTESIAN_POINT('',(18.445159272261,26.4431699733,
    21.606988725276));
#3810 = CARTESIAN_POINT('',(18.329236809407,26.003673679685,
    21.710903071282));
#3811 = CARTESIAN_POINT('',(18.213933368732,25.56777570198,
    21.830288047187));
#3812 = CARTESIAN_POINT('',(18.078054244783,25.055566583541,
    21.991298346937));
#3813 = CARTESIAN_POINT('',(18.056660955692,24.974965208376,
    22.017252795191));
#3814 = CARTESIAN_POINT('',(18.035299133339,24.894525066832,
    22.043781158768));
#3815 = CARTESIAN_POINT('',(18.013970340873,24.814251968702,
    22.070888352241));
#3816 = CARTESIAN_POINT('',(17.992676185352,24.734151823716,
    22.09857922441));
#3817 = CARTESIAN_POINT('',(17.971418315147,24.654230638064,
    22.126858555191));
#3818 = CARTESIAN_POINT('',(17.950198423932,24.574494519728,
    22.155731060398));
#3819 = CARTESIAN_POINT('',(17.929018245621,24.494949671733,
    22.185201385678));
#3820 = CARTESIAN_POINT('',(17.907879559739,24.415602399287,
    22.215274112934));
#3821 = CARTESIAN_POINT('',(17.886784186641,24.336459103448,
    22.245953754627));
#3822 = CARTESIAN_POINT('',(17.865733991067,24.257526285809,
    22.277244757991));
#3823 = CARTESIAN_POINT('',(17.844730879968,24.178810545652,
    22.309151502474));
#3824 = CARTESIAN_POINT('',(17.82377680356,24.100318581315,
    22.341678300963));
#3825 = CARTESIAN_POINT('',(17.770605908365,23.901245789151,
    22.426004449397));
#3826 = CARTESIAN_POINT('',(17.738477642455,23.780969380409,
    22.478672311764));
#3827 = CARTESIAN_POINT('',(17.70630308168,23.661420128351,
    22.532784103379));
#3828 = CARTESIAN_POINT('',(17.675091769606,23.541717629021,
    22.588720227053));
#3829 = CARTESIAN_POINT('',(17.641466507158,23.425106846912,
    22.645142865777));
#3830 = CARTESIAN_POINT('',(17.61364252405,23.303399785815,
    22.705682024527));
#3831 = CARTESIAN_POINT('',(17.576549769832,23.192396190563,
    22.763087557079));
#3832 = CARTESIAN_POINT('',(17.551687886581,23.069000175032,
    22.8286188654));
#3833 = CARTESIAN_POINT('',(17.515234840515,22.959412625039,
    22.888766993275));
#3834 = CARTESIAN_POINT('',(17.487825953473,22.840816300552,
    22.955977940773));
#3835 = CARTESIAN_POINT('',(17.455445160167,22.728082995072,
    23.021714258507));
#3836 = CARTESIAN_POINT('',(17.425253409987,22.614683024801,
    23.090358864176));
#3837 = CARTESIAN_POINT('',(17.394991205083,22.502547770121,
    23.160275137814));
#3838 = CARTESIAN_POINT('',(17.357358438851,22.362716697371,
    23.250150767071));
#3839 = CARTESIAN_POINT('',(17.349693998002,22.334257161053,
    23.268584335051));
#3840 = CARTESIAN_POINT('',(17.342053054879,22.305846474291,
    23.287127053299));
#3841 = CARTESIAN_POINT('',(17.334436635747,22.277481318421,
    23.305779113254));
#3842 = CARTESIAN_POINT('',(17.326838760517,22.24916180671,
    23.324538754472));
#3843 = CARTESIAN_POINT('',(17.3192505067,22.220889796335,
    23.343404327082));
#3844 = CARTESIAN_POINT('',(17.311663136714,22.192667727903,
    23.362375692285));
#3845 = CARTESIAN_POINT('',(17.304070229144,22.164497915216,
    23.381454882368));
#3846 = CARTESIAN_POINT('',(17.296468893661,22.13638238903,
    23.400646125576));
#3847 = CARTESIAN_POINT('',(17.288859978074,22.108323175656,
    23.419955114929));
#3848 = CARTESIAN_POINT('',(17.281247357905,22.080323128083,
    23.439387640336));
#3849 = CARTESIAN_POINT('',(17.273636231649,22.052387209583,
    23.458947482601));
#3850 = CARTESIAN_POINT('',(17.266030477769,22.02452430277,
    23.478633643248));
#3851 = CARTESIAN_POINT('',(17.25555630531,21.986252854323,
    23.505920890866));
#3852 = CARTESIAN_POINT('',(17.252684035701,21.975767304532,
    23.513423029166));
#3853 = CARTESIAN_POINT('',(17.249813579438,21.965297331105,
    23.520940330214));
#3854 = CARTESIAN_POINT('',(17.246945871069,21.954846033632,
    23.528470823496));
#3855 = CARTESIAN_POINT('',(17.244081496168,21.944415348977,
    23.536013364872));
#3856 = CARTESIAN_POINT('',(17.241220753057,21.934006264988,
    23.543567478049));
#3857 = CARTESIAN_POINT('',(17.238363723001,21.923619045054,
    23.551133208355));
#3858 = CARTESIAN_POINT('',(17.235510327063,21.91325343558,
    23.558710957211));
#3859 = CARTESIAN_POINT('',(17.232660400522,21.902908895948,
    23.566301341958));
#3860 = CARTESIAN_POINT('',(17.229813747738,21.892584803468,
    23.573905027506));
#3861 = CARTESIAN_POINT('',(17.226970215524,21.882280681964,
    23.581522584613));
#3862 = CARTESIAN_POINT('',(17.224129751615,21.871996411364,
    23.58915432675));
#3863 = CARTESIAN_POINT('',(17.221292473303,21.861732450221,
    23.596800161553));
#3864 = CARTESIAN_POINT('',(17.215018269654,21.839054706144,
    23.61375859221));
#3865 = CARTESIAN_POINT('',(17.211598952072,21.82664961612,
    23.623078920479));
#3866 = CARTESIAN_POINT('',(17.20820309155,21.814271029927,
    23.632420849803));
#3867 = CARTESIAN_POINT('',(17.204831532394,21.801917321471,
    23.641783176966));
#3868 = CARTESIAN_POINT('',(17.201484191507,21.789588085032,
    23.651163758489));
#3869 = CARTESIAN_POINT('',(17.198160488512,21.777283372722,
    23.66056010285));
#3870 = CARTESIAN_POINT('',(17.194859655854,21.765003065691,
    23.669969851045));
#3871 = CARTESIAN_POINT('',(17.191580940723,21.752746391102,
    23.679391160336));
#3872 = CARTESIAN_POINT('',(17.188323683596,21.740511569794,
    23.688822972305));
#3873 = CARTESIAN_POINT('',(17.185087290048,21.728295610709,
    23.698265185657));
#3874 = CARTESIAN_POINT('',(17.181871080205,21.716094237469,
    23.707718714839));
#3875 = CARTESIAN_POINT('',(17.178674028437,21.703901958461,
    23.717185449524));
#3876 = CARTESIAN_POINT('',(17.175494384567,21.691712272876,
    23.726668104681));
#3877 = CARTESIAN_POINT('',(17.168234202059,21.663741703898,
    23.748462997705));
#3878 = CARTESIAN_POINT('',(17.164163452937,21.647961955284,
    23.760782286377));
#3879 = CARTESIAN_POINT('',(17.160117159826,21.6321840717,
    23.773125813426));
#3880 = CARTESIAN_POINT('',(17.156104968794,21.61640493995,
    23.785488176058));
#3881 = CARTESIAN_POINT('',(17.152130447651,21.600620069763,
    23.797863032683));
#3882 = CARTESIAN_POINT('',(17.148185848089,21.584827154323,
    23.810244776308));
#3883 = CARTESIAN_POINT('',(17.144254180687,21.569027007652,
    23.822629527701));
#3884 = CARTESIAN_POINT('',(17.140315650124,21.553222727138,
    23.835015534134));
#3885 = CARTESIAN_POINT('',(17.136355501551,21.53741793284,
    23.847403062442));
#3886 = CARTESIAN_POINT('',(17.132370327857,21.521614934999,
    23.859793875946));
#3887 = CARTESIAN_POINT('',(17.128369885789,21.505813677661,
    23.872190379715));
#3888 = CARTESIAN_POINT('',(17.124371472978,21.490012312562,
    23.884594526691));
#3889 = CARTESIAN_POINT('',(17.120383912954,21.474210250379,
    23.897006568442));
#3890 = CARTESIAN_POINT('',(17.106010155881,21.417530289992,
    23.941563286284));
#3891 = CARTESIAN_POINT('',(17.095566526266,21.376687793031,
    23.973739108043));
#3892 = CARTESIAN_POINT('',(17.085277093901,21.335833160456,
    24.006010255061));
#3893 = CARTESIAN_POINT('',(17.074542224607,21.295274592818,
    24.038141206455));
#3894 = CARTESIAN_POINT('',(17.064044958994,21.254570078516,
    24.070616144627));
#3895 = CARTESIAN_POINT('',(17.053782516186,21.213893148632,
    24.103211646242));
#3896 = CARTESIAN_POINT('',(17.043347014481,21.173372870496,
    24.135743731498));
#3897 = CARTESIAN_POINT('',(17.032775112611,21.132741368223,
    24.168497260269));
#3898 = CARTESIAN_POINT('',(17.022387700213,21.092002967444,
    24.201523404255));
#3899 = CARTESIAN_POINT('',(17.012148783391,21.051631346225,
    24.234350287563));
#3900 = CARTESIAN_POINT('',(17.001778546807,21.011542124137,
    24.266996149788));
#3901 = CARTESIAN_POINT('',(16.99144390809,20.970981312315,
    24.300210372679));
#3902 = CARTESIAN_POINT('',(16.981301695879,20.931387865344,
    24.332709788859));
#3903 = CARTESIAN_POINT('',(16.967399303721,20.877082024268,
    24.377443222986));
#3904 = CARTESIAN_POINT('',(16.963639507444,20.862402065871,
    24.389550769752));
#3905 = CARTESIAN_POINT('',(16.959880013779,20.847719633112,
    24.401675631926));
#3906 = CARTESIAN_POINT('',(16.956119137343,20.833027177408,
    24.413823991797));
#3907 = CARTESIAN_POINT('',(16.952354210237,20.81831866638,
    24.426000844862));
#3908 = CARTESIAN_POINT('',(16.948582095899,20.803588376158,
    24.438211124396));
#3909 = CARTESIAN_POINT('',(16.944799619482,20.788830147045,
    24.450460377656));
#3910 = CARTESIAN_POINT('',(16.941003928099,20.774037121721,
    24.462755010532));
#3911 = CARTESIAN_POINT('',(16.937192765493,20.759201943456,
    24.475102081675));
#3912 = CARTESIAN_POINT('',(16.933364675889,20.744317436341,
    24.487508663557));
#3913 = CARTESIAN_POINT('',(16.929519125461,20.729377749709,
    24.499980757603));
#3914 = CARTESIAN_POINT('',(16.92565654872,20.714379978603,
    24.512521770645));
#3915 = CARTESIAN_POINT('',(16.921778316264,20.699326253971,
    24.525130549985));
#3916 = CARTESIAN_POINT('',(16.91303423442,20.665398796319,
    24.553594721193));
#3917 = CARTESIAN_POINT('',(16.908165035771,20.646499205352,
    24.569484185623));
#3918 = CARTESIAN_POINT('',(16.903266829342,20.627548688355,
    24.585447975217));
#3919 = CARTESIAN_POINT('',(16.898383068724,20.608583543412,
    24.601462658928));
#3920 = CARTESIAN_POINT('',(16.893511184755,20.589644607106,
    24.617487438118));
#3921 = CARTESIAN_POINT('',(16.888643650645,20.570775342605,
    24.633483773812));
#3922 = CARTESIAN_POINT('',(16.8837982527,20.552019573037,
    24.649419503638));
#3923 = CARTESIAN_POINT('',(16.879008025212,20.533421185417,
    24.66525841217));
#3924 = CARTESIAN_POINT('',(16.874295965212,20.515028796757,
    24.680950926468));
#3925 = CARTESIAN_POINT('',(16.869665948414,20.496903952468,
    24.696435188461));
#3926 = CARTESIAN_POINT('',(16.865119706934,20.479126905632,
    24.711643063871));
#3927 = CARTESIAN_POINT('',(16.860681354224,20.461795106667,
    24.726496380746));
#3928 = CARTESIAN_POINT('',(16.856396242933,20.445021208261,
    24.740887710477));
#3929 = CARTESIAN_POINT('',(16.850829661737,20.423250416276,
    24.759590364224));
#3930 = CARTESIAN_POINT('',(16.849392306269,20.417625412813,
    24.76442458356));
#3931 = CARTESIAN_POINT('',(16.847977287509,20.412103076343,
    24.769174005839));
#3932 = CARTESIAN_POINT('',(16.846575854269,20.406619841188,
    24.773890601635));
#3933 = CARTESIAN_POINT('',(16.845157393332,20.401066083692,
    24.778669485654));
#3934 = CARTESIAN_POINT('',(16.843674693606,20.395274485114,
    24.783656202056));
#3935 = CARTESIAN_POINT('',(16.84206758573,20.389005177063,
    24.789057115642));
#3936 = CARTESIAN_POINT('',(16.840259834668,20.381942658323,
    24.795143114392));
#3937 = CARTESIAN_POINT('',(16.838153706102,20.373703479855,
    24.802245764783));
#3938 = CARTESIAN_POINT('',(16.835629547979,20.36384577229,
    24.810750514752));
#3939 = CARTESIAN_POINT('',(16.832553708275,20.35187144805,
    24.821093074956));
#3940 = CARTESIAN_POINT('',(16.828787499942,20.337219779847,
    24.833763207533));
#3941 = CARTESIAN_POINT('',(16.82417238511,20.319266620168,
    24.849314348915));
#3942 = CARTESIAN_POINT('',(16.81536132096,20.285591714723,
    24.87861348764));
#3943 = CARTESIAN_POINT('',(16.812279939455,20.273815017947,
    24.888859903122));
#3944 = CARTESIAN_POINT('',(16.809198224535,20.262037046893,
    24.899107427298));
#3945 = CARTESIAN_POINT('',(16.806116176199,20.250257801562,
    24.90935606017));
#3946 = CARTESIAN_POINT('',(16.803033794447,20.238477281953,
    24.919605801735));
#3947 = CARTESIAN_POINT('',(16.799951079278,20.226695488067,
    24.929856651996));
#3948 = CARTESIAN_POINT('',(16.796868030693,20.214912419903,
    24.94010861095));
#3949 = CARTESIAN_POINT('',(16.793784648693,20.203128077461,
    24.9503616786));
#3950 = CARTESIAN_POINT('',(16.790700933276,20.191342460742,
    24.960615854943));
#3951 = CARTESIAN_POINT('',(16.787616884443,20.179555569745,
    24.970871139982));
#3952 = CARTESIAN_POINT('',(16.784532502194,20.167767404471,
    24.981127533714));
#3953 = CARTESIAN_POINT('',(16.781447786529,20.155977964919,
    24.991385036142));
#3954 = CARTESIAN_POINT('',(16.778362737448,20.14418725109,
    25.001643647263));
#3955 = CARTESIAN_POINT('',(16.775277354951,20.132395262983,
    25.01190336708));
#3956 = DEFINITIONAL_REPRESENTATION('',(#3957),#3961);
#3957 = LINE('',#3958,#3959);
#3958 = CARTESIAN_POINT('',(12.235235995809,0.));
#3959 = VECTOR('',#3960,1.);
#3960 = DIRECTION('',(0.,1.));
#3961 = ( GEOMETRIC_REPRESENTATION_CONTEXT(2) 
PARAMETRIC_REPRESENTATION_CONTEXT() REPRESENTATION_CONTEXT('2D SPACE',''
  ) );
#3962 = ORIENTED_EDGE('',*,*,#3963,.F.);
#3963 = EDGE_CURVE('',#3964,#3169,#3966,.T.);
#3964 = VERTEX_POINT('',#3965);
#3965 = CARTESIAN_POINT('',(-16.97112298548,20.891626469489,
    24.365462474026));
#3966 = SURFACE_CURVE('',#3967,(#3973,#3979),.PCURVE_S1.);
#3967 = B_SPLINE_CURVE_WITH_KNOTS('',2,(#3968,#3969,#3970,#3971,#3972),
  .UNSPECIFIED.,.F.,.F.,(3,1,1,3),(-1.453912301181,-0.148564640541,
    35.697248208569,37.002595869208),.UNSPECIFIED.);
#3968 = CARTESIAN_POINT('',(-19.22825408548,20.891625708449,
    24.365463132293));
#3969 = CARTESIAN_POINT('',(-18.57558025516,20.891625708449,
    24.365463132293));
#3970 = CARTESIAN_POINT('',(-2.917666108715E-10,20.891625708449,
    24.365463132293));
#3971 = CARTESIAN_POINT('',(18.575580254583,20.891625708449,
    24.365463132293));
#3972 = CARTESIAN_POINT('',(19.228254084903,20.891625708449,
    24.365463132293));
#3973 = PCURVE('',#1335,#3974);
#3974 = DEFINITIONAL_REPRESENTATION('',(#3975),#3978);
#3975 = B_SPLINE_CURVE_WITH_KNOTS('',1,(#3976,#3977),.UNSPECIFIED.,.F.,
  .F.,(2,2),(-0.148564640541,35.697248208569),.PIECEWISE_BEZIER_KNOTS.);
#3976 = CARTESIAN_POINT('',(11.958162322923,-2.277093575153));
#3977 = CARTESIAN_POINT('',(11.958162322923,-38.12290642426));
#3978 = ( GEOMETRIC_REPRESENTATION_CONTEXT(2) 
PARAMETRIC_REPRESENTATION_CONTEXT() REPRESENTATION_CONTEXT('2D SPACE',''
  ) );
#3979 = PCURVE('',#3980,#3996);
#3980 = ( BOUNDED_SURFACE() B_SPLINE_SURFACE(2,2,(
    (#3981,#3982,#3983,#3984,#3985)
    ,(#3986,#3987,#3988,#3989,#3990)
    ,(#3991,#3992,#3993,#3994,#3995
)),.UNSPECIFIED.,.F.,.F.,.F.) B_SPLINE_SURFACE_WITH_KNOTS((3,3),(3,1,1,3
    ),(0.,35.84581284911),(-1.453912301181,-0.148564640541,
    35.697248208569,37.002595869208),.UNSPECIFIED.) 
GEOMETRIC_REPRESENTATION_ITEM() RATIONAL_B_SPLINE_SURFACE((
    (1.,1.,1.,1.,1.)
    ,(0.716578927999,0.716578927999,0.716578927999,0.716578927999
      ,0.716578927999)
,(1.,1.,1.,1.,1.))) REPRESENTATION_ITEM('') SURFACE() );
#3981 = CARTESIAN_POINT('',(-19.22825408548,20.891625708449,
    24.365463132293));
#3982 = CARTESIAN_POINT('',(-18.57558025516,20.891625708449,
    24.365463132293));
#3983 = CARTESIAN_POINT('',(-2.917666108715E-10,20.891625708449,
    24.365463132293));
#3984 = CARTESIAN_POINT('',(18.575580254583,20.891625708449,
    24.365463132293));
#3985 = CARTESIAN_POINT('',(19.228254084903,20.891625708449,
    24.365463132293));
#3986 = CARTESIAN_POINT('',(-19.22825408548,20.290580865266,
    24.860568392988));
#3987 = CARTESIAN_POINT('',(-18.57558025516,20.290580865266,
    24.860568392988));
#3988 = CARTESIAN_POINT('',(-2.917663904345E-10,20.290580865266,
    24.860568392988));
#3989 = CARTESIAN_POINT('',(18.575580254583,20.290580865266,
    24.860568392988));
#3990 = CARTESIAN_POINT('',(19.228254084903,20.290580865266,
    24.860568392988));
#3991 = CARTESIAN_POINT('',(-19.22825408548,19.779445099766,
    24.273095540925));
#3992 = CARTESIAN_POINT('',(-18.57558025516,19.779445099766,
    24.273095540925));
#3993 = CARTESIAN_POINT('',(-2.917666108715E-10,19.779445099766,
    24.273095540925));
#3994 = CARTESIAN_POINT('',(18.575580254583,19.779445099766,
    24.273095540925));
#3995 = CARTESIAN_POINT('',(19.228254084903,19.779445099766,
    24.273095540925));
#3996 = DEFINITIONAL_REPRESENTATION('',(#3997),#4001);
#3997 = LINE('',#3998,#3999);
#3998 = CARTESIAN_POINT('',(0.,0.));
#3999 = VECTOR('',#4000,1.);
#4000 = DIRECTION('',(0.,1.));
#4001 = ( GEOMETRIC_REPRESENTATION_CONTEXT(2) 
PARAMETRIC_REPRESENTATION_CONTEXT() REPRESENTATION_CONTEXT('2D SPACE',''
  ) );
#4002 = ORIENTED_EDGE('',*,*,#4003,.T.);
#4003 = EDGE_CURVE('',#3964,#4004,#4006,.T.);
#4004 = VERTEX_POINT('',#4005);
#4005 = CARTESIAN_POINT('',(-19.4,30.123796597541,21.22356131906));
#4006 = SURFACE_CURVE('',#4007,(#4192,#4388),.PCURVE_S1.);
#4007 = B_SPLINE_CURVE_WITH_KNOTS('',14,(#4008,#4009,#4010,#4011,#4012,
    #4013,#4014,#4015,#4016,#4017,#4018,#4019,#4020,#4021,#4022,#4023,
    #4024,#4025,#4026,#4027,#4028,#4029,#4030,#4031,#4032,#4033,#4034,
    #4035,#4036,#4037,#4038,#4039,#4040,#4041,#4042,#4043,#4044,#4045,
    #4046,#4047,#4048,#4049,#4050,#4051,#4052,#4053,#4054,#4055,#4056,
    #4057,#4058,#4059,#4060,#4061,#4062,#4063,#4064,#4065,#4066,#4067,
    #4068,#4069,#4070,#4071,#4072,#4073,#4074,#4075,#4076,#4077,#4078,
    #4079,#4080,#4081,#4082,#4083,#4084,#4085,#4086,#4087,#4088,#4089,
    #4090,#4091,#4092,#4093,#4094,#4095,#4096,#4097,#4098,#4099,#4100,
    #4101,#4102,#4103,#4104,#4105,#4106,#4107,#4108,#4109,#4110,#4111,
    #4112,#4113,#4114,#4115,#4116,#4117,#4118,#4119,#4120,#4121,#4122,
    #4123,#4124,#4125,#4126,#4127,#4128,#4129,#4130,#4131,#4132,#4133,
    #4134,#4135,#4136,#4137,#4138,#4139,#4140,#4141,#4142,#4143,#4144,
    #4145,#4146,#4147,#4148,#4149,#4150,#4151,#4152,#4153,#4154,#4155,
    #4156,#4157,#4158,#4159,#4160,#4161,#4162,#4163,#4164,#4165,#4166,
    #4167,#4168,#4169,#4170,#4171,#4172,#4173,#4174,#4175,#4176,#4177,
    #4178,#4179,#4180,#4181,#4182,#4183,#4184,#4185,#4186,#4187,#4188,
    #4189,#4190,#4191),.UNSPECIFIED.,.F.,.F.,(15,13,13,13,13,13,13,13,13
    ,13,13,13,13,13,15),(-0.184190631153,-0.120787341778,0.,
    0.260528547851,0.69128060459,1.352824139101,1.521463336334,
    1.884870738381,2.053624737714,2.521497392285,3.445943959977,
    4.254835876882,5.483558152022,9.061632329473,12.113521670061),
  .UNSPECIFIED.);
#4008 = CARTESIAN_POINT('',(-16.77562962192,20.133742315066,
    25.010731352931));
#4009 = CARTESIAN_POINT('',(-16.77868965069,20.14543734604,
    25.000555991489));
#4010 = CARTESIAN_POINT('',(-16.78174937579,20.157131216448,
    24.990381639807));
#4011 = CARTESIAN_POINT('',(-16.78480879723,20.168823926291,
    24.980208297885));
#4012 = CARTESIAN_POINT('',(-16.787867915,20.180515475568,
    24.970035965722));
#4013 = CARTESIAN_POINT('',(-16.79092672911,20.192205864279,
    24.959864643318));
#4014 = CARTESIAN_POINT('',(-16.79398523955,20.203895092425,
    24.949694330673));
#4015 = CARTESIAN_POINT('',(-16.79704344633,20.215583160004,
    24.939525027788));
#4016 = CARTESIAN_POINT('',(-16.80010134944,20.227270067018,
    24.929356734662));
#4017 = CARTESIAN_POINT('',(-16.80315894889,20.238955813467,
    24.919189451295));
#4018 = CARTESIAN_POINT('',(-16.80621624468,20.250640399349,
    24.909023177688));
#4019 = CARTESIAN_POINT('',(-16.8092732368,20.262323824666,
    24.89885791384));
#4020 = CARTESIAN_POINT('',(-16.81232992526,20.274006089417,
    24.888693659751));
#4021 = CARTESIAN_POINT('',(-16.81538631005,20.285687193602,
    24.878530415422));
#4022 = CARTESIAN_POINT('',(-16.82426442216,20.319618180595,
    24.849008470775));
#4023 = CARTESIAN_POINT('',(-16.82894181534,20.337818960207,
    24.833244083501));
#4024 = CARTESIAN_POINT('',(-16.83274839611,20.352629200126,
    24.820437824219));
#4025 = CARTESIAN_POINT('',(-16.83584617487,20.364689313047,
    24.810021979524));
#4026 = CARTESIAN_POINT('',(-16.83837688908,20.374573841518,
    24.801494855258));
#4027 = CARTESIAN_POINT('',(-16.8404774254,20.382792533303,
    24.794410515641));
#4028 = CARTESIAN_POINT('',(-16.84227045008,20.389797869609,
    24.788374233823));
#4029 = CARTESIAN_POINT('',(-16.84385616867,20.395983264985,
    24.78304587558));
#4030 = CARTESIAN_POINT('',(-16.84531280596,20.401673070408,
    24.7781470454));
#4031 = CARTESIAN_POINT('',(-16.84670223568,20.40711405657,
    24.77346546336));
#4032 = CARTESIAN_POINT('',(-16.8480731005,20.412478105061,
    24.768851568929));
#4033 = CARTESIAN_POINT('',(-16.84945683295,20.417877507917,
    24.76420789377));
#4034 = CARTESIAN_POINT('',(-16.85086215027,20.423377478356,
    24.759481208894));
#4035 = CARTESIAN_POINT('',(-16.85537258135,20.441017687448,
    24.744327018686));
#4036 = CARTESIAN_POINT('',(-16.85856047341,20.453482543068,
    24.733629087068));
#4037 = CARTESIAN_POINT('',(-16.86183317066,20.466298524261,
    24.722640403762));
#4038 = CARTESIAN_POINT('',(-16.86517876154,20.479374803481,
    24.711440203405));
#4039 = CARTESIAN_POINT('',(-16.86859014711,20.49269459183,
    24.700044154742));
#4040 = CARTESIAN_POINT('',(-16.87205544649,20.506236069317,
    24.688471616957));
#4041 = CARTESIAN_POINT('',(-16.87555880819,20.519929662013,
    24.676782551262));
#4042 = CARTESIAN_POINT('',(-16.87909042304,20.533701422609,
    24.665041153356));
#4043 = CARTESIAN_POINT('',(-16.88265573933,20.547549817658,
    24.653250643119));
#4044 = CARTESIAN_POINT('',(-16.88627287431,20.561567546181,
    24.641334286964));
#4045 = CARTESIAN_POINT('',(-16.88995392985,20.575851090074,
    24.629211552584));
#4046 = CARTESIAN_POINT('',(-16.89368042777,20.590338550345,
    24.616935396924));
#4047 = CARTESIAN_POINT('',(-16.89740531302,20.604780931738,
    24.604716978795));
#4048 = CARTESIAN_POINT('',(-16.90732542448,20.643261510073,
    24.572214856253));
#4049 = CARTESIAN_POINT('',(-16.9135156501,20.667276339275,
    24.55198428229));
#4050 = CARTESIAN_POINT('',(-16.91973767368,20.69136585891,
    24.531749591458));
#4051 = CARTESIAN_POINT('',(-16.92585439568,20.715149305345,
    24.511822412605));
#4052 = CARTESIAN_POINT('',(-16.93191532423,20.738688405007,
    24.492151886032));
#4053 = CARTESIAN_POINT('',(-16.93796819409,20.762148338982,
    24.472599789274));
#4054 = CARTESIAN_POINT('',(-16.94398424629,20.785553035041,
    24.453140267382));
#4055 = CARTESIAN_POINT('',(-16.94993302428,20.808843306993,
    24.43381490931));
#4056 = CARTESIAN_POINT('',(-16.95584757958,20.832020501108,
    24.414618650057));
#4057 = CARTESIAN_POINT('',(-16.96178328918,20.855164973881,
    24.395486050722));
#4058 = CARTESIAN_POINT('',(-16.96773175261,20.878329493152,
    24.376376267251));
#4059 = CARTESIAN_POINT('',(-16.97364487828,20.901494963405,
    24.357304895206));
#4060 = CARTESIAN_POINT('',(-16.97959197592,20.924711313697,
    24.338227232279));
#4061 = CARTESIAN_POINT('',(-16.99470981178,20.983772239534,
    24.289792148003));
#4062 = CARTESIAN_POINT('',(-17.00393113832,21.01973800147,
    24.260384687422));
#4063 = CARTESIAN_POINT('',(-17.01314424993,21.055855563809,
    24.230949618053));
#4064 = CARTESIAN_POINT('',(-17.02241126952,21.092034046952,
    24.201546530967));
#4065 = CARTESIAN_POINT('',(-17.03173299855,21.128285049579,
    24.172175736854));
#4066 = CARTESIAN_POINT('',(-17.04106821702,21.16463547539,
    24.142829212006));
#4067 = CARTESIAN_POINT('',(-17.05039347167,21.201053443921,
    24.113533043425));
#4068 = CARTESIAN_POINT('',(-17.0597250979,21.237465114329,
    24.084338880487));
#4069 = CARTESIAN_POINT('',(-17.06909401879,21.273830055445,
    24.055280699971));
#4070 = CARTESIAN_POINT('',(-17.07850384643,21.310193997957,
    24.026340183808));
#4071 = CARTESIAN_POINT('',(-17.08791409944,21.346650622192,
    23.99745936243));
#4072 = CARTESIAN_POINT('',(-17.09727283216,21.383218256796,
    23.968602736784));
#4073 = CARTESIAN_POINT('',(-17.10657673689,21.419773168545,
    23.939802981579));
#4074 = CARTESIAN_POINT('',(-17.11822868725,21.46570969827,
    23.903688313506));
#4075 = CARTESIAN_POINT('',(-17.12059377541,21.475042950993,
    23.896354154296));
#4076 = CARTESIAN_POINT('',(-17.12295666995,21.484377698161,
    23.889022033782));
#4077 = CARTESIAN_POINT('',(-17.12531707459,21.493713530293,
    23.881691970206));
#4078 = CARTESIAN_POINT('',(-17.12767476228,21.503050072138,
    23.874363960858));
#4079 = CARTESIAN_POINT('',(-17.13002956909,21.512386974868,
    23.867037973398));
#4080 = CARTESIAN_POINT('',(-17.13238140398,21.521723928554,
    23.859713959702));
#4081 = CARTESIAN_POINT('',(-17.13473023586,21.531060645617,
    23.852391837524));
#4082 = CARTESIAN_POINT('',(-17.13707610802,21.540396879311,
    23.845071510949));
#4083 = CARTESIAN_POINT('',(-17.13941912449,21.549732406213,
    23.837752851045));
#4084 = CARTESIAN_POINT('',(-17.14175946099,21.559067040323,
    23.830435711416));
#4085 = CARTESIAN_POINT('',(-17.14409735749,21.568400623448,
    23.823119917615));
#4086 = CARTESIAN_POINT('',(-17.14643312243,21.577733030692,
    23.815805273178));
#4087 = CARTESIAN_POINT('',(-17.15379677944,21.607172211494,
    23.792730934695));
#4088 = CARTESIAN_POINT('',(-17.15886962618,21.627251456639,
    23.776993474763));
#4089 = CARTESIAN_POINT('',(-17.16396374532,21.647472109294,
    23.761156303868));
#4090 = CARTESIAN_POINT('',(-17.16919173392,21.666907180182,
    23.745957111393));
#4091 = CARTESIAN_POINT('',(-17.17420302709,21.688940952203,
    23.728753735769));
#4092 = CARTESIAN_POINT('',(-17.17981819508,21.704846632057,
    23.716395769073));
#4093 = CARTESIAN_POINT('',(-17.18450917401,21.731433850348,
    23.695716499603));
#4094 = CARTESIAN_POINT('',(-17.19074832984,21.744353003228,
    23.685834221349));
#4095 = CARTESIAN_POINT('',(-17.19494859097,21.769868849199,
    23.66610397129));
#4096 = CARTESIAN_POINT('',(-17.20157489611,21.787509145544,
    23.65269498762));
#4097 = CARTESIAN_POINT('',(-17.20638262279,21.808703525526,
    23.636557573829));
#4098 = CARTESIAN_POINT('',(-17.21222978355,21.82888577551,
    23.621327172903));
#4099 = CARTESIAN_POINT('',(-17.21787790897,21.849374634752,
    23.605987500984));
#4100 = CARTESIAN_POINT('',(-17.22619239921,21.879469662813,
    23.583625826949));
#4101 = CARTESIAN_POINT('',(-17.22883186062,21.889030942714,
    23.576546512469));
#4102 = CARTESIAN_POINT('',(-17.23147422344,21.898610181984,
    23.569478738916));
#4103 = CARTESIAN_POINT('',(-17.23411951265,21.908207426489,
    23.562422296859));
#4104 = CARTESIAN_POINT('',(-17.23676772573,21.917822637551,
    23.555377035293));
#4105 = CARTESIAN_POINT('',(-17.23941883208,21.927455691219,
    23.548342860704));
#4106 = CARTESIAN_POINT('',(-17.24207277431,21.937106379877,
    23.541319739031));
#4107 = CARTESIAN_POINT('',(-17.24472946605,21.946774409541,
    23.534307692465));
#4108 = CARTESIAN_POINT('',(-17.24738879492,21.95645940349,
    23.527306803664));
#4109 = CARTESIAN_POINT('',(-17.25005061926,21.966160898273,
    23.520317211184));
#4110 = CARTESIAN_POINT('',(-17.25271477108,21.975878347348,
    23.513339113599));
#4111 = CARTESIAN_POINT('',(-17.25538105386,21.985611118325,
    23.506372766402));
#4112 = CARTESIAN_POINT('',(-17.25804924391,21.995358494692,
    23.499418483938));
#4113 = CARTESIAN_POINT('',(-17.26812127179,22.032182673933,
    23.473230281586));
#4114 = CARTESIAN_POINT('',(-17.27552794502,22.059344344579,
    23.454085693529));
#4115 = CARTESIAN_POINT('',(-17.28293443041,22.086539099305,
    23.435081519889));
#4116 = CARTESIAN_POINT('',(-17.29033601061,22.113762701509,
    23.416216840537));
#4117 = CARTESIAN_POINT('',(-17.29772989616,22.141033449849,
    23.397474759297));
#4118 = CARTESIAN_POINT('',(-17.30511611047,22.168369169515,
    23.378837201567));
#4119 = CARTESIAN_POINT('',(-17.31249750441,22.195776729681,
    23.360292566073));
#4120 = CARTESIAN_POINT('',(-17.31987912142,22.223250816186,
    23.341837892793));
#4121 = CARTESIAN_POINT('',(-17.32726711936,22.2507786733,
    23.323477185607));
#4122 = CARTESIAN_POINT('',(-17.33466747434,22.278347548774,
    23.30521755856));
#4123 = CARTESIAN_POINT('',(-17.34208467013,22.30595155279,
    23.287064840585));
#4124 = CARTESIAN_POINT('',(-17.34952059815,22.333594665022,
    23.269020306628));
#4125 = CARTESIAN_POINT('',(-17.35697387488,22.361286603742,
    23.251080175378));
#4126 = CARTESIAN_POINT('',(-17.37919134403,22.443841710871,
    23.197989087208));
#4127 = CARTESIAN_POINT('',(-17.393998298,22.498850258487,
    23.163136086545));
#4128 = CARTESIAN_POINT('',(-17.40888975974,22.554088339943,
    23.128650870962));
#4129 = CARTESIAN_POINT('',(-17.42386273005,22.609554326992,
    23.094552723864));
#4130 = CARTESIAN_POINT('',(-17.43890254024,22.665243561781,
    23.060857321485));
#4131 = CARTESIAN_POINT('',(-17.45399446968,22.721155279495,
    23.02756432869));
#4132 = CARTESIAN_POINT('',(-17.46912887392,22.777288034779,
    22.994664353053));
#4133 = CARTESIAN_POINT('',(-17.48430192646,22.833633948108,
    22.962150181022));
#4134 = CARTESIAN_POINT('',(-17.49951381962,22.890177759901,
    22.930022889603));
#4135 = CARTESIAN_POINT('',(-17.51476606385,22.946902426325,
    22.89828915726));
#4136 = CARTESIAN_POINT('',(-17.53005925579,23.003798646596,
    22.866951753914));
#4137 = CARTESIAN_POINT('',(-17.54539248327,23.060871462896,
    22.836000924985));
#4138 = CARTESIAN_POINT('',(-17.56076527135,23.118132737113,
    22.805420046086));
#4139 = CARTESIAN_POINT('',(-17.589673081,23.225816508324,
    22.748803633385));
#4140 = CARTESIAN_POINT('',(-17.60319512853,23.276200808142,
    22.722674662774));
#4141 = CARTESIAN_POINT('',(-17.61674884786,23.326716374529,
    22.696836589856));
#4142 = CARTESIAN_POINT('',(-17.63033383728,23.377361995234,
    22.671288352627));
#4143 = CARTESIAN_POINT('',(-17.64394942433,23.428135929419,
    22.646028954992));
#4144 = CARTESIAN_POINT('',(-17.65759472795,23.479036003667,
    22.621057431376));
#4145 = CARTESIAN_POINT('',(-17.67126874642,23.530059742644,
    22.596372844012));
#4146 = CARTESIAN_POINT('',(-17.6849704073,23.581204448772,
    22.57197423218));
#4147 = CARTESIAN_POINT('',(-17.69869866492,23.632467345608,
    22.547860621444));
#4148 = CARTESIAN_POINT('',(-17.712452547,23.683845653199,
    22.524030968861));
#4149 = CARTESIAN_POINT('',(-17.72623124787,23.73533672563,
    22.500484166691));
#4150 = CARTESIAN_POINT('',(-17.74003418526,23.786938139995,
    22.477219000449));
#4151 = CARTESIAN_POINT('',(-17.75386108118,23.83864781755,
    22.45423413718));
#4152 = CARTESIAN_POINT('',(-17.78875188469,23.969174091086,
    22.397037188206));
#4153 = CARTESIAN_POINT('',(-17.80984681729,24.048130705184,
    22.363189444486));
#4154 = CARTESIAN_POINT('',(-17.83099469635,24.127326396694,
    22.329980779774));
#4155 = CARTESIAN_POINT('',(-17.85219343827,24.206753762239,
    22.297407004659));
#4156 = CARTESIAN_POINT('',(-17.87344100798,24.286405569488,
    22.265463828024));
#4157 = CARTESIAN_POINT('',(-17.89473541642,24.366274753466,
    22.234146853648));
#4158 = CARTESIAN_POINT('',(-17.91607472476,24.446354422536,
    22.203451585727));
#4159 = CARTESIAN_POINT('',(-17.93745703871,24.526637850496,
    22.17337342157));
#4160 = CARTESIAN_POINT('',(-17.95888051483,24.607118485271,
    22.143907659643));
#4161 = CARTESIAN_POINT('',(-17.9803433547,24.687789940861,
    22.115049492103));
#4162 = CARTESIAN_POINT('',(-18.00184380946,24.768646003661,
    22.086794010674));
#4163 = CARTESIAN_POINT('',(-18.02338017682,24.849680628252,
    22.059136202721));
#4164 = CARTESIAN_POINT('',(-18.04495080271,24.930887939771,
    22.032070953467));
#4165 = CARTESIAN_POINT('',(-18.12946343933,25.249226486204,
    21.928488623014));
#4166 = CARTESIAN_POINT('',(-18.19265707372,25.487617660898,
    21.856364225157));
#4167 = CARTESIAN_POINT('',(-18.25603234102,25.727148233405,
    21.789127244546));
#4168 = CARTESIAN_POINT('',(-18.31977649193,25.968264783537,
    21.726506441939));
#4169 = CARTESIAN_POINT('',(-18.38337803609,26.20957509059,
    21.66867380984));
#4170 = CARTESIAN_POINT('',(-18.4474187666,26.452564647708,
    21.615094416424));
#4171 = CARTESIAN_POINT('',(-18.51142928192,26.696129665052,
    21.565872082287));
#4172 = CARTESIAN_POINT('',(-18.57540348032,26.939980520742,
    21.520886943674));
#4173 = CARTESIAN_POINT('',(-18.63961000785,27.184888626754,
    21.479771434451));
#4174 = CARTESIAN_POINT('',(-18.7036924069,27.430184865548,
    21.442518900585));
#4175 = CARTESIAN_POINT('',(-18.76783341268,27.675815658766,
    21.408928760133));
#4176 = CARTESIAN_POINT('',(-18.8319191986,27.921937239475,
    21.378783827367));
#4177 = CARTESIAN_POINT('',(-18.89596629206,28.168327445325,
    21.351930261692));
#4178 = CARTESIAN_POINT('',(-19.01451565854,28.625386440697,
    21.307892327158));
#4179 = CARTESIAN_POINT('',(-19.06903939799,28.835974442165,
    21.289867393304));
#4180 = CARTESIAN_POINT('',(-19.12350358616,29.046722219154,
    21.273970403093));
#4181 = CARTESIAN_POINT('',(-19.17789914461,29.257604345166,
    21.26007755007));
#4182 = CARTESIAN_POINT('',(-19.23221800591,29.468598551417,
    21.248061470304));
#4183 = CARTESIAN_POINT('',(-19.28645246909,29.679684415928,
    21.237791725093));
#4184 = CARTESIAN_POINT('',(-19.34059556413,29.890844518795,
    21.229134764677));
#4185 = CARTESIAN_POINT('',(-19.39464152894,30.102065521582,
    21.2219538136));
#4186 = CARTESIAN_POINT('',(-19.44858594502,30.313337859273,
    21.216109044382));
#4187 = CARTESIAN_POINT('',(-19.50242531323,30.52465365284,
    21.211458109913));
#4188 = CARTESIAN_POINT('',(-19.55615632198,30.736003723327,
    21.207857060815));
#4189 = CARTESIAN_POINT('',(-19.60977529706,30.947375510432,
    21.205161379925));
#4190 = CARTESIAN_POINT('',(-19.66327876221,31.158754924998,
    21.203226788482));
#4191 = CARTESIAN_POINT('',(-19.71666632596,31.370136161205,
    21.201909237644));
#4192 = PCURVE('',#1335,#4193);
#4193 = DEFINITIONAL_REPRESENTATION('',(#4194),#4387);
#4194 = B_SPLINE_CURVE_WITH_KNOTS('',11,(#4195,#4196,#4197,#4198,#4199,
    #4200,#4201,#4202,#4203,#4204,#4205,#4206,#4207,#4208,#4209,#4210,
    #4211,#4212,#4213,#4214,#4215,#4216,#4217,#4218,#4219,#4220,#4221,
    #4222,#4223,#4224,#4225,#4226,#4227,#4228,#4229,#4230,#4231,#4232,
    #4233,#4234,#4235,#4236,#4237,#4238,#4239,#4240,#4241,#4242,#4243,
    #4244,#4245,#4246,#4247,#4248,#4249,#4250,#4251,#4252,#4253,#4254,
    #4255,#4256,#4257,#4258,#4259,#4260,#4261,#4262,#4263,#4264,#4265,
    #4266,#4267,#4268,#4269,#4270,#4271,#4272,#4273,#4274,#4275,#4276,
    #4277,#4278,#4279,#4280,#4281,#4282,#4283,#4284,#4285,#4286,#4287,
    #4288,#4289,#4290,#4291,#4292,#4293,#4294,#4295,#4296,#4297,#4298,
    #4299,#4300,#4301,#4302,#4303,#4304,#4305,#4306,#4307,#4308,#4309,
    #4310,#4311,#4312,#4313,#4314,#4315,#4316,#4317,#4318,#4319,#4320,
    #4321,#4322,#4323,#4324,#4325,#4326,#4327,#4328,#4329,#4330,#4331,
    #4332,#4333,#4334,#4335,#4336,#4337,#4338,#4339,#4340,#4341,#4342,
    #4343,#4344,#4345,#4346,#4347,#4348,#4349,#4350,#4351,#4352,#4353,
    #4354,#4355,#4356,#4357,#4358,#4359,#4360,#4361,#4362,#4363,#4364,
    #4365,#4366,#4367,#4368,#4369,#4370,#4371,#4372,#4373,#4374,#4375,
    #4376,#4377,#4378,#4379,#4380,#4381,#4382,#4383,#4384,#4385,#4386),
  .UNSPECIFIED.,.F.,.F.,(12,10,10,10,10,10,10,10,10,10,10,10,10,10,10,10
    ,10,10,10,12),(0.616606725311,0.696382464553,0.776158203794,
    0.935709682278,1.254812639246,1.414364117729,1.494139856971,
    1.573915596213,1.733467074697,1.893018553181,2.052570031664,
    2.212121510148,2.531224467116,3.169430381051,3.807636294985,
    4.44584220892,5.72225403679,8.27507769253,9.5514895204,
    10.82790134827),.UNSPECIFIED.);
#4195 = CARTESIAN_POINT('',(11.958162322924,-3.228877014516));
#4196 = CARTESIAN_POINT('',(11.951072516364,-3.227477816587));
#4197 = CARTESIAN_POINT('',(11.943987265189,-3.22607848702));
#4198 = CARTESIAN_POINT('',(11.936906165117,-3.2246788981));
#4199 = CARTESIAN_POINT('',(11.929828706937,-3.223278922689));
#4200 = CARTESIAN_POINT('',(11.922754276485,-3.221878434201));
#4201 = CARTESIAN_POINT('',(11.915682154676,-3.220477306646));
#4202 = CARTESIAN_POINT('',(11.908611517478,-3.219075414571));
#4203 = CARTESIAN_POINT('',(11.901541435916,-3.21767263312));
#4204 = CARTESIAN_POINT('',(11.894470876091,-3.216268837987));
#4205 = CARTESIAN_POINT('',(11.887398699153,-3.214863905442));
#4206 = CARTESIAN_POINT('',(11.873248623489,-3.212051519207));
#4207 = CARTESIAN_POINT('',(11.866171202839,-3.21064395236));
#4208 = CARTESIAN_POINT('',(11.859091560969,-3.209235184742));
#4209 = CARTESIAN_POINT('',(11.852009807254,-3.20782536139));
#4210 = CARTESIAN_POINT('',(11.844925998939,-3.206414599429));
#4211 = CARTESIAN_POINT('',(11.837840140982,-3.205002988057));
#4212 = CARTESIAN_POINT('',(11.830752186262,-3.203590588562));
#4213 = CARTESIAN_POINT('',(11.823662035359,-3.202177434308));
#4214 = CARTESIAN_POINT('',(11.816569536744,-3.200763530743));
#4215 = CARTESIAN_POINT('',(11.809474486642,-3.199348855397));
#4216 = CARTESIAN_POINT('',(11.788180914061,-3.195102362847));
#4217 = CARTESIAN_POINT('',(11.773974283499,-3.192268195975));
#4218 = CARTESIAN_POINT('',(11.759755488232,-3.189430834975));
#4219 = CARTESIAN_POINT('',(11.745523693185,-3.186590300187));
#4220 = CARTESIAN_POINT('',(11.731278477654,-3.183746654631));
#4221 = CARTESIAN_POINT('',(11.717019834871,-3.180900003916));
#4222 = CARTESIAN_POINT('',(11.702748172608,-3.178050496367));
#4223 = CARTESIAN_POINT('',(11.688464312503,-3.175198322884));
#4224 = CARTESIAN_POINT('',(11.674169490667,-3.172343717069));
#4225 = CARTESIAN_POINT('',(11.659865357243,-3.169486955132));
#4226 = CARTESIAN_POINT('',(11.6169312155,-3.160911157578));
#4227 = CARTESIAN_POINT('',(11.588277929484,-3.155185695467));
#4228 = CARTESIAN_POINT('',(11.559608343624,-3.14945499009));
#4229 = CARTESIAN_POINT('',(11.530936315302,-3.143718715647));
#4230 = CARTESIAN_POINT('',(11.502273073718,-3.137975551015));
#4231 = CARTESIAN_POINT('',(11.473625840681,-3.13222486742));
#4232 = CARTESIAN_POINT('',(11.444997333287,-3.126467752931));
#4233 = CARTESIAN_POINT('',(11.416386147743,-3.120707373624));
#4234 = CARTESIAN_POINT('',(11.38778802519,-3.114948671595));
#4235 = CARTESIAN_POINT('',(11.359197998705,-3.109197399649));
#4236 = CARTESIAN_POINT('',(11.316321133846,-3.100589039374));
#4237 = CARTESIAN_POINT('',(11.302030016778,-3.097721988424));
#4238 = CARTESIAN_POINT('',(11.287739886216,-3.094859334457));
#4239 = CARTESIAN_POINT('',(11.273450098482,-3.092000957445));
#4240 = CARTESIAN_POINT('',(11.259160065006,-3.089145890386));
#4241 = CARTESIAN_POINT('',(11.244869572166,-3.086293217934));
#4242 = CARTESIAN_POINT('',(11.230578906849,-3.083442606033));
#4243 = CARTESIAN_POINT('',(11.216288787786,-3.080594462628));
#4244 = CARTESIAN_POINT('',(11.202000102618,-3.077749729383));
#4245 = CARTESIAN_POINT('',(11.187713450722,-3.07490930446));
#4246 = CARTESIAN_POINT('',(11.166286012302,-3.070654992262));
#4247 = CARTESIAN_POINT('',(11.159144039373,-3.069237997435));
#4248 = CARTESIAN_POINT('',(11.152002578349,-3.067822092829));
#4249 = CARTESIAN_POINT('',(11.144861634603,-3.066407259427));
#4250 = CARTESIAN_POINT('',(11.137721213483,-3.064993478206));
#4251 = CARTESIAN_POINT('',(11.130581320373,-3.063580730154));
#4252 = CARTESIAN_POINT('',(11.123441960618,-3.062168996246));
#4253 = CARTESIAN_POINT('',(11.116303139595,-3.060758257469));
#4254 = CARTESIAN_POINT('',(11.10916486266,-3.059348494801));
#4255 = CARTESIAN_POINT('',(11.102027135182,-3.057939689225));
#4256 = CARTESIAN_POINT('',(11.087752789861,-3.055123954218));
#4257 = CARTESIAN_POINT('',(11.080616629256,-3.053716803239));
#4258 = CARTESIAN_POINT('',(11.073479449097,-3.052309451209));
#4259 = CARTESIAN_POINT('',(11.066343541261,-3.050907296494));
#4260 = CARTESIAN_POINT('',(11.059209201763,-3.049505037146));
#4261 = CARTESIAN_POINT('',(11.052075535195,-3.04809530261));
#4262 = CARTESIAN_POINT('',(11.044942549699,-3.046678226106));
#4263 = CARTESIAN_POINT('',(11.037811461227,-3.045260213384));
#4264 = CARTESIAN_POINT('',(11.030682875823,-3.043843125827));
#4265 = CARTESIAN_POINT('',(11.02355527071,-3.042418058959));
#4266 = CARTESIAN_POINT('',(11.002176294252,-3.038136461162));
#4267 = CARTESIAN_POINT('',(10.987926937616,-3.03526829542));
#4268 = CARTESIAN_POINT('',(10.973686642702,-3.03238666393));
#4269 = CARTESIAN_POINT('',(10.959451950296,-3.029490655647));
#4270 = CARTESIAN_POINT('',(10.945220182927,-3.026579737123));
#4271 = CARTESIAN_POINT('',(10.930992389283,-3.02365407921));
#4272 = CARTESIAN_POINT('',(10.916771722085,-3.020714105193));
#4273 = CARTESIAN_POINT('',(10.902559750406,-3.017759745981));
#4274 = CARTESIAN_POINT('',(10.888353203263,-3.014789887085));
#4275 = CARTESIAN_POINT('',(10.874143645302,-3.011802492939));
#4276 = CARTESIAN_POINT('',(10.845701519126,-3.005789294046));
#4277 = CARTESIAN_POINT('',(10.831468368807,-3.002765420015));
#4278 = CARTESIAN_POINT('',(10.817229675697,-2.999708939373));
#4279 = CARTESIAN_POINT('',(10.802949164573,-2.996664605717));
#4280 = CARTESIAN_POINT('',(10.78869434103,-2.993548273594));
#4281 = CARTESIAN_POINT('',(10.774444379865,-2.990449745548));
#4282 = CARTESIAN_POINT('',(10.760163042597,-2.98736060099));
#4283 = CARTESIAN_POINT('',(10.745876296034,-2.984179340393));
#4284 = CARTESIAN_POINT('',(10.731596366305,-2.981003031262));
#4285 = CARTESIAN_POINT('',(10.717288969331,-2.977836232658));
#4286 = CARTESIAN_POINT('',(10.68866148688,-2.971486518584));
#4287 = CARTESIAN_POINT('',(10.674337036236,-2.968307409811));
#4288 = CARTESIAN_POINT('',(10.660001425492,-2.965123978324));
#4289 = CARTESIAN_POINT('',(10.645654452739,-2.961936220198));
#4290 = CARTESIAN_POINT('',(10.631296164809,-2.958744198533));
#4291 = CARTESIAN_POINT('',(10.616926857321,-2.955548043494));
#4292 = CARTESIAN_POINT('',(10.602547074634,-2.952347952263));
#4293 = CARTESIAN_POINT('',(10.588157609881,-2.949144189089));
#4294 = CARTESIAN_POINT('',(10.57375950495,-2.945937085245));
#4295 = CARTESIAN_POINT('',(10.559354050496,-2.942727039058));
#4296 = CARTESIAN_POINT('',(10.530531521363,-2.936301992724));
#4297 = CARTESIAN_POINT('',(10.516116116292,-2.933088420276));
#4298 = CARTESIAN_POINT('',(10.501702827932,-2.92987435576));
#4299 = CARTESIAN_POINT('',(10.487295492454,-2.926660265029));
#4300 = CARTESIAN_POINT('',(10.472895981019,-2.92344652457));
#4301 = CARTESIAN_POINT('',(10.458504655853,-2.920233423454));
#4302 = CARTESIAN_POINT('',(10.444120826272,-2.91702116536));
#4303 = CARTESIAN_POINT('',(10.429743204761,-2.913809870501));
#4304 = CARTESIAN_POINT('',(10.415370363002,-2.910599577653));
#4305 = CARTESIAN_POINT('',(10.401001187947,-2.907390246099));
#4306 = CARTESIAN_POINT('',(10.357903637654,-2.89776478069));
#4307 = CARTESIAN_POINT('',(10.329184071068,-2.891351297831));
#4308 = CARTESIAN_POINT('',(10.300469673453,-2.884939548266));
#4309 = CARTESIAN_POINT('',(10.271756033482,-2.878527706253));
#4310 = CARTESIAN_POINT('',(10.243045452371,-2.872112534445));
#4311 = CARTESIAN_POINT('',(10.214345283332,-2.865689746907));
#4312 = CARTESIAN_POINT('',(10.185663235729,-2.859255304689));
#4313 = CARTESIAN_POINT('',(10.157002433758,-2.852806868276));
#4314 = CARTESIAN_POINT('',(10.128359013415,-2.846344629594));
#4315 = CARTESIAN_POINT('',(10.099725047236,-2.839870747818));
#4316 = CARTESIAN_POINT('',(10.013848650879,-2.820418340271));
#4317 = CARTESIAN_POINT('',(9.956630992777,-2.807403632757));
#4318 = CARTESIAN_POINT('',(9.899419316722,-2.79432408038));
#4319 = CARTESIAN_POINT('',(9.842215343621,-2.78118169568));
#4320 = CARTESIAN_POINT('',(9.78502502198,-2.767985995442));
#4321 = CARTESIAN_POINT('',(9.727849387756,-2.754746648309));
#4322 = CARTESIAN_POINT('',(9.670685515232,-2.741470330455));
#4323 = CARTESIAN_POINT('',(9.613532005879,-2.72816043238));
#4324 = CARTESIAN_POINT('',(9.55639346241,-2.71481825997));
#4325 = CARTESIAN_POINT('',(9.499278394937,-2.701444372868));
#4326 = CARTESIAN_POINT('',(9.385091617908,-2.674633033687));
#4327 = CARTESIAN_POINT('',(9.328023881947,-2.661195599318));
#4328 = CARTESIAN_POINT('',(9.270952917521,-2.647727966854));
#4329 = CARTESIAN_POINT('',(9.214009787965,-2.634215882551));
#4330 = CARTESIAN_POINT('',(9.156837612171,-2.620717622251));
#4331 = CARTESIAN_POINT('',(9.100006237716,-2.607091823697));
#4332 = CARTESIAN_POINT('',(9.042928039032,-2.593539284291));
#4333 = CARTESIAN_POINT('',(8.98601229229,-2.5798799087));
#4334 = CARTESIAN_POINT('',(8.929057110814,-2.566223309441));
#4335 = CARTESIAN_POINT('',(8.872130150719,-2.552527188632));
#4336 = CARTESIAN_POINT('',(8.758304060885,-2.525079111649));
#4337 = CARTESIAN_POINT('',(8.701406018752,-2.511325685468));
#4338 = CARTESIAN_POINT('',(8.644523700551,-2.49754442687));
#4339 = CARTESIAN_POINT('',(8.587657407616,-2.483736452377));
#4340 = CARTESIAN_POINT('',(8.530807107945,-2.469902539555));
#4341 = CARTESIAN_POINT('',(8.473972522775,-2.456043226815));
#4342 = CARTESIAN_POINT('',(8.417153213015,-2.442158913204));
#4343 = CARTESIAN_POINT('',(8.36034866585,-2.42824995821));
#4344 = CARTESIAN_POINT('',(8.303558381178,-2.414316781553));
#4345 = CARTESIAN_POINT('',(8.246781958178,-2.400359962986));
#4346 = CARTESIAN_POINT('',(8.076493629034,-2.358421100297));
#4347 = CARTESIAN_POINT('',(7.963023615126,-2.330370526093));
#4348 = CARTESIAN_POINT('',(7.8496061102,-2.302233629679));
#4349 = CARTESIAN_POINT('',(7.736240230761,-2.274015260791));
#4350 = CARTESIAN_POINT('',(7.622924802052,-2.245720213409));
#4351 = CARTESIAN_POINT('',(7.509657633576,-2.217353150737));
#4352 = CARTESIAN_POINT('',(7.396435898424,-2.18891847011));
#4353 = CARTESIAN_POINT('',(7.283257006798,-2.160420227309));
#4354 = CARTESIAN_POINT('',(7.170119364486,-2.131862239991));
#4355 = CARTESIAN_POINT('',(7.057022406637,-2.103248489686));
#4356 = CARTESIAN_POINT('',(6.717851079345,-2.017254846822));
#4357 = CARTESIAN_POINT('',(6.491892351558,-1.959720691931));
#4358 = CARTESIAN_POINT('',(6.266042152144,-1.902001843228));
#4359 = CARTESIAN_POINT('',(6.04037401017,-1.844153481146));
#4360 = CARTESIAN_POINT('',(5.814796930882,-1.786180777721));
#4361 = CARTESIAN_POINT('',(5.5892858066,-1.728105104192));
#4362 = CARTESIAN_POINT('',(5.363897699892,-1.669969791903));
#4363 = CARTESIAN_POINT('',(5.138619837856,-1.611797068408));
#4364 = CARTESIAN_POINT('',(4.913364035543,-1.553585898647));
#4365 = CARTESIAN_POINT('',(4.688184632776,-1.495373578032));
#4366 = CARTESIAN_POINT('',(4.350487006092,-1.408071286057));
#4367 = CARTESIAN_POINT('',(4.237933948437,-1.378973313879));
#4368 = CARTESIAN_POINT('',(4.125392370266,-1.349880982953));
#4369 = CARTESIAN_POINT('',(4.012859306453,-1.320795351369));
#4370 = CARTESIAN_POINT('',(3.900335330252,-1.291718566219));
#4371 = CARTESIAN_POINT('',(3.787821056087,-1.262653238048));
#4372 = CARTESIAN_POINT('',(3.675314170716,-1.233601293942));
#4373 = CARTESIAN_POINT('',(3.562810940504,-1.204563854497));
#4374 = CARTESIAN_POINT('',(3.45031089799,-1.175542240237));
#4375 = CARTESIAN_POINT('',(3.337818168122,-1.146538773801));
#4376 = CARTESIAN_POINT('',(3.112837132217,-1.088570435326));
#4377 = CARTESIAN_POINT('',(3.000349844596,-1.059605668211));
#4378 = CARTESIAN_POINT('',(2.887864827468,-1.030661724872));
#4379 = CARTESIAN_POINT('',(2.775381170226,-1.001739934747));
#4380 = CARTESIAN_POINT('',(2.662898011489,-0.972841535048));
#4381 = CARTESIAN_POINT('',(2.550414539102,-0.94396767077));
#4382 = CARTESIAN_POINT('',(2.437929990143,-0.915119394684));
#4383 = CARTESIAN_POINT('',(2.32544365091,-0.886297667344));
#4384 = CARTESIAN_POINT('',(2.212954856935,-0.857503357079));
#4385 = CARTESIAN_POINT('',(2.100462992973,-0.828737240001));
#4386 = CARTESIAN_POINT('',(1.987967493009,-0.8));
#4387 = ( GEOMETRIC_REPRESENTATION_CONTEXT(2) 
PARAMETRIC_REPRESENTATION_CONTEXT() REPRESENTATION_CONTEXT('2D SPACE',''
  ) );
#4388 = PCURVE('',#4389,#4942);
#4389 = ( BOUNDED_SURFACE() B_SPLINE_SURFACE(2,14,(
    (#4390,#4391,#4392,#4393,#4394,#4395,#4396,#4397,#4398,#4399,#4400
      ,#4401,#4402,#4403,#4404,#4405,#4406,#4407,#4408,#4409,#4410,#4411
      ,#4412,#4413,#4414,#4415,#4416,#4417,#4418,#4419,#4420,#4421,#4422
      ,#4423,#4424,#4425,#4426,#4427,#4428,#4429,#4430,#4431,#4432,#4433
      ,#4434,#4435,#4436,#4437,#4438,#4439,#4440,#4441,#4442,#4443,#4444
      ,#4445,#4446,#4447,#4448,#4449,#4450,#4451,#4452,#4453,#4454,#4455
      ,#4456,#4457,#4458,#4459,#4460,#4461,#4462,#4463,#4464,#4465,#4466
      ,#4467,#4468,#4469,#4470,#4471,#4472,#4473,#4474,#4475,#4476,#4477
      ,#4478,#4479,#4480,#4481,#4482,#4483,#4484,#4485,#4486,#4487,#4488
      ,#4489,#4490,#4491,#4492,#4493,#4494,#4495,#4496,#4497,#4498,#4499
      ,#4500,#4501,#4502,#4503,#4504,#4505,#4506,#4507,#4508,#4509,#4510
      ,#4511,#4512,#4513,#4514,#4515,#4516,#4517,#4518,#4519,#4520,#4521
      ,#4522,#4523,#4524,#4525,#4526,#4527,#4528,#4529,#4530,#4531,#4532
      ,#4533,#4534,#4535,#4536,#4537,#4538,#4539,#4540,#4541,#4542,#4543
      ,#4544,#4545,#4546,#4547,#4548,#4549,#4550,#4551,#4552,#4553,#4554
      ,#4555,#4556,#4557,#4558,#4559,#4560,#4561,#4562,#4563,#4564,#4565
      ,#4566,#4567,#4568,#4569,#4570,#4571,#4572,#4573)
    ,(#4574,#4575,#4576,#4577,#4578,#4579,#4580,#4581,#4582,#4583,#4584
      ,#4585,#4586,#4587,#4588,#4589,#4590,#4591,#4592,#4593,#4594,#4595
      ,#4596,#4597,#4598,#4599,#4600,#4601,#4602,#4603,#4604,#4605,#4606
      ,#4607,#4608,#4609,#4610,#4611,#4612,#4613,#4614,#4615,#4616,#4617
      ,#4618,#4619,#4620,#4621,#4622,#4623,#4624,#4625,#4626,#4627,#4628
      ,#4629,#4630,#4631,#4632,#4633,#4634,#4635,#4636,#4637,#4638,#4639
      ,#4640,#4641,#4642,#4643,#4644,#4645,#4646,#4647,#4648,#4649,#4650
      ,#4651,#4652,#4653,#4654,#4655,#4656,#4657,#4658,#4659,#4660,#4661
      ,#4662,#4663,#4664,#4665,#4666,#4667,#4668,#4669,#4670,#4671,#4672
      ,#4673,#4674,#4675,#4676,#4677,#4678,#4679,#4680,#4681,#4682,#4683
      ,#4684,#4685,#4686,#4687,#4688,#4689,#4690,#4691,#4692,#4693,#4694
      ,#4695,#4696,#4697,#4698,#4699,#4700,#4701,#4702,#4703,#4704,#4705
      ,#4706,#4707,#4708,#4709,#4710,#4711,#4712,#4713,#4714,#4715,#4716
      ,#4717,#4718,#4719,#4720,#4721,#4722,#4723,#4724,#4725,#4726,#4727
      ,#4728,#4729,#4730,#4731,#4732,#4733,#4734,#4735,#4736,#4737,#4738
      ,#4739,#4740,#4741,#4742,#4743,#4744,#4745,#4746,#4747,#4748,#4749
      ,#4750,#4751,#4752,#4753,#4754,#4755,#4756,#4757)
    ,(#4758,#4759,#4760,#4761,#4762,#4763,#4764,#4765,#4766,#4767,#4768
      ,#4769,#4770,#4771,#4772,#4773,#4774,#4775,#4776,#4777,#4778,#4779
      ,#4780,#4781,#4782,#4783,#4784,#4785,#4786,#4787,#4788,#4789,#4790
      ,#4791,#4792,#4793,#4794,#4795,#4796,#4797,#4798,#4799,#4800,#4801
      ,#4802,#4803,#4804,#4805,#4806,#4807,#4808,#4809,#4810,#4811,#4812
      ,#4813,#4814,#4815,#4816,#4817,#4818,#4819,#4820,#4821,#4822,#4823
      ,#4824,#4825,#4826,#4827,#4828,#4829,#4830,#4831,#4832,#4833,#4834
      ,#4835,#4836,#4837,#4838,#4839,#4840,#4841,#4842,#4843,#4844,#4845
      ,#4846,#4847,#4848,#4849,#4850,#4851,#4852,#4853,#4854,#4855,#4856
      ,#4857,#4858,#4859,#4860,#4861,#4862,#4863,#4864,#4865,#4866,#4867
      ,#4868,#4869,#4870,#4871,#4872,#4873,#4874,#4875,#4876,#4877,#4878
      ,#4879,#4880,#4881,#4882,#4883,#4884,#4885,#4886,#4887,#4888,#4889
      ,#4890,#4891,#4892,#4893,#4894,#4895,#4896,#4897,#4898,#4899,#4900
      ,#4901,#4902,#4903,#4904,#4905,#4906,#4907,#4908,#4909,#4910,#4911
      ,#4912,#4913,#4914,#4915,#4916,#4917,#4918,#4919,#4920,#4921,#4922
      ,#4923,#4924,#4925,#4926,#4927,#4928,#4929,#4930,#4931,#4932,#4933
      ,#4934,#4935,#4936,#4937,#4938,#4939,#4940,#4941
)),.UNSPECIFIED.,.F.,.F.,.F.) B_SPLINE_SURFACE_WITH_KNOTS((3,3),(15,13,
    13,13,13,13,13,13,13,13,13,13,13,13,15),(0.,12.234309011839),(
    -0.184190631153,-0.120787341778,0.,0.260528547851,0.69128060459,
    1.352824139101,1.521463336334,1.884870738381,2.053624737714,
    2.521497392285,3.445943959977,4.254835876882,5.483558152022,
    9.061632329473,12.113521670061),.UNSPECIFIED.) 
GEOMETRIC_REPRESENTATION_ITEM() RATIONAL_B_SPLINE_SURFACE((
    (1.,1.,1.,1.,1.,1.,1.,1.,1.,1.,1.,1.,1.,1.,1.,1.,1.,1.,1.,1.,1.,1.
      ,1.,1.,1.,1.,1.,1.,1.,1.,1.,1.,1.,1.,1.,1.,1.,1.,1.,1.,1.,1.,1.,1.
      ,1.,1.,1.,1.,1.,1.,1.,1.,1.,1.,1.,1.,1.,1.,1.,1.,1.,1.,1.,1.,1.,1.
      ,1.,1.,1.,1.,1.,1.,1.,1.,1.,1.,1.,1.,1.,1.,1.,1.,1.,1.,1.,1.,1.,1.
      ,1.,1.,1.,1.,1.,1.,1.,1.,1.,1.,1.,1.,1.,1.,1.,1.,1.,1.,1.,1.,1.,1.
      ,1.,1.,1.,1.,1.,1.,1.,1.,1.,1.,1.,1.,1.,1.,1.,1.,1.,1.,1.,1.,1.,1.
      ,1.,1.,1.,1.,1.,1.,1.,1.,1.,1.,1.,1.,1.,1.,1.,1.,1.,1.,1.,1.,1.,1.
      ,1.,1.,1.,1.,1.,1.,1.,1.,1.,1.,1.,1.,1.,1.,1.,1.,1.,1.,1.,1.,1.,1.
      ,1.,1.,1.,1.,1.,1.,1.,1.)
    ,(0.648383264775,0.648319629688,0.648265784615,0.648221729556
      ,0.648187464509,0.648162989476,0.648148304456,0.64814340945
      ,0.648148304456,0.648162989476,0.648187464509,0.648221729556
      ,0.648265784615,0.648319629688,0.648504493704,0.648563946126
      ,0.648612568535,0.648651247844,0.648679093279,0.648700525003
      ,0.648720008677,0.648738409051,0.648754385144,0.648768020747
      ,0.648781969849,0.64879780418,0.648811973204,0.648858876002
      ,0.648892366053,0.648924465195,0.648960214275,0.648998258073
      ,0.649035595693,0.649072947505,0.649114365309,0.649162571779
      ,0.649215203705,0.64926664775,0.649315501276,0.649368860384
      ,0.649508893939,0.64959595525,0.649689122978,0.649768854696
      ,0.649851040983,0.649938683759,0.650015585134,0.650074445423
      ,0.650130524864,0.650200278512,0.650273635086,0.650330392827
      ,0.650397055974,0.650561399062,0.650668518363,0.650754137062
      ,0.650857742762,0.650978357087,0.651093665367,0.651196461996
      ,0.651302939127,0.651432184344,0.651580547661,0.651718288478
      ,0.65181912098,0.651895939372,0.651973977026,0.651988752397
      ,0.652002333601,0.652014630775,0.652025581627,0.652035151285
      ,0.652043332531,0.652050145499,0.652055638003,0.652059885237
      ,0.652062990006,0.652065082576,0.652066320757,0.652068116253
      ,0.652092766088,0.65211095085,0.652282288507,0.652052071146
      ,0.652812005866,0.651905661795,0.653301082043,0.6522913274
      ,0.653319168542,0.653091782906,0.65346366422,0.653707568669
      ,0.654074146122,0.654189623836,0.654304343391,0.654418311502
      ,0.654531531903,0.654644005308,0.654755729488,0.654866699153
      ,0.654976906102,0.655086339063,0.655194983835,0.655302823184
      ,0.655409836906,0.65581034533,0.656095222431,0.656376046537
      ,0.656651139663,0.65691711715,0.657171948207,0.657416169764
      ,0.657652731892,0.657885951978,0.658120056183,0.658357785247
      ,0.658599543105,0.658843565609,0.659569738328,0.660054563381
      ,0.660551467471,0.661059223437,0.661571607759,0.662081950469
      ,0.662586008294,0.663082952038,0.663574639383,0.664063727134
      ,0.664551556519,0.665037128193,0.665518863457,0.666423302462
      ,0.666844525865,0.667264941335,0.667684505831,0.668103113089
      ,0.668520613437,0.668936834541,0.669351600784,0.669764754337
      ,0.670176174445,0.67058579833,0.670993640836,0.671399814906
      ,0.672419354376,0.673030579247,0.673638130628,0.674241915516
      ,0.674841843568,0.675437826943,0.676029780559,0.67661762175
      ,0.677201270651,0.67778064983,0.678355684588,0.678926302751
      ,0.679492434793,0.681689347723,0.683288139261,0.684837051371
      ,0.686369914154,0.687814746897,0.689264795135,0.690635226165
      ,0.691955311316,0.693258971652,0.694463392034,0.695654812073
      ,0.696766765564,0.697830986112,0.699689746967,0.700502789044
      ,0.701271722973,0.701995547957,0.702673353281,0.703304180936
      ,0.703887054715,0.704421071708,0.70490548908,0.705339768043
      ,0.70572357506,0.70605676933,0.706339442612,0.706572108328)
    ,(1.,1.,1.,1.,1.,1.,1.,1.,1.,1.,1.,1.,1.,1.,1.,1.,1.,1.,1.,1.,1.,1.
      ,1.,1.,1.,1.,1.,1.,1.,1.,1.,1.,1.,1.,1.,1.,1.,1.,1.,1.,1.,1.,1.,1.
      ,1.,1.,1.,1.,1.,1.,1.,1.,1.,1.,1.,1.,1.,1.,1.,1.,1.,1.,1.,1.,1.,1.
      ,1.,1.,1.,1.,1.,1.,1.,1.,1.,1.,1.,1.,1.,1.,1.,1.,1.,1.,1.,1.,1.,1.
      ,1.,1.,1.,1.,1.,1.,1.,1.,1.,1.,1.,1.,1.,1.,1.,1.,1.,1.,1.,1.,1.,1.
      ,1.,1.,1.,1.,1.,1.,1.,1.,1.,1.,1.,1.,1.,1.,1.,1.,1.,1.,1.,1.,1.,1.
      ,1.,1.,1.,1.,1.,1.,1.,1.,1.,1.,1.,1.,1.,1.,1.,1.,1.,1.,1.,1.,1.,1.
      ,1.,1.,1.,1.,1.,1.,1.,1.,1.,1.,1.,1.,1.,1.,1.,1.,1.,1.,1.,1.,1.,1.
,1.,1.,1.,1.,1.,1.,1.,1.))) REPRESENTATION_ITEM('') SURFACE() );
#4390 = CARTESIAN_POINT('',(-16.77562962192,20.133742315066,
    25.010731352931));
#4391 = CARTESIAN_POINT('',(-16.77868965069,20.14543734604,
    25.000555991489));
#4392 = CARTESIAN_POINT('',(-16.78174937579,20.157131216448,
    24.990381639807));
#4393 = CARTESIAN_POINT('',(-16.78480879723,20.168823926291,
    24.980208297885));
#4394 = CARTESIAN_POINT('',(-16.787867915,20.180515475568,
    24.970035965722));
#4395 = CARTESIAN_POINT('',(-16.79092672911,20.192205864279,
    24.959864643318));
#4396 = CARTESIAN_POINT('',(-16.79398523955,20.203895092425,
    24.949694330673));
#4397 = CARTESIAN_POINT('',(-16.79704344633,20.215583160004,
    24.939525027788));
#4398 = CARTESIAN_POINT('',(-16.80010134944,20.227270067018,
    24.929356734662));
#4399 = CARTESIAN_POINT('',(-16.80315894889,20.238955813467,
    24.919189451295));
#4400 = CARTESIAN_POINT('',(-16.80621624468,20.250640399349,
    24.909023177688));
#4401 = CARTESIAN_POINT('',(-16.8092732368,20.262323824666,
    24.89885791384));
#4402 = CARTESIAN_POINT('',(-16.81232992526,20.274006089417,
    24.888693659751));
#4403 = CARTESIAN_POINT('',(-16.81538631005,20.285687193602,
    24.878530415422));
#4404 = CARTESIAN_POINT('',(-16.82426442216,20.319618180595,
    24.849008470775));
#4405 = CARTESIAN_POINT('',(-16.82894181534,20.337818960207,
    24.833244083501));
#4406 = CARTESIAN_POINT('',(-16.83274839611,20.352629200126,
    24.820437824219));
#4407 = CARTESIAN_POINT('',(-16.83584617487,20.364689313047,
    24.810021979524));
#4408 = CARTESIAN_POINT('',(-16.83837688908,20.374573841518,
    24.801494855258));
#4409 = CARTESIAN_POINT('',(-16.8404774254,20.382792533303,
    24.794410515641));
#4410 = CARTESIAN_POINT('',(-16.84227045008,20.389797869609,
    24.788374233823));
#4411 = CARTESIAN_POINT('',(-16.84385616867,20.395983264985,
    24.78304587558));
#4412 = CARTESIAN_POINT('',(-16.84531280596,20.401673070408,
    24.7781470454));
#4413 = CARTESIAN_POINT('',(-16.84670223568,20.40711405657,
    24.77346546336));
#4414 = CARTESIAN_POINT('',(-16.8480731005,20.412478105061,
    24.768851568929));
#4415 = CARTESIAN_POINT('',(-16.84945683295,20.417877507917,
    24.76420789377));
#4416 = CARTESIAN_POINT('',(-16.85086215027,20.423377478356,
    24.759481208894));
#4417 = CARTESIAN_POINT('',(-16.85537258135,20.441017687448,
    24.744327018686));
#4418 = CARTESIAN_POINT('',(-16.85856047341,20.453482543068,
    24.733629087068));
#4419 = CARTESIAN_POINT('',(-16.86183317066,20.466298524261,
    24.722640403762));
#4420 = CARTESIAN_POINT('',(-16.86517876154,20.479374803481,
    24.711440203405));
#4421 = CARTESIAN_POINT('',(-16.86859014711,20.49269459183,
    24.700044154742));
#4422 = CARTESIAN_POINT('',(-16.87205544649,20.506236069317,
    24.688471616957));
#4423 = CARTESIAN_POINT('',(-16.87555880819,20.519929662013,
    24.676782551262));
#4424 = CARTESIAN_POINT('',(-16.87909042304,20.533701422609,
    24.665041153356));
#4425 = CARTESIAN_POINT('',(-16.88265573933,20.547549817658,
    24.653250643119));
#4426 = CARTESIAN_POINT('',(-16.88627287431,20.561567546181,
    24.641334286964));
#4427 = CARTESIAN_POINT('',(-16.88995392985,20.575851090074,
    24.629211552584));
#4428 = CARTESIAN_POINT('',(-16.89368042777,20.590338550345,
    24.616935396924));
#4429 = CARTESIAN_POINT('',(-16.89740531302,20.604780931738,
    24.604716978795));
#4430 = CARTESIAN_POINT('',(-16.90732542448,20.643261510073,
    24.572214856253));
#4431 = CARTESIAN_POINT('',(-16.9135156501,20.667276339275,
    24.55198428229));
#4432 = CARTESIAN_POINT('',(-16.91973767368,20.69136585891,
    24.531749591458));
#4433 = CARTESIAN_POINT('',(-16.92585439568,20.715149305345,
    24.511822412605));
#4434 = CARTESIAN_POINT('',(-16.93191532423,20.738688405007,
    24.492151886032));
#4435 = CARTESIAN_POINT('',(-16.93796819409,20.762148338982,
    24.472599789274));
#4436 = CARTESIAN_POINT('',(-16.94398424629,20.785553035041,
    24.453140267382));
#4437 = CARTESIAN_POINT('',(-16.94993302428,20.808843306993,
    24.43381490931));
#4438 = CARTESIAN_POINT('',(-16.95584757958,20.832020501108,
    24.414618650057));
#4439 = CARTESIAN_POINT('',(-16.96178328918,20.855164973881,
    24.395486050722));
#4440 = CARTESIAN_POINT('',(-16.96773175261,20.878329493152,
    24.376376267251));
#4441 = CARTESIAN_POINT('',(-16.97364487828,20.901494963405,
    24.357304895206));
#4442 = CARTESIAN_POINT('',(-16.97959197592,20.924711313697,
    24.338227232279));
#4443 = CARTESIAN_POINT('',(-16.99470981178,20.983772239534,
    24.289792148003));
#4444 = CARTESIAN_POINT('',(-17.00393113832,21.01973800147,
    24.260384687422));
#4445 = CARTESIAN_POINT('',(-17.01314424993,21.055855563809,
    24.230949618053));
#4446 = CARTESIAN_POINT('',(-17.02241126952,21.092034046952,
    24.201546530967));
#4447 = CARTESIAN_POINT('',(-17.03173299855,21.128285049579,
    24.172175736854));
#4448 = CARTESIAN_POINT('',(-17.04106821702,21.16463547539,
    24.142829212006));
#4449 = CARTESIAN_POINT('',(-17.05039347167,21.201053443921,
    24.113533043425));
#4450 = CARTESIAN_POINT('',(-17.0597250979,21.237465114329,
    24.084338880487));
#4451 = CARTESIAN_POINT('',(-17.06909401879,21.273830055445,
    24.055280699971));
#4452 = CARTESIAN_POINT('',(-17.07850384643,21.310193997957,
    24.026340183808));
#4453 = CARTESIAN_POINT('',(-17.08791409944,21.346650622192,
    23.99745936243));
#4454 = CARTESIAN_POINT('',(-17.09727283216,21.383218256796,
    23.968602736784));
#4455 = CARTESIAN_POINT('',(-17.10657673689,21.419773168545,
    23.939802981579));
#4456 = CARTESIAN_POINT('',(-17.11822868725,21.46570969827,
    23.903688313506));
#4457 = CARTESIAN_POINT('',(-17.12059377541,21.475042950993,
    23.896354154296));
#4458 = CARTESIAN_POINT('',(-17.12295666995,21.484377698161,
    23.889022033782));
#4459 = CARTESIAN_POINT('',(-17.12531707459,21.493713530293,
    23.881691970206));
#4460 = CARTESIAN_POINT('',(-17.12767476228,21.503050072138,
    23.874363960858));
#4461 = CARTESIAN_POINT('',(-17.13002956909,21.512386974868,
    23.867037973398));
#4462 = CARTESIAN_POINT('',(-17.13238140398,21.521723928554,
    23.859713959702));
#4463 = CARTESIAN_POINT('',(-17.13473023586,21.531060645617,
    23.852391837524));
#4464 = CARTESIAN_POINT('',(-17.13707610802,21.540396879311,
    23.845071510949));
#4465 = CARTESIAN_POINT('',(-17.13941912449,21.549732406213,
    23.837752851045));
#4466 = CARTESIAN_POINT('',(-17.14175946099,21.559067040323,
    23.830435711416));
#4467 = CARTESIAN_POINT('',(-17.14409735749,21.568400623448,
    23.823119917615));
#4468 = CARTESIAN_POINT('',(-17.14643312243,21.577733030692,
    23.815805273178));
#4469 = CARTESIAN_POINT('',(-17.15379677944,21.607172211494,
    23.792730934695));
#4470 = CARTESIAN_POINT('',(-17.15886962618,21.627251456639,
    23.776993474763));
#4471 = CARTESIAN_POINT('',(-17.16396374532,21.647472109294,
    23.761156303868));
#4472 = CARTESIAN_POINT('',(-17.16919173392,21.666907180182,
    23.745957111393));
#4473 = CARTESIAN_POINT('',(-17.17420302709,21.688940952203,
    23.728753735769));
#4474 = CARTESIAN_POINT('',(-17.17981819508,21.704846632057,
    23.716395769073));
#4475 = CARTESIAN_POINT('',(-17.18450917401,21.731433850348,
    23.695716499603));
#4476 = CARTESIAN_POINT('',(-17.19074832984,21.744353003228,
    23.685834221349));
#4477 = CARTESIAN_POINT('',(-17.19494859097,21.769868849199,
    23.66610397129));
#4478 = CARTESIAN_POINT('',(-17.20157489611,21.787509145544,
    23.65269498762));
#4479 = CARTESIAN_POINT('',(-17.20638262279,21.808703525526,
    23.636557573829));
#4480 = CARTESIAN_POINT('',(-17.21222978355,21.82888577551,
    23.621327172903));
#4481 = CARTESIAN_POINT('',(-17.21787790897,21.849374634752,
    23.605987500984));
#4482 = CARTESIAN_POINT('',(-17.22619239921,21.879469662813,
    23.583625826949));
#4483 = CARTESIAN_POINT('',(-17.22883186062,21.889030942714,
    23.576546512469));
#4484 = CARTESIAN_POINT('',(-17.23147422344,21.898610181984,
    23.569478738916));
#4485 = CARTESIAN_POINT('',(-17.23411951265,21.908207426489,
    23.562422296859));
#4486 = CARTESIAN_POINT('',(-17.23676772573,21.917822637551,
    23.555377035293));
#4487 = CARTESIAN_POINT('',(-17.23941883208,21.927455691219,
    23.548342860704));
#4488 = CARTESIAN_POINT('',(-17.24207277431,21.937106379877,
    23.541319739031));
#4489 = CARTESIAN_POINT('',(-17.24472946605,21.946774409541,
    23.534307692465));
#4490 = CARTESIAN_POINT('',(-17.24738879492,21.95645940349,
    23.527306803664));
#4491 = CARTESIAN_POINT('',(-17.25005061926,21.966160898273,
    23.520317211184));
#4492 = CARTESIAN_POINT('',(-17.25271477108,21.975878347348,
    23.513339113599));
#4493 = CARTESIAN_POINT('',(-17.25538105386,21.985611118325,
    23.506372766402));
#4494 = CARTESIAN_POINT('',(-17.25804924391,21.995358494692,
    23.499418483938));
#4495 = CARTESIAN_POINT('',(-17.26812127179,22.032182673933,
    23.473230281586));
#4496 = CARTESIAN_POINT('',(-17.27552794502,22.059344344579,
    23.454085693529));
#4497 = CARTESIAN_POINT('',(-17.28293443041,22.086539099305,
    23.435081519889));
#4498 = CARTESIAN_POINT('',(-17.29033601061,22.113762701509,
    23.416216840537));
#4499 = CARTESIAN_POINT('',(-17.29772989616,22.141033449849,
    23.397474759297));
#4500 = CARTESIAN_POINT('',(-17.30511611047,22.168369169515,
    23.378837201567));
#4501 = CARTESIAN_POINT('',(-17.31249750441,22.195776729681,
    23.360292566073));
#4502 = CARTESIAN_POINT('',(-17.31987912142,22.223250816186,
    23.341837892793));
#4503 = CARTESIAN_POINT('',(-17.32726711936,22.2507786733,
    23.323477185607));
#4504 = CARTESIAN_POINT('',(-17.33466747434,22.278347548774,
    23.30521755856));
#4505 = CARTESIAN_POINT('',(-17.34208467013,22.30595155279,
    23.287064840585));
#4506 = CARTESIAN_POINT('',(-17.34952059815,22.333594665022,
    23.269020306628));
#4507 = CARTESIAN_POINT('',(-17.35697387488,22.361286603742,
    23.251080175378));
#4508 = CARTESIAN_POINT('',(-17.37919134403,22.443841710871,
    23.197989087208));
#4509 = CARTESIAN_POINT('',(-17.393998298,22.498850258487,
    23.163136086545));
#4510 = CARTESIAN_POINT('',(-17.40888975974,22.554088339943,
    23.128650870962));
#4511 = CARTESIAN_POINT('',(-17.42386273005,22.609554326992,
    23.094552723864));
#4512 = CARTESIAN_POINT('',(-17.43890254024,22.665243561781,
    23.060857321485));
#4513 = CARTESIAN_POINT('',(-17.45399446968,22.721155279495,
    23.02756432869));
#4514 = CARTESIAN_POINT('',(-17.46912887392,22.777288034779,
    22.994664353053));
#4515 = CARTESIAN_POINT('',(-17.48430192646,22.833633948108,
    22.962150181022));
#4516 = CARTESIAN_POINT('',(-17.49951381962,22.890177759901,
    22.930022889603));
#4517 = CARTESIAN_POINT('',(-17.51476606385,22.946902426325,
    22.89828915726));
#4518 = CARTESIAN_POINT('',(-17.53005925579,23.003798646596,
    22.866951753914));
#4519 = CARTESIAN_POINT('',(-17.54539248327,23.060871462896,
    22.836000924985));
#4520 = CARTESIAN_POINT('',(-17.56076527135,23.118132737113,
    22.805420046086));
#4521 = CARTESIAN_POINT('',(-17.589673081,23.225816508324,
    22.748803633385));
#4522 = CARTESIAN_POINT('',(-17.60319512853,23.276200808142,
    22.722674662774));
#4523 = CARTESIAN_POINT('',(-17.61674884786,23.326716374529,
    22.696836589856));
#4524 = CARTESIAN_POINT('',(-17.63033383728,23.377361995234,
    22.671288352627));
#4525 = CARTESIAN_POINT('',(-17.64394942433,23.428135929419,
    22.646028954992));
#4526 = CARTESIAN_POINT('',(-17.65759472795,23.479036003667,
    22.621057431376));
#4527 = CARTESIAN_POINT('',(-17.67126874642,23.530059742644,
    22.596372844012));
#4528 = CARTESIAN_POINT('',(-17.6849704073,23.581204448772,
    22.57197423218));
#4529 = CARTESIAN_POINT('',(-17.69869866492,23.632467345608,
    22.547860621444));
#4530 = CARTESIAN_POINT('',(-17.712452547,23.683845653199,
    22.524030968861));
#4531 = CARTESIAN_POINT('',(-17.72623124787,23.73533672563,
    22.500484166691));
#4532 = CARTESIAN_POINT('',(-17.74003418526,23.786938139995,
    22.477219000449));
#4533 = CARTESIAN_POINT('',(-17.75386108118,23.83864781755,
    22.45423413718));
#4534 = CARTESIAN_POINT('',(-17.78875188469,23.969174091086,
    22.397037188206));
#4535 = CARTESIAN_POINT('',(-17.80984681729,24.048130705184,
    22.363189444486));
#4536 = CARTESIAN_POINT('',(-17.83099469635,24.127326396694,
    22.329980779774));
#4537 = CARTESIAN_POINT('',(-17.85219343827,24.206753762239,
    22.297407004659));
#4538 = CARTESIAN_POINT('',(-17.87344100798,24.286405569488,
    22.265463828024));
#4539 = CARTESIAN_POINT('',(-17.89473541642,24.366274753466,
    22.234146853648));
#4540 = CARTESIAN_POINT('',(-17.91607472476,24.446354422536,
    22.203451585727));
#4541 = CARTESIAN_POINT('',(-17.93745703871,24.526637850496,
    22.17337342157));
#4542 = CARTESIAN_POINT('',(-17.95888051483,24.607118485271,
    22.143907659643));
#4543 = CARTESIAN_POINT('',(-17.9803433547,24.687789940861,
    22.115049492103));
#4544 = CARTESIAN_POINT('',(-18.00184380946,24.768646003661,
    22.086794010674));
#4545 = CARTESIAN_POINT('',(-18.02338017682,24.849680628252,
    22.059136202721));
#4546 = CARTESIAN_POINT('',(-18.04495080271,24.930887939771,
    22.032070953467));
#4547 = CARTESIAN_POINT('',(-18.12946343933,25.249226486204,
    21.928488623014));
#4548 = CARTESIAN_POINT('',(-18.19265707372,25.487617660898,
    21.856364225157));
#4549 = CARTESIAN_POINT('',(-18.25603234102,25.727148233405,
    21.789127244546));
#4550 = CARTESIAN_POINT('',(-18.31977649193,25.968264783537,
    21.726506441939));
#4551 = CARTESIAN_POINT('',(-18.38337803609,26.20957509059,
    21.66867380984));
#4552 = CARTESIAN_POINT('',(-18.4474187666,26.452564647708,
    21.615094416424));
#4553 = CARTESIAN_POINT('',(-18.51142928192,26.696129665052,
    21.565872082287));
#4554 = CARTESIAN_POINT('',(-18.57540348032,26.939980520742,
    21.520886943674));
#4555 = CARTESIAN_POINT('',(-18.63961000785,27.184888626754,
    21.479771434451));
#4556 = CARTESIAN_POINT('',(-18.7036924069,27.430184865548,
    21.442518900585));
#4557 = CARTESIAN_POINT('',(-18.76783341268,27.675815658766,
    21.408928760133));
#4558 = CARTESIAN_POINT('',(-18.8319191986,27.921937239475,
    21.378783827367));
#4559 = CARTESIAN_POINT('',(-18.89596629206,28.168327445325,
    21.351930261692));
#4560 = CARTESIAN_POINT('',(-19.01451565854,28.625386440697,
    21.307892327158));
#4561 = CARTESIAN_POINT('',(-19.06903939799,28.835974442165,
    21.289867393304));
#4562 = CARTESIAN_POINT('',(-19.12350358616,29.046722219154,
    21.273970403093));
#4563 = CARTESIAN_POINT('',(-19.17789914461,29.257604345166,
    21.26007755007));
#4564 = CARTESIAN_POINT('',(-19.23221800591,29.468598551417,
    21.248061470304));
#4565 = CARTESIAN_POINT('',(-19.28645246909,29.679684415928,
    21.237791725093));
#4566 = CARTESIAN_POINT('',(-19.34059556413,29.890844518795,
    21.229134764677));
#4567 = CARTESIAN_POINT('',(-19.39464152894,30.102065521582,
    21.2219538136));
#4568 = CARTESIAN_POINT('',(-19.44858594502,30.313337859273,
    21.216109044382));
#4569 = CARTESIAN_POINT('',(-19.50242531323,30.52465365284,
    21.211458109913));
#4570 = CARTESIAN_POINT('',(-19.55615632198,30.736003723327,
    21.207857060815));
#4571 = CARTESIAN_POINT('',(-19.60977529706,30.947375510432,
    21.205161379925));
#4572 = CARTESIAN_POINT('',(-19.66327876221,31.158754924998,
    21.203226788482));
#4573 = CARTESIAN_POINT('',(-19.71666632596,31.370136161205,
    21.201909237644));
#4574 = CARTESIAN_POINT('',(-17.70092568724,20.003702748997,
    25.126787266349));
#4575 = CARTESIAN_POINT('',(-17.70382306689,20.015292267574,
    25.116495877086));
#4576 = CARTESIAN_POINT('',(-17.7067216248,20.026886499241,
    25.106200302643));
#4577 = CARTESIAN_POINT('',(-17.70962122996,20.038484919851,
    25.095901008454));
#4578 = CARTESIAN_POINT('',(-17.71252175118,20.050087004724,
    25.085598460433));
#4579 = CARTESIAN_POINT('',(-17.71542305717,20.061692228717,
    25.075293124901));
#4580 = CARTESIAN_POINT('',(-17.71832501657,20.073300066311,
    25.064985468516));
#4581 = CARTESIAN_POINT('',(-17.72122749792,20.084909991684,
    25.054675958201));
#4582 = CARTESIAN_POINT('',(-17.72413036969,20.096521478793,
    25.044365061078));
#4583 = CARTESIAN_POINT('',(-17.72703350036,20.108134001456,
    25.034053244392));
#4584 = CARTESIAN_POINT('',(-17.72993675835,20.119747033427,
    25.023740975446));
#4585 = CARTESIAN_POINT('',(-17.73284001211,20.131360048476,
    25.013428721526));
#4586 = CARTESIAN_POINT('',(-17.73574313011,20.142972520474,
    25.003116949831));
#4587 = CARTESIAN_POINT('',(-17.73864598086,20.154583923464,
    24.992806127405));
#4588 = CARTESIAN_POINT('',(-17.74707621448,20.188304857958,
    24.962862237946));
#4589 = CARTESIAN_POINT('',(-17.75161286556,20.206451462259,
    24.946950587471));
#4590 = CARTESIAN_POINT('',(-17.75530570915,20.221222836598,
    24.934019166954));
#4591 = CARTESIAN_POINT('',(-17.75831364585,20.23325458341,
    24.923501546998));
#4592 = CARTESIAN_POINT('',(-17.76078118047,20.243124721902,
    24.914895886943));
#4593 = CARTESIAN_POINT('',(-17.76283406807,20.251336272329,
    24.907747651035));
#4594 = CARTESIAN_POINT('',(-17.76458192733,20.258327709337,
    24.901659762202));
#4595 = CARTESIAN_POINT('',(-17.76612016414,20.26448065659,
    24.896299590075));
#4596 = CARTESIAN_POINT('',(-17.76752915959,20.27011663836,
    24.891395596831));
#4597 = CARTESIAN_POINT('',(-17.76887220662,20.27548882652,
    24.886729577897));
#4598 = CARTESIAN_POINT('',(-17.77019483956,20.280779358275,
    24.882134256468));
#4599 = CARTESIAN_POINT('',(-17.77152689794,20.286107591786,
    24.877500844625));
#4600 = CARTESIAN_POINT('',(-17.77288484655,20.291539386222,
    24.872787264566));
#4601 = CARTESIAN_POINT('',(-17.77724309376,20.308972375073,
    24.857660236103));
#4602 = CARTESIAN_POINT('',(-17.78032714043,20.321308561727,
    24.84696475668));
#4603 = CARTESIAN_POINT('',(-17.78350160032,20.334006401308,
    24.835973812067));
#4604 = CARTESIAN_POINT('',(-17.78674188077,20.346967523076,
    24.824756808343));
#4605 = CARTESIAN_POINT('',(-17.79004364955,20.36017459822,
    24.813334316682));
#4606 = CARTESIAN_POINT('',(-17.79340183747,20.373607349897,
    24.80173413727));
#4607 = CARTESIAN_POINT('',(-17.79679857525,20.387194301028,
    24.790015541641));
#4608 = CARTESIAN_POINT('',(-17.80021407866,20.400856314651,
    24.778234039179));
#4609 = CARTESIAN_POINT('',(-17.80364704164,20.414588166571,
    24.766387195708));
#4610 = CARTESIAN_POINT('',(-17.8071211324,20.4284845296,24.754404266666
    ));
#4611 = CARTESIAN_POINT('',(-17.81066192371,20.442647694873,
    24.742217957346));
#4612 = CARTESIAN_POINT('',(-17.8142542347,20.457016938814,
    24.729884763306));
#4613 = CARTESIAN_POINT('',(-17.81783361321,20.471334452866,
    24.71760037552));
#4614 = CARTESIAN_POINT('',(-17.82736906766,20.509476270672,
    24.684934549106));
#4615 = CARTESIAN_POINT('',(-17.83331861185,20.533274447428,
    24.664607256137));
#4616 = CARTESIAN_POINT('',(-17.83928322449,20.557132897982,
    24.6442684843));
#4617 = CARTESIAN_POINT('',(-17.84516825989,20.580673039559,
    24.624290661196));
#4618 = CARTESIAN_POINT('',(-17.85099332796,20.603973311854,
    24.604557568418));
#4619 = CARTESIAN_POINT('',(-17.85680179189,20.627207167594,
    24.584914376795));
#4620 = CARTESIAN_POINT('',(-17.8625992032,20.650396812801,
    24.565388837202));
#4621 = CARTESIAN_POINT('',(-17.86836971572,20.673478862906,
    24.546049528991));
#4622 = CARTESIAN_POINT('',(-17.87411290411,20.69645161646,
    24.526844844536));
#4623 = CARTESIAN_POINT('',(-17.8798484392,20.71939375683,
    24.507657836482));
#4624 = CARTESIAN_POINT('',(-17.88558991996,20.742359679863,
    24.4884787674));
#4625 = CARTESIAN_POINT('',(-17.89133393055,20.765335722221,
    24.469383714413));
#4626 = CARTESIAN_POINT('',(-17.89709286023,20.78837144095,
    24.450243054398));
#4627 = CARTESIAN_POINT('',(-17.91174454867,20.846978194687,
    24.401659925003));
#4628 = CARTESIAN_POINT('',(-17.92066740152,20.882669606108,
    24.372137820179));
#4629 = CARTESIAN_POINT('',(-17.92962888751,20.918515550067,
    24.342653935945));
#4630 = CARTESIAN_POINT('',(-17.93860312558,20.954412502325,
    24.313152710773));
#4631 = CARTESIAN_POINT('',(-17.94759439633,20.990377585375,
    24.283633151409));
#4632 = CARTESIAN_POINT('',(-17.95661232291,21.026449291609,
    24.25414866435));
#4633 = CARTESIAN_POINT('',(-17.96564845206,21.062593808299,
    24.224749726071));
#4634 = CARTESIAN_POINT('',(-17.97467981546,21.098719261799,
    24.195451297074));
#4635 = CARTESIAN_POINT('',(-17.98369234957,21.134769398313,
    24.166239795032));
#4636 = CARTESIAN_POINT('',(-17.99269970268,21.170798810708,
    24.137101391015));
#4637 = CARTESIAN_POINT('',(-18.00173373949,21.206934957996,
    24.108044809316));
#4638 = CARTESIAN_POINT('',(-18.01080487295,21.243219491815,
    24.079098375161));
#4639 = CARTESIAN_POINT('',(-18.01987589857,21.279503594306,
    24.050273660936));
#4640 = CARTESIAN_POINT('',(-18.03128187518,21.325127500731,
    24.014162995576));
#4641 = CARTESIAN_POINT('',(-18.03359957335,21.334398293422,
    24.006832155363));
#4642 = CARTESIAN_POINT('',(-18.03591823717,21.34367294869,
    23.999505180939));
#4643 = CARTESIAN_POINT('',(-18.03823785778,21.352951431146,
    23.992182079429));
#4644 = CARTESIAN_POINT('',(-18.04055841706,21.362233668228,
    23.984862802323));
#4645 = CARTESIAN_POINT('',(-18.04287988713,21.371519548581,
    23.977547246779));
#4646 = CARTESIAN_POINT('',(-18.04520222989,21.380808919561,
    23.970235257592));
#4647 = CARTESIAN_POINT('',(-18.04752539649,21.390101586012,
    23.962926628149));
#4648 = CARTESIAN_POINT('',(-18.04984932686,21.399397307452,
    23.955621102669));
#4649 = CARTESIAN_POINT('',(-18.05217394923,21.408695796948,
    23.948318377035));
#4650 = CARTESIAN_POINT('',(-18.05449917961,21.417996718442,
    23.941018100933));
#4651 = CARTESIAN_POINT('',(-18.05682492132,21.427299685282,
    23.933719878944));
#4652 = CARTESIAN_POINT('',(-18.05915106448,21.43660425795,
    23.926423272341));
#4653 = CARTESIAN_POINT('',(-18.06649077027,21.465963081097,
    23.903406537488));
#4654 = CARTESIAN_POINT('',(-18.0714957557,21.485983022827,
    23.887638827627));
#4655 = CARTESIAN_POINT('',(-18.07650230872,21.506009234889,
    23.871897089128));
#4656 = CARTESIAN_POINT('',(-18.08146479749,21.525859189985,
    23.855840039328));
#4657 = CARTESIAN_POINT('',(-18.08654972422,21.5461988969,23.84067862336
    ));
#4658 = CARTESIAN_POINT('',(-18.09133824188,21.565352967555,
    23.823414211158));
#4659 = CARTESIAN_POINT('',(-18.09664262722,21.586570508884,
    23.809758665223));
#4660 = CARTESIAN_POINT('',(-18.10124470479,21.604978819171,
    23.791238972147));
#4661 = CARTESIAN_POINT('',(-18.10660012756,21.626400510238,
    23.777852659176));
#4662 = CARTESIAN_POINT('',(-18.11132298437,21.645291937508,
    23.760270653076));
#4663 = CARTESIAN_POINT('',(-18.11646153945,21.665846157808,
    23.745339695908));
#4664 = CARTESIAN_POINT('',(-18.12141281662,21.685651266487,
    23.729251144158));
#4665 = CARTESIAN_POINT('',(-18.12642400665,21.705696026619,
    23.71350324851));
#4666 = CARTESIAN_POINT('',(-18.13377828096,21.735113123878,
    23.690536325954));
#4667 = CARTESIAN_POINT('',(-18.13611287108,21.744451484326,
    23.683273677147));
#4668 = CARTESIAN_POINT('',(-18.1384507868,21.753803147217,
    23.676028528075));
#4669 = CARTESIAN_POINT('',(-18.14079198987,21.7631679595,
    23.668800761481));
#4670 = CARTESIAN_POINT('',(-18.14313644301,21.772545772067,
    23.661590259827));
#4671 = CARTESIAN_POINT('',(-18.14548410997,21.781936439879,
    23.654396905207));
#4672 = CARTESIAN_POINT('',(-18.14783495557,21.791339822327,
    23.647220579045));
#4673 = CARTESIAN_POINT('',(-18.1501889458,21.800755783207,
    23.640061162121));
#4674 = CARTESIAN_POINT('',(-18.1525460478,21.810184191234,
    23.632918534188));
#4675 = CARTESIAN_POINT('',(-18.15490622998,21.819624919922,
    23.625792574021));
#4676 = CARTESIAN_POINT('',(-18.15726946202,21.8290778481,
    23.618683159086));
#4677 = CARTESIAN_POINT('',(-18.15963571497,21.838542859889,
    23.611590165496));
#4678 = CARTESIAN_POINT('',(-18.16200496126,21.848019845068,
    23.604513467786));
#4679 = CARTESIAN_POINT('',(-18.17095015101,21.883800604042,
    23.577889485315));
#4680 = CARTESIAN_POINT('',(-18.17754683672,21.910187346885,
    23.558456620063));
#4681 = CARTESIAN_POINT('',(-18.18416436229,21.936657449191,
    23.539137138929));
#4682 = CARTESIAN_POINT('',(-18.19080263174,21.96321052698,
    23.519933012606));
#4683 = CARTESIAN_POINT('',(-18.19746218176,21.989848727057,
    23.500849916811));
#4684 = CARTESIAN_POINT('',(-18.20414295894,22.0165718358,
    23.481889301728));
#4685 = CARTESIAN_POINT('',(-18.21084387977,22.043375519076,
    23.463046054188));
#4686 = CARTESIAN_POINT('',(-18.2175630024,22.070252009624,
    23.444309934091));
#4687 = CARTESIAN_POINT('',(-18.22429810188,22.097192407543,
    23.425669092423));
#4688 = CARTESIAN_POINT('',(-18.23104740386,22.124189615473,
    23.407114098498));
#4689 = CARTESIAN_POINT('',(-18.23781019307,22.151240772286,
    23.388641018377));
#4690 = CARTESIAN_POINT('',(-18.24458697473,22.178347898944,
    23.370252196664));
#4691 = CARTESIAN_POINT('',(-18.25137882813,22.20551531253,
    23.351953503337));
#4692 = CARTESIAN_POINT('',(-18.27161981913,22.286479276549,
    23.297813020878));
#4693 = CARTESIAN_POINT('',(-18.28511221041,22.340448841644,
    23.262240808195));
#4694 = CARTESIAN_POINT('',(-18.29865845277,22.394633811109,
    23.227007580906));
#4695 = CARTESIAN_POINT('',(-18.31226080733,22.449043229335,
    23.192130120359));
#4696 = CARTESIAN_POINT('',(-18.32592234999,22.503689399971,
    23.157631239362));
#4697 = CARTESIAN_POINT('',(-18.33964459887,22.558578395492,
    23.123525132756));
#4698 = CARTESIAN_POINT('',(-18.35342710581,22.613708423247,
    23.089814723093));
#4699 = CARTESIAN_POINT('',(-18.36726802394,22.669072095761,
    23.056495254705));
#4700 = CARTESIAN_POINT('',(-18.38116498734,22.724659949367,
    23.023559631442));
#4701 = CARTESIAN_POINT('',(-18.39511589046,22.78046356186,
    22.991002403062));
#4702 = CARTESIAN_POINT('',(-18.40911933025,22.836477321022,
    22.958820864375));
#4703 = CARTESIAN_POINT('',(-18.42317457444,22.892698297761,
    22.927013430866));
#4704 = CARTESIAN_POINT('',(-18.43728094286,22.949123771454,
    22.895577286028));
#4705 = CARTESIAN_POINT('',(-18.46380570143,23.05522280575,
    22.837361572332));
#4706 = CARTESIAN_POINT('',(-18.4762128501,23.104851400439,
    22.810495899343));
#4707 = CARTESIAN_POINT('',(-18.48865736608,23.154629464344,
    22.783912056213));
#4708 = CARTESIAN_POINT('',(-18.50113871407,23.204554856292,
    22.757609868731));
#4709 = CARTESIAN_POINT('',(-18.51365634696,23.254625387827,
    22.731589128525));
#4710 = CARTESIAN_POINT('',(-18.52620971073,23.304838842962,
    22.70584956389));
#4711 = CARTESIAN_POINT('',(-18.53879824709,23.355192988359,
    22.680390815689));
#4712 = CARTESIAN_POINT('',(-18.55142139385,23.40568557544,
    22.655212418189));
#4713 = CARTESIAN_POINT('',(-18.56407858301,23.456314332046,
    22.630313784617));
#4714 = CARTESIAN_POINT('',(-18.57676923663,23.507076946565,
    22.605694197167));
#4715 = CARTESIAN_POINT('',(-18.58949276031,23.557971041257,
    22.581352801424));
#4716 = CARTESIAN_POINT('',(-18.60224853443,23.608994137723,
    22.557288604781));
#4717 = CARTESIAN_POINT('',(-18.61503590303,23.660143612131,
    22.533500478901));
#4718 = CARTESIAN_POINT('',(-18.6472958156,23.789183262416,
    22.47432414937));
#4719 = CARTESIAN_POINT('',(-18.66680913,23.867236520035,22.43929286055)
  );
#4720 = CARTESIAN_POINT('',(-18.68639212745,23.945568509807,
    22.40489044195));
#4721 = CARTESIAN_POINT('',(-18.70604286378,24.024171455137,
    22.371113900293));
#4722 = CARTESIAN_POINT('',(-18.72575942638,24.103037705546,
    22.337960108405));
#4723 = CARTESIAN_POINT('',(-18.7455399336,24.182159734399,
    22.305425807159));
#4724 = CARTESIAN_POINT('',(-18.76538253422,24.261530136888,
    22.273507607265));
#4725 = CARTESIAN_POINT('',(-18.78528540692,24.341141627698,
    22.24220199111));
#4726 = CARTESIAN_POINT('',(-18.80524675973,24.420987038954,
    22.211505314412));
#4727 = CARTESIAN_POINT('',(-18.82526482948,24.501059317926,
    22.181413807909));
#4728 = CARTESIAN_POINT('',(-18.84533788121,24.581351524879,
    22.151923578924));
#4729 = CARTESIAN_POINT('',(-18.8654642077,24.661856830835,
    22.123030612891));
#4730 = CARTESIAN_POINT('',(-18.88564212884,24.742568515367,
    22.094730774814));
#4731 = CARTESIAN_POINT('',(-18.96458426761,25.058337070445,
    21.986584755699));
#4732 = CARTESIAN_POINT('',(-19.02373237898,25.294929515934,
    21.911091824505));
#4733 = CARTESIAN_POINT('',(-19.08323788284,25.532951531385,
    21.840499710401));
#4734 = CARTESIAN_POINT('',(-19.14322437988,25.772897519558,
    21.77447021142));
#4735 = CARTESIAN_POINT('',(-19.20327003363,26.013080134538,
    21.713407764101));
#4736 = CARTESIAN_POINT('',(-19.2638981918,26.255592767234,
    21.656455758703));
#4737 = CARTESIAN_POINT('',(-19.32462470957,26.498498838296,
    21.604091883865));
#4738 = CARTESIAN_POINT('',(-19.38549727937,26.741989117531,
    21.556035854613));
#4739 = CARTESIAN_POINT('',(-19.44675507905,26.987020316199,
    21.511812110481));
#4740 = CARTESIAN_POINT('',(-19.50803208995,27.232128359853,
    21.471768504157));
#4741 = CARTESIAN_POINT('',(-19.56951741114,27.478069644589,
    21.43534444483));
#4742 = CARTESIAN_POINT('',(-19.63111098333,27.724443933355,
    21.40258709431));
#4743 = CARTESIAN_POINT('',(-19.69280616004,27.971224640181,
    21.373229749349));
#4744 = CARTESIAN_POINT('',(-19.80713918879,28.428556755194,
    21.324893208711));
#4745 = CARTESIAN_POINT('',(-19.85976788132,28.639071525308,
    21.305008325669));
#4746 = CARTESIAN_POINT('',(-19.91245942905,28.849837716233,
    21.287345570183));
#4747 = CARTESIAN_POINT('',(-19.96520426284,29.060817051351,
    21.271786601462));
#4748 = CARTESIAN_POINT('',(-20.01799351552,29.271974062113,
    21.258208625406));
#4749 = CARTESIAN_POINT('',(-20.0708188137,29.483275254792,
    21.24648520461));
#4750 = CARTESIAN_POINT('',(-20.1236725777,29.694690310844,21.2364861974
    ));
#4751 = CARTESIAN_POINT('',(-20.17654825989,29.90619303957,
    21.228077533384));
#4752 = CARTESIAN_POINT('',(-20.22944023594,30.117760943775,
    21.221121272014));
#4753 = CARTESIAN_POINT('',(-20.28234332707,30.329373308307,
    21.215476141802));
#4754 = CARTESIAN_POINT('',(-20.33525216505,30.541008660203,
    21.210998522112));
#4755 = CARTESIAN_POINT('',(-20.38816082701,30.752643308059,
    21.207543594715));
#4756 = CARTESIAN_POINT('',(-20.44106335534,30.964253421372,
    21.204966162315));
#4757 = CARTESIAN_POINT('',(-20.49395594713,31.175823788527,
    21.203120397311));
#4758 = CARTESIAN_POINT('',(-17.55336223671,19.413448946845,
    24.408196262853));
#4759 = CARTESIAN_POINT('',(-17.55630381198,19.425215247936,
    24.397959031228));
#4760 = CARTESIAN_POINT('',(-17.55924309434,19.436972377383,
    24.387729779359));
#4761 = CARTESIAN_POINT('',(-17.5621800838,19.448720335189,
    24.377508507246));
#4762 = CARTESIAN_POINT('',(-17.56511478034,19.460459121351,
    24.367295214891));
#4763 = CARTESIAN_POINT('',(-17.56804718397,19.472188735871,
    24.357089902292));
#4764 = CARTESIAN_POINT('',(-17.57097729469,19.483909178749,
    24.34689256945));
#4765 = CARTESIAN_POINT('',(-17.5739051125,19.495620449984,
    24.336703216365));
#4766 = CARTESIAN_POINT('',(-17.5768306374,19.507322549577,
    24.326521843036));
#4767 = CARTESIAN_POINT('',(-17.57975386938,19.519015477527,
    24.316348449464));
#4768 = CARTESIAN_POINT('',(-17.58267480846,19.530699233835,
    24.306183035649));
#4769 = CARTESIAN_POINT('',(-17.58559345462,19.5423738185,24.29602560159
    ));
#4770 = CARTESIAN_POINT('',(-17.58850980788,19.554039231522,
    24.285876147288));
#4771 = CARTESIAN_POINT('',(-17.59142386822,19.565695472902,
    24.275734672743));
#4772 = CARTESIAN_POINT('',(-17.59988273978,19.599530959155,
    24.246296219009));
#4773 = CARTESIAN_POINT('',(-17.60441097055,19.617643882149,
    24.230608698065));
#4774 = CARTESIAN_POINT('',(-17.6080872207,19.632348882956,
    24.217894469301));
#4775 = CARTESIAN_POINT('',(-17.61107745511,19.644309820228,
    24.207565348968));
#4776 = CARTESIAN_POINT('',(-17.61352352949,19.654094118301,
    24.199125970117));
#4777 = CARTESIAN_POINT('',(-17.61555405097,19.66221620357,
    24.192126298999));
#4778 = CARTESIAN_POINT('',(-17.61729254669,19.669170187054,
    24.186135066544));
#4779 = CARTESIAN_POINT('',(-17.61885183027,19.675407320901,
    24.180761436154));
#4780 = CARTESIAN_POINT('',(-17.62031991325,19.681279653091,
    24.175702858188));
#4781 = CARTESIAN_POINT('',(-17.62175018588,19.687000743515,
    24.170776382383));
#4782 = CARTESIAN_POINT('',(-17.62316679996,19.692667199875,
    24.165898575451));
#4783 = CARTESIAN_POINT('',(-17.62458530417,19.698341216714,
    24.161015744849));
#4784 = CARTESIAN_POINT('',(-17.62602855078,19.704114203156,
    24.156051307052));
#4785 = CARTESIAN_POINT('',(-17.63063827796,19.722553111863,
    24.140202353773));
#4786 = CARTESIAN_POINT('',(-17.63387141212,19.735485648467,
    24.129098554504));
#4787 = CARTESIAN_POINT('',(-17.63718017335,19.748720693462,
    24.117746826673));
#4788 = CARTESIAN_POINT('',(-17.6405449129,19.762179651486,
    24.106215582506));
#4789 = CARTESIAN_POINT('',(-17.64396398211,19.775855928647,
    24.094511556015));
#4790 = CARTESIAN_POINT('',(-17.64743417824,19.789736712697,
    24.082646247373));
#4791 = CARTESIAN_POINT('',(-17.65093960682,19.803758427625,
    24.070674389036));
#4792 = CARTESIAN_POINT('',(-17.65446258383,19.817850335033,
    24.05865738351));
#4793 = CARTESIAN_POINT('',(-17.65800341511,19.832013660695,
    24.046596066348));
#4794 = CARTESIAN_POINT('',(-17.66158639018,19.846345560607,
    24.034409865802));
#4795 = CARTESIAN_POINT('',(-17.66523704605,19.860948184286,
    24.022013374466));
#4796 = CARTESIAN_POINT('',(-17.66894076745,19.875763069803,
    24.009456614245));
#4797 = CARTESIAN_POINT('',(-17.67263502246,19.890540089847,
    23.996951773441));
#4798 = CARTESIAN_POINT('',(-17.68248442098,19.929937683965,
    23.963665746209));
#4799 = CARTESIAN_POINT('',(-17.68863675216,19.954547008585,
    23.942928042401));
#4800 = CARTESIAN_POINT('',(-17.69482133113,19.979285324787,
    23.922140420345));
#4801 = CARTESIAN_POINT('',(-17.70096541459,20.003861657815,
    23.901539799531));
#4802 = CARTESIAN_POINT('',(-17.70704172123,20.028166885869,
    23.881220394617));
#4803 = CARTESIAN_POINT('',(-17.7130758186,20.052303273158,
    23.861097048714));
#4804 = CARTESIAN_POINT('',(-17.7190987743,20.076395098622,
    23.841058751789));
#4805 = CARTESIAN_POINT('',(-17.72511255593,20.100450222494,
    23.821090331344));
#4806 = CARTESIAN_POINT('',(-17.73109812877,20.12439251599,
    23.801252350022));
#4807 = CARTESIAN_POINT('',(-17.73705089405,20.148203575707,
    23.781562864278));
#4808 = CARTESIAN_POINT('',(-17.74299822762,20.171992910744,
    23.761932697093));
#4809 = CARTESIAN_POINT('',(-17.74896338538,20.195853541483,
    23.742282132939));
#4810 = CARTESIAN_POINT('',(-17.75491213722,20.21964854893,
    23.722724270842));
#4811 = CARTESIAN_POINT('',(-17.77003786392,20.280151455689,
    23.67309418863));
#4812 = CARTESIAN_POINT('',(-17.77923557011,20.316942280525,
    23.64300525128));
#4813 = CARTESIAN_POINT('',(-17.78849213113,20.3539685244,
    23.612821301384));
#4814 = CARTESIAN_POINT('',(-17.79775907943,20.391036317987,
    23.582688133419));
#4815 = CARTESIAN_POINT('',(-17.80702973796,20.428118951492,
    23.552637208707));
#4816 = CARTESIAN_POINT('',(-17.81632167543,20.465286702104,
    23.522623868483));
#4817 = CARTESIAN_POINT('',(-17.82564098186,20.502563927133,
    23.492627981496));
#4818 = CARTESIAN_POINT('',(-17.83497359865,20.539894394827,23.462687778
    ));
#4819 = CARTESIAN_POINT('',(-17.84430386528,20.577215461034,
    23.432856416603));
#4820 = CARTESIAN_POINT('',(-17.85363654464,20.614546178606,
    23.403137324597));
#4821 = CARTESIAN_POINT('',(-17.86299598524,20.651983940977,
    23.373468696106));
#4822 = CARTESIAN_POINT('',(-17.87239465652,20.689578626092,
    23.343789589679));
#4823 = CARTESIAN_POINT('',(-17.88180314427,20.727212577113,
    23.314129943889));
#4824 = CARTESIAN_POINT('',(-17.89361394161,20.774455766438,
    23.27697749117));
#4825 = CARTESIAN_POINT('',(-17.89601274175,20.78405096714,
    23.269435497433));
#4826 = CARTESIAN_POINT('',(-17.89841054431,20.793642176924,
    23.261900086738));
#4827 = CARTESIAN_POINT('',(-17.90080681282,20.803227252015,
    23.254372631534));
#4828 = CARTESIAN_POINT('',(-17.90320108865,20.812804353459,
    23.24685426894));
#4829 = CARTESIAN_POINT('',(-17.90559298452,20.822371939571,
    23.239345892336));
#4830 = CARTESIAN_POINT('',(-17.90798219486,20.831928777951,
    23.231848164777));
#4831 = CARTESIAN_POINT('',(-17.91036848208,20.841473929626,
    23.224361501227));
#4832 = CARTESIAN_POINT('',(-17.91275169188,20.851006766657,
    23.216886088372));
#4833 = CARTESIAN_POINT('',(-17.91513173877,20.86052695557,
    23.20942186588));
#4834 = CARTESIAN_POINT('',(-17.9175086177,20.870034470601,
    23.201968541464));
#4835 = CARTESIAN_POINT('',(-17.91988239616,20.879529584732,
    23.194525580628));
#4836 = CARTESIAN_POINT('',(-17.92225321869,20.889012874771,
    23.187092212514));
#4837 = CARTESIAN_POINT('',(-17.92972438882,20.918897555302,
    23.163667458049));
#4838 = CARTESIAN_POINT('',(-17.93478982297,20.93915929192,
    23.14778656351));
#4839 = CARTESIAN_POINT('',(-17.9400808835,20.960323533866,
    23.131209207301));
#4840 = CARTESIAN_POINT('',(-17.94411959056,20.976478362592,
    23.118583518227));
#4841 = CARTESIAN_POINT('',(-17.95229014733,21.00916058875,
    23.093025004954));
#4842 = CARTESIAN_POINT('',(-17.95065520786,21.002620832255,
    23.098282683664));
#4843 = CARTESIAN_POINT('',(-17.96607362617,21.064294503793,
    23.050060578905));
#4844 = CARTESIAN_POINT('',(-17.95963519509,21.038540781217,
    23.070548529234));
#4845 = CARTESIAN_POINT('',(-17.97313519412,21.09254077587,
    23.028436465413));
#4846 = CARTESIAN_POINT('',(-17.97435250388,21.097410015922,
    23.025075036455));
#4847 = CARTESIAN_POINT('',(-17.98084910274,21.123396410803,
    23.00516842538));
#4848 = CARTESIAN_POINT('',(-17.98588889943,21.143555597806,
    22.989964384831));
#4849 = CARTESIAN_POINT('',(-17.99129241749,21.165169669956,
    22.973751704463));
#4850 = CARTESIAN_POINT('',(-17.9992556724,21.197022689614,
    22.950034005485));
#4851 = CARTESIAN_POINT('',(-18.0017942317,21.207176926806,
    22.942498007976));
#4852 = CARTESIAN_POINT('',(-18.00434664896,21.217386595859,
    22.934945585063));
#4853 = CARTESIAN_POINT('',(-18.00691329939,21.227653197659,
    22.927375646062));
#4854 = CARTESIAN_POINT('',(-18.00949440272,21.237977610714,
    22.919787570591));
#4855 = CARTESIAN_POINT('',(-18.01209002251,21.248360090333,
    22.912181207656));
#4856 = CARTESIAN_POINT('',(-18.01470006768,21.258800270389,
    22.90455687756));
#4857 = CARTESIAN_POINT('',(-18.01732429001,21.269297160393,
    22.896915368792));
#4858 = CARTESIAN_POINT('',(-18.01996228741,21.279849149404,
    22.889257942126));
#4859 = CARTESIAN_POINT('',(-18.02261350039,21.290454001732,
    22.88158632617));
#4860 = CARTESIAN_POINT('',(-18.02527721523,21.301108860865,
    22.873902721389));
#4861 = CARTESIAN_POINT('',(-18.02795256161,21.311810246476,
    22.866209797072));
#4862 = CARTESIAN_POINT('',(-18.03063851407,21.322554056312,
    22.858510693226));
#4863 = CARTESIAN_POINT('',(-18.04080685967,21.363227438707,
    22.829456029515));
#4864 = CARTESIAN_POINT('',(-18.04833829481,21.39335317925,
    22.808127101352));
#4865 = CARTESIAN_POINT('',(-18.05582178886,21.423287155529,
    22.787125056435));
#4866 = CARTESIAN_POINT('',(-18.06325076706,21.453003068134,
    22.76646121207));
#4867 = CARTESIAN_POINT('',(-18.07065740847,21.482629634107,
    22.746033968826));
#4868 = CARTESIAN_POINT('',(-18.07807556111,21.512302244143,
    22.725737332584));
#4869 = CARTESIAN_POINT('',(-18.08552284465,21.542091378968,
    22.70551338574));
#4870 = CARTESIAN_POINT('',(-18.0929971449,21.571988579271,
    22.685362736905));
#4871 = CARTESIAN_POINT('',(-18.10048268778,21.601930751402,
    22.665326956144));
#4872 = CARTESIAN_POINT('',(-18.1079609019,21.631843607445,
    22.645457031657));
#4873 = CARTESIAN_POINT('',(-18.11542125475,21.661685019105,
    22.625781851355));
#4874 = CARTESIAN_POINT('',(-18.12286727105,21.691469084192,
    22.606290744415));
#4875 = CARTESIAN_POINT('',(-18.13031292193,21.721251687735,
    22.586944091294));
#4876 = CARTESIAN_POINT('',(-18.15248796857,21.809951874285,
    22.529754007345));
#4877 = CARTESIAN_POINT('',(-18.16722720935,21.868908837391,
    22.492303950883));
#4878 = CARTESIAN_POINT('',(-18.18206492536,21.928259701517,
    22.455153496708));
#4879 = CARTESIAN_POINT('',(-18.19698707541,21.987948301538,
    22.4183551039));
#4880 = CARTESIAN_POINT('',(-18.21197612855,22.047904514426,
    22.381969007171));
#4881 = CARTESIAN_POINT('',(-18.22703268723,22.108130748609,
    22.345997708177));
#4882 = CARTESIAN_POINT('',(-18.24216395595,22.168655824225,
    22.310415956767));
#4883 = CARTESIAN_POINT('',(-18.25736654223,22.22946616856,
    22.275219877159));
#4884 = CARTESIAN_POINT('',(-18.27262013954,22.290480558491,
    22.240448556037));
#4885 = CARTESIAN_POINT('',(-18.28789775402,22.351591015873,
    22.206161129995));
#4886 = CARTESIAN_POINT('',(-18.30318718885,22.412748755538,
    22.172382058899));
#4887 = CARTESIAN_POINT('',(-18.31850761602,22.474030464034,
    22.139056996736));
#4888 = CARTESIAN_POINT('',(-18.33389412187,22.535576487523,
    22.106091325949));
#4889 = CARTESIAN_POINT('',(-18.36280307102,22.65121228405,
    22.045119673233));
#4890 = CARTESIAN_POINT('',(-18.37632182928,22.705287317304,
    22.016996366145));
#4891 = CARTESIAN_POINT('',(-18.38987152732,22.759486108784,
    21.989195050501));
#4892 = CARTESIAN_POINT('',(-18.40345374085,22.813814964502,
    21.961710373896));
#4893 = CARTESIAN_POINT('',(-18.41706884576,22.868275381308,
    21.934539293379));
#4894 = CARTESIAN_POINT('',(-18.43071626209,22.922865050735,
    21.907680557869));
#4895 = CARTESIAN_POINT('',(-18.44439472482,22.977578896748,
    21.8811342223));
#4896 = CARTESIAN_POINT('',(-18.45810251533,23.03241006359,
    21.854901115106));
#4897 = CARTESIAN_POINT('',(-18.47183774191,23.087350965997,
    21.828982363982));
#4898 = CARTESIAN_POINT('',(-18.48559856795,23.142394272794,
    21.803378859433));
#4899 = CARTESIAN_POINT('',(-18.49938348796,23.197533951415,
    21.77809077519));
#4900 = CARTESIAN_POINT('',(-18.51319156617,23.252766264834,
    21.753117044222));
#4901 = CARTESIAN_POINT('',(-18.5270227,23.308090800017,21.728454864155)
  );
#4902 = CARTESIAN_POINT('',(-18.56192413724,23.44769654897,
    21.66710244662));
#4903 = CARTESIAN_POINT('',(-18.58302715338,23.532108613555,
    21.630811709839));
#4904 = CARTESIAN_POINT('',(-18.60418442264,23.616737690455,
    21.595222548083));
#4905 = CARTESIAN_POINT('',(-18.6253935555,23.701574222316,
    21.560330329323));
#4906 = CARTESIAN_POINT('',(-18.64665226972,23.786609078396,
    21.526130219056));
#4907 = CARTESIAN_POINT('',(-18.66795838757,23.871833550941,
    21.49261717703));
#4908 = CARTESIAN_POINT('',(-18.68930984042,23.957239361064,
    21.459785962568));
#4909 = CARTESIAN_POINT('',(-18.71070466261,24.042818650989,
    21.427631127518));
#4910 = CARTESIAN_POINT('',(-18.73214099822,24.128563992564,
    21.396147024025));
#4911 = CARTESIAN_POINT('',(-18.75361709479,24.214468379388,
    21.365327797312));
#4912 = CARTESIAN_POINT('',(-18.77513130826,24.300525232982,
    21.335167391367));
#4913 = CARTESIAN_POINT('',(-18.79668209966,24.386728398687,
    21.305659545136));
#4914 = CARTESIAN_POINT('',(-18.81826803699,24.473072147967,
    21.27679779468));
#4915 = CARTESIAN_POINT('',(-18.90284514199,24.811380567999,
    21.166391267061));
#4916 = CARTESIAN_POINT('',(-18.96608264471,25.064330578787,
    21.089637360497));
#4917 = CARTESIAN_POINT('',(-19.0295861606,25.318344642649,
    21.018171903545));
#4918 = CARTESIAN_POINT('',(-19.09302107256,25.572084289788,
    20.951992156701));
#4919 = CARTESIAN_POINT('',(-19.15760784919,25.83043139754,
    20.89003676022));
#4920 = CARTESIAN_POINT('',(-19.22046361187,26.081854446504,
    20.83439986521));
#4921 = CARTESIAN_POINT('',(-19.28527150637,26.341086026619,
    20.781840885485));
#4922 = CARTESIAN_POINT('',(-19.34979933324,26.599197331963,
    20.73405664861));
#4923 = CARTESIAN_POINT('',(-19.41275958046,26.8510383226,20.69187986907
    ));
#4924 = CARTESIAN_POINT('',(-19.47816934473,27.112677378478,
    20.651761882022));
#4925 = CARTESIAN_POINT('',(-19.54171797744,27.366871910013,
    20.61708238195));
#4926 = CARTESIAN_POINT('',(-19.60611028109,27.624441124292,
    20.58537463522));
#4927 = CARTESIAN_POINT('',(-19.67021535794,27.880861431782,
    20.557348922111));
#4928 = CARTESIAN_POINT('',(-19.78893575555,28.355743022203,
    20.511432927761));
#4929 = CARTESIAN_POINT('',(-19.84354506009,28.574180240485,
    20.492673327274));
#4930 = CARTESIAN_POINT('',(-19.89809306457,28.792372257982,
    20.476162211539));
#4931 = CARTESIAN_POINT('',(-19.95257300552,29.010292022735,
    20.461762314109));
#4932 = CARTESIAN_POINT('',(-20.00697964858,29.227918593342,
    20.449333001854));
#4933 = CARTESIAN_POINT('',(-20.0613051756,29.445220703731,
    20.438731951101));
#4934 = CARTESIAN_POINT('',(-20.11554017597,29.662160702457,
    20.429814759566));
#4935 = CARTESIAN_POINT('',(-20.16967655056,29.878706203547,
    20.422434113739));
#4936 = CARTESIAN_POINT('',(-20.22371010342,30.094840412734,
    20.416439623425));
#4937 = CARTESIAN_POINT('',(-20.2776413553,30.310565421803,
    20.411678701249));
#4938 = CARTESIAN_POINT('',(-20.33147410772,30.525896430624,
    20.407998387272));
#4939 = CARTESIAN_POINT('',(-20.38521204702,30.740848188188,
    20.405247287246));
#4940 = CARTESIAN_POINT('',(-20.43885464152,30.955418566075,
    20.403276281312));
#4941 = CARTESIAN_POINT('',(-20.49239439517,31.169577580679,
    20.4019359824));
#4942 = DEFINITIONAL_REPRESENTATION('',(#4943),#4947);
#4943 = LINE('',#4944,#4945);
#4944 = CARTESIAN_POINT('',(0.,0.));
#4945 = VECTOR('',#4946,1.);
#4946 = DIRECTION('',(0.,1.));
#4947 = ( GEOMETRIC_REPRESENTATION_CONTEXT(2) 
PARAMETRIC_REPRESENTATION_CONTEXT() REPRESENTATION_CONTEXT('2D SPACE',''
  ) );
#4948 = ORIENTED_EDGE('',*,*,#4949,.F.);
#4949 = EDGE_CURVE('',#1320,#4004,#4950,.T.);
#4950 = SURFACE_CURVE('',#4951,(#4978,#5029),.PCURVE_S1.);
#4951 = B_SPLINE_CURVE_WITH_KNOTS('',13,(#4952,#4953,#4954,#4955,#4956,
    #4957,#4958,#4959,#4960,#4961,#4962,#4963,#4964,#4965,#4966,#4967,
    #4968,#4969,#4970,#4971,#4972,#4973,#4974,#4975,#4976,#4977),
  .UNSPECIFIED.,.F.,.F.,(14,12,14),(46.989339978333,52.309622180471,
    52.508902319707),.UNSPECIFIED.);
#4952 = CARTESIAN_POINT('',(-19.4,32.111542149719,21.2));
#4953 = CARTESIAN_POINT('',(-19.39999999999,31.702000030517,
    21.199999999993));
#4954 = CARTESIAN_POINT('',(-19.40000000002,31.293683206762,
    21.200738501289));
#4955 = CARTESIAN_POINT('',(-19.39999999992,30.883938816948,
    21.203218303994));
#4956 = CARTESIAN_POINT('',(-19.40000000014,30.471444606828,
    21.208499171922));
#4957 = CARTESIAN_POINT('',(-19.39999999978,30.072555785427,
    21.217704078699));
#4958 = CARTESIAN_POINT('',(-19.40000000025,29.646328961266,
    21.231842787833));
#4959 = CARTESIAN_POINT('',(-19.39999999975,29.256380779179,
    21.252120318083));
#4960 = CARTESIAN_POINT('',(-19.40000000018,28.833200597935,
    21.279268906946));
#4961 = CARTESIAN_POINT('',(-19.39999999988,28.433359738615,
    21.314496109382));
#4962 = CARTESIAN_POINT('',(-19.40000000005,28.022210624559,
    21.358529473456));
#4963 = CARTESIAN_POINT('',(-19.39999999997,27.615316923426,
    21.412413328577));
#4964 = CARTESIAN_POINT('',(-19.4,27.207586711599,21.477065488276));
#4965 = CARTESIAN_POINT('',(-19.4,26.784733147257,21.55638363589));
#4966 = CARTESIAN_POINT('',(-19.4,26.769350972496,21.559268997895));
#4967 = CARTESIAN_POINT('',(-19.4,26.753853470593,21.562175992768));
#4968 = CARTESIAN_POINT('',(-19.39999999999,26.738240641547,
    21.565104620509));
#4969 = CARTESIAN_POINT('',(-19.39999999999,26.722512485357,
    21.568054881119));
#4970 = CARTESIAN_POINT('',(-19.39999999999,26.706669002024,
    21.571026774596));
#4971 = CARTESIAN_POINT('',(-19.39999999999,26.690710191548,
    21.574020300942));
#4972 = CARTESIAN_POINT('',(-19.39999999999,26.674636053929,
    21.577035460155));
#4973 = CARTESIAN_POINT('',(-19.4,26.658446589166,21.580072252237));
#4974 = CARTESIAN_POINT('',(-19.4,26.642141797261,21.583130677187));
#4975 = CARTESIAN_POINT('',(-19.4,26.625721678212,21.586210735005));
#4976 = CARTESIAN_POINT('',(-19.4,26.60918623202,21.589312425691));
#4977 = CARTESIAN_POINT('',(-19.4,26.592535458685,21.592435749245));
#4978 = PCURVE('',#1335,#4979);
#4979 = DEFINITIONAL_REPRESENTATION('',(#4980),#5028);
#4980 = B_SPLINE_CURVE_WITH_KNOTS('',10,(#4981,#4982,#4983,#4984,#4985,
    #4986,#4987,#4988,#4989,#4990,#4991,#4992,#4993,#4994,#4995,#4996,
    #4997,#4998,#4999,#5000,#5001,#5002,#5003,#5004,#5005,#5006,#5007,
    #5008,#5009,#5010,#5011,#5012,#5013,#5014,#5015,#5016,#5017,#5018,
    #5019,#5020,#5021,#5022,#5023,#5024,#5025,#5026,#5027),
  .UNSPECIFIED.,.F.,.F.,(11,9,9,9,9,11),(46.989339978333,47.486332433235
    ,47.983324888138,48.48031734304,48.728813570491,48.977309797942),
  .UNSPECIFIED.);
#4981 = CARTESIAN_POINT('',(-4.47209835232E-16,-0.8));
#4982 = CARTESIAN_POINT('',(4.969912020154E-02,-0.8));
#4983 = CARTESIAN_POINT('',(9.939562621323E-02,-0.8));
#4984 = CARTESIAN_POINT('',(0.149091675014,-0.8));
#4985 = CARTESIAN_POINT('',(0.198789426432,-0.8));
#4986 = CARTESIAN_POINT('',(0.24848915616,-0.8));
#4987 = CARTESIAN_POINT('',(0.298191006637,-0.8));
#4988 = CARTESIAN_POINT('',(0.347894887962,-0.8));
#4989 = CARTESIAN_POINT('',(0.397598148913,-0.8));
#4990 = CARTESIAN_POINT('',(0.447295746107,-0.8));
#4991 = CARTESIAN_POINT('',(0.546689748421,-0.8));
#4992 = CARTESIAN_POINT('',(0.596385352934,-0.8));
#4993 = CARTESIAN_POINT('',(0.646081121725,-0.8));
#4994 = CARTESIAN_POINT('',(0.695776981956,-0.8));
#4995 = CARTESIAN_POINT('',(0.745473185009,-0.8));
#4996 = CARTESIAN_POINT('',(0.795170565558,-0.8));
#4997 = CARTESIAN_POINT('',(0.844869891582,-0.8));
#4998 = CARTESIAN_POINT('',(0.894571095173,-0.8));
#4999 = CARTESIAN_POINT('',(0.944273174003,-0.8));
#5000 = CARTESIAN_POINT('',(1.043677932569,-0.8));
#5001 = CARTESIAN_POINT('',(1.093380625856,-0.8));
#5002 = CARTESIAN_POINT('',(1.143083434244,-0.8));
#5003 = CARTESIAN_POINT('',(1.192785887754,-0.8));
#5004 = CARTESIAN_POINT('',(1.242487544569,-0.8));
#5005 = CARTESIAN_POINT('',(1.292188173055,-0.8));
#5006 = CARTESIAN_POINT('',(1.341887816592,-0.8));
#5007 = CARTESIAN_POINT('',(1.391586741169,-0.8));
#5008 = CARTESIAN_POINT('',(1.441285265806,-0.8));
#5009 = CARTESIAN_POINT('',(1.515832580707,-0.8));
#5010 = CARTESIAN_POINT('',(1.540681617892,-0.8));
#5011 = CARTESIAN_POINT('',(1.565530601913,-0.8));
#5012 = CARTESIAN_POINT('',(1.59037954739,-0.8));
#5013 = CARTESIAN_POINT('',(1.615228468937,-0.8));
#5014 = CARTESIAN_POINT('',(1.640077381177,-0.8));
#5015 = CARTESIAN_POINT('',(1.664926298722,-0.8));
#5016 = CARTESIAN_POINT('',(1.689775236195,-0.8));
#5017 = CARTESIAN_POINT('',(1.714624208211,-0.8));
#5018 = CARTESIAN_POINT('',(1.764322250567,-0.8));
#5019 = CARTESIAN_POINT('',(1.789171700346,-0.8));
#5020 = CARTESIAN_POINT('',(1.814017983657,-0.8));
#5021 = CARTESIAN_POINT('',(1.838877428193,-0.8));
#5022 = CARTESIAN_POINT('',(1.86370355054,-0.8));
#5023 = CARTESIAN_POINT('',(1.888585701471,-0.8));
#5024 = CARTESIAN_POINT('',(1.913407170363,-0.8));
#5025 = CARTESIAN_POINT('',(1.938266819619,-0.8));
#5026 = CARTESIAN_POINT('',(1.963118041458,-0.8));
#5027 = CARTESIAN_POINT('',(1.987967493009,-0.8));
#5028 = ( GEOMETRIC_REPRESENTATION_CONTEXT(2) 
PARAMETRIC_REPRESENTATION_CONTEXT() REPRESENTATION_CONTEXT('2D SPACE',''
  ) );
#5029 = PCURVE('',#1478,#5030);
#5030 = DEFINITIONAL_REPRESENTATION('',(#5031),#5035);
#5031 = LINE('',#5032,#5033);
#5032 = CARTESIAN_POINT('',(0.,0.));
#5033 = VECTOR('',#5034,1.);
#5034 = DIRECTION('',(0.,1.));
#5035 = ( GEOMETRIC_REPRESENTATION_CONTEXT(2) 
PARAMETRIC_REPRESENTATION_CONTEXT() REPRESENTATION_CONTEXT('2D SPACE',''
  ) );
#5036 = ADVANCED_FACE('',(#5037),#1698,.T.);
#5037 = FACE_BOUND('',#5038,.F.);
#5038 = EDGE_LOOP('',(#5039,#5061,#5089,#5109));
#5039 = ORIENTED_EDGE('',*,*,#5040,.T.);
#5040 = EDGE_CURVE('',#1650,#5041,#5043,.T.);
#5041 = VERTEX_POINT('',#5042);
#5042 = CARTESIAN_POINT('',(-19.4,36.9,5.));
#5043 = SURFACE_CURVE('',#5044,(#5049,#5055),.PCURVE_S1.);
#5044 = CIRCLE('',#5045,0.8);
#5045 = AXIS2_PLACEMENT_3D('',#5046,#5047,#5048);
#5046 = CARTESIAN_POINT('',(-19.4,36.9,4.2));
#5047 = DIRECTION('',(0.,1.,1.224646799147E-16));
#5048 = DIRECTION('',(0.,1.224646799147E-16,-1.));
#5049 = PCURVE('',#1698,#5050);
#5050 = DEFINITIONAL_REPRESENTATION('',(#5051),#5054);
#5051 = B_SPLINE_CURVE_WITH_KNOTS('',1,(#5052,#5053),.UNSPECIFIED.,.F.,
  .F.,(2,2),(1.570796326795,3.14159265359),.PIECEWISE_BEZIER_KNOTS.);
#5052 = CARTESIAN_POINT('',(0.,0.));
#5053 = CARTESIAN_POINT('',(-1.570796326795,0.));
#5054 = ( GEOMETRIC_REPRESENTATION_CONTEXT(2) 
PARAMETRIC_REPRESENTATION_CONTEXT() REPRESENTATION_CONTEXT('2D SPACE',''
  ) );
#5055 = PCURVE('',#1670,#5056);
#5056 = DEFINITIONAL_REPRESENTATION('',(#5057),#5060);
#5057 = B_SPLINE_CURVE_WITH_KNOTS('',1,(#5058,#5059),.UNSPECIFIED.,.F.,
  .F.,(2,2),(1.570796326795,3.14159265359),.PIECEWISE_BEZIER_KNOTS.);
#5058 = CARTESIAN_POINT('',(3.14159265359,1.570796326795));
#5059 = CARTESIAN_POINT('',(3.14159265359,3.14159265359));
#5060 = ( GEOMETRIC_REPRESENTATION_CONTEXT(2) 
PARAMETRIC_REPRESENTATION_CONTEXT() REPRESENTATION_CONTEXT('2D SPACE',''
  ) );
#5061 = ORIENTED_EDGE('',*,*,#5062,.T.);
#5062 = EDGE_CURVE('',#5041,#5063,#5065,.T.);
#5063 = VERTEX_POINT('',#5064);
#5064 = CARTESIAN_POINT('',(-19.4,28.405390679346,5.));
#5065 = SURFACE_CURVE('',#5066,(#5070,#5077),.PCURVE_S1.);
#5066 = LINE('',#5067,#5068);
#5067 = CARTESIAN_POINT('',(-19.4,36.9,5.));
#5068 = VECTOR('',#5069,1.);
#5069 = DIRECTION('',(0.,-1.,0.));
#5070 = PCURVE('',#1698,#5071);
#5071 = DEFINITIONAL_REPRESENTATION('',(#5072),#5076);
#5072 = LINE('',#5073,#5074);
#5073 = CARTESIAN_POINT('',(-1.570796326795,0.));
#5074 = VECTOR('',#5075,1.);
#5075 = DIRECTION('',(-0.,1.));
#5076 = ( GEOMETRIC_REPRESENTATION_CONTEXT(2) 
PARAMETRIC_REPRESENTATION_CONTEXT() REPRESENTATION_CONTEXT('2D SPACE',''
  ) );
#5077 = PCURVE('',#5078,#5083);
#5078 = PLANE('',#5079);
#5079 = AXIS2_PLACEMENT_3D('',#5080,#5081,#5082);
#5080 = CARTESIAN_POINT('',(-20.2,36.9,5.));
#5081 = DIRECTION('',(0.,0.,-1.));
#5082 = DIRECTION('',(0.,-1.,0.));
#5083 = DEFINITIONAL_REPRESENTATION('',(#5084),#5088);
#5084 = LINE('',#5085,#5086);
#5085 = CARTESIAN_POINT('',(0.,-0.8));
#5086 = VECTOR('',#5087,1.);
#5087 = DIRECTION('',(1.,0.));
#5088 = ( GEOMETRIC_REPRESENTATION_CONTEXT(2) 
PARAMETRIC_REPRESENTATION_CONTEXT() REPRESENTATION_CONTEXT('2D SPACE',''
  ) );
#5089 = ORIENTED_EDGE('',*,*,#5090,.T.);
#5090 = EDGE_CURVE('',#5063,#1683,#5091,.T.);
#5091 = SURFACE_CURVE('',#5092,(#5097,#5103),.PCURVE_S1.);
#5092 = CIRCLE('',#5093,0.8);
#5093 = AXIS2_PLACEMENT_3D('',#5094,#5095,#5096);
#5094 = CARTESIAN_POINT('',(-19.4,28.405390679346,4.2));
#5095 = DIRECTION('',(0.,-1.,0.));
#5096 = DIRECTION('',(1.,0.,0.));
#5097 = PCURVE('',#1698,#5098);
#5098 = DEFINITIONAL_REPRESENTATION('',(#5099),#5102);
#5099 = B_SPLINE_CURVE_WITH_KNOTS('',1,(#5100,#5101),.UNSPECIFIED.,.F.,
  .F.,(2,2),(1.570796326795,3.14159265359),.PIECEWISE_BEZIER_KNOTS.);
#5100 = CARTESIAN_POINT('',(-1.570796326795,8.494609320654));
#5101 = CARTESIAN_POINT('',(0.,8.494609320654));
#5102 = ( GEOMETRIC_REPRESENTATION_CONTEXT(2) 
PARAMETRIC_REPRESENTATION_CONTEXT() REPRESENTATION_CONTEXT('2D SPACE',''
  ) );
#5103 = PCURVE('',#2105,#5104);
#5104 = DEFINITIONAL_REPRESENTATION('',(#5105),#5108);
#5105 = B_SPLINE_CURVE_WITH_KNOTS('',1,(#5106,#5107),.UNSPECIFIED.,.F.,
  .F.,(2,2),(1.570796326795,3.14159265359),.PIECEWISE_BEZIER_KNOTS.);
#5106 = CARTESIAN_POINT('',(0.,1.570796326795));
#5107 = CARTESIAN_POINT('',(0.,3.14159265359));
#5108 = ( GEOMETRIC_REPRESENTATION_CONTEXT(2) 
PARAMETRIC_REPRESENTATION_CONTEXT() REPRESENTATION_CONTEXT('2D SPACE',''
  ) );
#5109 = ORIENTED_EDGE('',*,*,#1682,.F.);
#5110 = ADVANCED_FACE('',(#5111),#1670,.T.);
#5111 = FACE_BOUND('',#5112,.T.);
#5112 = EDGE_LOOP('',(#5113,#5135,#5136,#5137));
#5113 = ORIENTED_EDGE('',*,*,#5114,.F.);
#5114 = EDGE_CURVE('',#1622,#5115,#5117,.T.);
#5115 = VERTEX_POINT('',#5116);
#5116 = CARTESIAN_POINT('',(-19.4,36.9,16.2));
#5117 = SURFACE_CURVE('',#5118,(#5123,#5129),.PCURVE_S1.);
#5118 = CIRCLE('',#5119,0.8);
#5119 = AXIS2_PLACEMENT_3D('',#5120,#5121,#5122);
#5120 = CARTESIAN_POINT('',(-19.4,36.9,17.));
#5121 = DIRECTION('',(-0.,-1.,-0.));
#5122 = DIRECTION('',(-1.,0.,0.));
#5123 = PCURVE('',#1670,#5124);
#5124 = DEFINITIONAL_REPRESENTATION('',(#5125),#5128);
#5125 = B_SPLINE_CURVE_WITH_KNOTS('',1,(#5126,#5127),.UNSPECIFIED.,.F.,
  .F.,(2,2),(0.,1.570796326795),.PIECEWISE_BEZIER_KNOTS.);
#5126 = CARTESIAN_POINT('',(0.,1.570796326795));
#5127 = CARTESIAN_POINT('',(0.,3.14159265359));
#5128 = ( GEOMETRIC_REPRESENTATION_CONTEXT(2) 
PARAMETRIC_REPRESENTATION_CONTEXT() REPRESENTATION_CONTEXT('2D SPACE',''
  ) );
#5129 = PCURVE('',#1637,#5130);
#5130 = DEFINITIONAL_REPRESENTATION('',(#5131),#5134);
#5131 = B_SPLINE_CURVE_WITH_KNOTS('',1,(#5132,#5133),.UNSPECIFIED.,.F.,
  .F.,(2,2),(0.,1.570796326795),.PIECEWISE_BEZIER_KNOTS.);
#5132 = CARTESIAN_POINT('',(0.,4.788457850281));
#5133 = CARTESIAN_POINT('',(-1.570796326795,4.788457850281));
#5134 = ( GEOMETRIC_REPRESENTATION_CONTEXT(2) 
PARAMETRIC_REPRESENTATION_CONTEXT() REPRESENTATION_CONTEXT('2D SPACE',''
  ) );
#5135 = ORIENTED_EDGE('',*,*,#1649,.T.);
#5136 = ORIENTED_EDGE('',*,*,#5040,.T.);
#5137 = ORIENTED_EDGE('',*,*,#5138,.F.);
#5138 = EDGE_CURVE('',#5115,#5041,#5139,.T.);
#5139 = SURFACE_CURVE('',#5140,(#5145,#5152),.PCURVE_S1.);
#5140 = CIRCLE('',#5141,5.6);
#5141 = AXIS2_PLACEMENT_3D('',#5142,#5143,#5144);
#5142 = CARTESIAN_POINT('',(-19.4,36.9,10.6));
#5143 = DIRECTION('',(-1.,0.,-0.));
#5144 = DIRECTION('',(-0.,0.,1.));
#5145 = PCURVE('',#1670,#5146);
#5146 = DEFINITIONAL_REPRESENTATION('',(#5147),#5151);
#5147 = LINE('',#5148,#5149);
#5148 = CARTESIAN_POINT('',(0.,3.14159265359));
#5149 = VECTOR('',#5150,1.);
#5150 = DIRECTION('',(1.,0.));
#5151 = ( GEOMETRIC_REPRESENTATION_CONTEXT(2) 
PARAMETRIC_REPRESENTATION_CONTEXT() REPRESENTATION_CONTEXT('2D SPACE',''
  ) );
#5152 = PCURVE('',#5153,#5158);
#5153 = CYLINDRICAL_SURFACE('',#5154,5.6);
#5154 = AXIS2_PLACEMENT_3D('',#5155,#5156,#5157);
#5155 = CARTESIAN_POINT('',(-20.2,36.9,10.6));
#5156 = DIRECTION('',(-1.,0.,0.));
#5157 = DIRECTION('',(0.,1.,0.));
#5158 = DEFINITIONAL_REPRESENTATION('',(#5159),#5163);
#5159 = LINE('',#5160,#5161);
#5160 = CARTESIAN_POINT('',(4.712388980385,-0.8));
#5161 = VECTOR('',#5162,1.);
#5162 = DIRECTION('',(1.,0.));
#5163 = ( GEOMETRIC_REPRESENTATION_CONTEXT(2) 
PARAMETRIC_REPRESENTATION_CONTEXT() REPRESENTATION_CONTEXT('2D SPACE',''
  ) );
#5164 = ADVANCED_FACE('',(#5165),#1478,.T.);
#5165 = FACE_BOUND('',#5166,.T.);
#5166 = EDGE_LOOP('',(#5167,#5168,#5169,#5265));
#5167 = ORIENTED_EDGE('',*,*,#3011,.T.);
#5168 = ORIENTED_EDGE('',*,*,#1428,.T.);
#5169 = ORIENTED_EDGE('',*,*,#5170,.T.);
#5170 = EDGE_CURVE('',#1429,#4004,#5171,.T.);
#5171 = SURFACE_CURVE('',#5172,(#5181,#5193),.PCURVE_S1.);
#5172 = B_SPLINE_CURVE_WITH_KNOTS('',7,(#5173,#5174,#5175,#5176,#5177,
    #5178,#5179,#5180),.UNSPECIFIED.,.F.,.F.,(8,8),(0.,1.),
  .PIECEWISE_BEZIER_KNOTS.);
#5173 = CARTESIAN_POINT('',(-20.2,30.098484500494,20.423961887339));
#5174 = CARTESIAN_POINT('',(-20.2,30.10416107704,20.603285615645));
#5175 = CARTESIAN_POINT('',(-20.15298691705,30.109849391531,
    20.782985271849));
#5176 = CARTESIAN_POINT('',(-20.05911650161,30.11505133878,
    20.947314750226));
#5177 = CARTESIAN_POINT('',(-19.92361503451,30.119338637316,
    21.082748376775));
#5178 = CARTESIAN_POINT('',(-19.75920323807,30.122308793163,
    21.176571793257));
#5179 = CARTESIAN_POINT('',(-19.57941355943,30.123796315581,
    21.223561329031));
#5180 = CARTESIAN_POINT('',(-19.4,30.123796597541,21.22356131906));
#5181 = PCURVE('',#1478,#5182);
#5182 = DEFINITIONAL_REPRESENTATION('',(#5183),#5192);
#5183 = B_SPLINE_CURVE_WITH_KNOTS('',7,(#5184,#5185,#5186,#5187,#5188,
    #5189,#5190,#5191),.UNSPECIFIED.,.F.,.F.,(8,8),(0.,1.),
  .PIECEWISE_BEZIER_KNOTS.);
#5184 = CARTESIAN_POINT('',(5.320282202138,48.977312295493));
#5185 = CARTESIAN_POINT('',(4.476588274693,48.97731189943));
#5186 = CARTESIAN_POINT('',(3.722512060618,48.977311545436));
#5187 = CARTESIAN_POINT('',(3.0112121861,48.977311211526));
#5188 = CARTESIAN_POINT('',(2.309070158782,48.97731088191));
#5189 = CARTESIAN_POINT('',(1.597770431763,48.977310547999));
#5190 = CARTESIAN_POINT('',(0.84369397284,48.977310194006));
#5191 = CARTESIAN_POINT('',(0.,48.977309797942));
#5192 = ( GEOMETRIC_REPRESENTATION_CONTEXT(2) 
PARAMETRIC_REPRESENTATION_CONTEXT() REPRESENTATION_CONTEXT('2D SPACE',''
  ) );
#5193 = PCURVE('',#5194,#5259);
#5194 = B_SPLINE_SURFACE_WITH_KNOTS('',7,7,(
    (#5195,#5196,#5197,#5198,#5199,#5200,#5201,#5202)
    ,(#5203,#5204,#5205,#5206,#5207,#5208,#5209,#5210)
    ,(#5211,#5212,#5213,#5214,#5215,#5216,#5217,#5218)
    ,(#5219,#5220,#5221,#5222,#5223,#5224,#5225,#5226)
    ,(#5227,#5228,#5229,#5230,#5231,#5232,#5233,#5234)
    ,(#5235,#5236,#5237,#5238,#5239,#5240,#5241,#5242)
    ,(#5243,#5244,#5245,#5246,#5247,#5248,#5249,#5250)
    ,(#5251,#5252,#5253,#5254,#5255,#5256,#5257,#5258
  )),.UNSPECIFIED.,.F.,.F.,.F.,(8,8),(8,8),(0.,1.),(0.,1.),
  .PIECEWISE_BEZIER_KNOTS.);
#5195 = CARTESIAN_POINT('',(-20.17611400011,29.904456000465,
    20.42397365165));
#5196 = CARTESIAN_POINT('',(-20.18290440619,29.931617624777,
    20.423971971034));
#5197 = CARTESIAN_POINT('',(-20.1885858092,29.959056499856,
    20.423970290419));
#5198 = CARTESIAN_POINT('',(-20.19314462504,29.986718289283,
    20.423968609802));
#5199 = CARTESIAN_POINT('',(-20.1965705974,30.014547824691,
    20.423966929187));
#5200 = CARTESIAN_POINT('',(-20.1988568658,30.042489377494,
    20.42396524857));
#5201 = CARTESIAN_POINT('',(-20.2,30.070486938994,20.423963567955));
#5202 = CARTESIAN_POINT('',(-20.2,30.098484500494,20.423961887339));
#5203 = CARTESIAN_POINT('',(-20.17611400011,29.904456000465,
    20.42397365165));
#5204 = CARTESIAN_POINT('',(-20.18316514304,29.932660572171,
    20.459013473987));
#5205 = CARTESIAN_POINT('',(-20.1887133218,29.959929478088,
    20.494108084463));
#5206 = CARTESIAN_POINT('',(-20.19313836665,29.987005918163,
    20.52697321492));
#5207 = CARTESIAN_POINT('',(-20.19663155281,30.014768842833,
    20.555651435478));
#5208 = CARTESIAN_POINT('',(-20.19905467954,30.043706705352,
    20.578302367493));
#5209 = CARTESIAN_POINT('',(-20.20019847118,30.073724099499,
    20.594182242971));
#5210 = CARTESIAN_POINT('',(-20.2,30.10416107704,20.603285615645));
#5211 = CARTESIAN_POINT('',(-20.17611400011,29.904456000465,
    20.42397365165));
#5212 = CARTESIAN_POINT('',(-20.18219347447,29.928773897892,
    20.519037065559));
#5213 = CARTESIAN_POINT('',(-20.19896281529,29.95429935716,
    20.582394120075));
#5214 = CARTESIAN_POINT('',(-20.18282695419,29.982578279813,
    20.652792566903));
#5215 = CARTESIAN_POINT('',(-20.16188969639,30.012842251251,
    20.709170099743));
#5216 = CARTESIAN_POINT('',(-20.14616579264,30.044495711082,
    20.750412315988));
#5217 = CARTESIAN_POINT('',(-20.15823330623,30.076830124578,
    20.760263106345));
#5218 = CARTESIAN_POINT('',(-20.15298691705,30.109849391531,
    20.782985271849));
#5219 = CARTESIAN_POINT('',(-20.17611400011,29.904456000465,
    20.42397365165));
#5220 = CARTESIAN_POINT('',(-20.18206074111,29.928242964468,
    20.535709262868));
#5221 = CARTESIAN_POINT('',(-20.17807287574,29.954624449232,
    20.634528330093));
#5222 = CARTESIAN_POINT('',(-20.1485498679,29.983759188982,
    20.725970692086));
#5223 = CARTESIAN_POINT('',(-20.11547591077,30.014365173012,
    20.799907476816));
#5224 = CARTESIAN_POINT('',(-20.08956187683,30.045801595364,
    20.861360632949));
#5225 = CARTESIAN_POINT('',(-20.07821360109,30.079327929592,
    20.907124246095));
#5226 = CARTESIAN_POINT('',(-20.05911650161,30.11505133878,
    20.947314750226));
#5227 = CARTESIAN_POINT('',(-20.17611400011,29.904456000465,
    20.42397365165));
#5228 = CARTESIAN_POINT('',(-20.1817626286,29.92705051442,20.54366531441
    ));
#5229 = CARTESIAN_POINT('',(-20.15268855525,29.95401243961,
    20.673207568191));
#5230 = CARTESIAN_POINT('',(-20.11091320237,29.983827825145,
    20.778416119704));
#5231 = CARTESIAN_POINT('',(-20.06483668369,30.014761660544,
    20.864082019026));
#5232 = CARTESIAN_POINT('',(-20.02320565613,30.046062486762,
    20.941804803678));
#5233 = CARTESIAN_POINT('',(-19.9723672782,30.080906334941,
    21.024939467363));
#5234 = CARTESIAN_POINT('',(-19.92361503451,30.119338637316,
    21.082748376775));
#5235 = CARTESIAN_POINT('',(-20.17611400011,29.904456000465,
    20.42397365165));
#5236 = CARTESIAN_POINT('',(-20.18106373631,29.924254945271,
    20.551798285836));
#5237 = CARTESIAN_POINT('',(-20.13299393447,29.950560930621,
    20.706689623344));
#5238 = CARTESIAN_POINT('',(-20.08094084195,29.980678831588,
    20.826389284401));
#5239 = CARTESIAN_POINT('',(-20.01919040421,30.012527402608,
    20.924395649332));
#5240 = CARTESIAN_POINT('',(-19.95321949711,30.044933790192,
    21.013659378758));
#5241 = CARTESIAN_POINT('',(-19.85369121339,30.081675643311,
    21.117194345923));
#5242 = CARTESIAN_POINT('',(-19.75920323807,30.122308793163,
    21.176571793257));
#5243 = CARTESIAN_POINT('',(-20.17611400011,29.904456000465,
    20.42397365165));
#5244 = CARTESIAN_POINT('',(-20.17895974988,29.915838999542,
    20.594743425644));
#5245 = CARTESIAN_POINT('',(-20.14049224783,29.937487147031,
    20.761131879416));
#5246 = CARTESIAN_POINT('',(-20.06476264746,29.967786707727,
    20.907969187001));
#5247 = CARTESIAN_POINT('',(-19.96367591183,30.003360660773,
    21.025729527205));
#5248 = CARTESIAN_POINT('',(-19.84943906753,30.041179167454,
    21.117865962806));
#5249 = CARTESIAN_POINT('',(-19.72017447126,30.081690835014,
    21.185630277962));
#5250 = CARTESIAN_POINT('',(-19.57941355943,30.123796315581,
    21.223561329031));
#5251 = CARTESIAN_POINT('',(-20.17611400011,29.904456000465,
    20.42397365165));
#5252 = CARTESIAN_POINT('',(-20.17752200994,29.910088039761,
    20.604167250949));
#5253 = CARTESIAN_POINT('',(-20.13289582672,29.927328854756,
    20.784744371499));
#5254 = CARTESIAN_POINT('',(-20.04224410915,29.955539057803,
    20.949715128791));
#5255 = CARTESIAN_POINT('',(-19.91059894338,29.992918992478,
    21.085377517005));
#5256 = CARTESIAN_POINT('',(-19.75044605577,30.035850135046,
    21.178848886301));
#5257 = CARTESIAN_POINT('',(-19.57507570533,30.080783686418,
    21.22492286408));
#5258 = CARTESIAN_POINT('',(-19.4,30.123796597541,21.22356131906));
#5259 = DEFINITIONAL_REPRESENTATION('',(#5260),#5264);
#5260 = LINE('',#5261,#5262);
#5261 = CARTESIAN_POINT('',(0.,1.));
#5262 = VECTOR('',#5263,1.);
#5263 = DIRECTION('',(1.,0.));
#5264 = ( GEOMETRIC_REPRESENTATION_CONTEXT(2) 
PARAMETRIC_REPRESENTATION_CONTEXT() REPRESENTATION_CONTEXT('2D SPACE',''
  ) );
#5265 = ORIENTED_EDGE('',*,*,#4949,.F.);
#5266 = ADVANCED_FACE('',(#5267),#1637,.T.);
#5267 = FACE_BOUND('',#5268,.F.);
#5268 = EDGE_LOOP('',(#5269,#5291,#5317,#5318));
#5269 = ORIENTED_EDGE('',*,*,#5270,.T.);
#5270 = EDGE_CURVE('',#1593,#5271,#5273,.T.);
#5271 = VERTEX_POINT('',#5272);
#5272 = CARTESIAN_POINT('',(-19.4,32.111542149719,16.2));
#5273 = SURFACE_CURVE('',#5274,(#5279,#5285),.PCURVE_S1.);
#5274 = CIRCLE('',#5275,0.8);
#5275 = AXIS2_PLACEMENT_3D('',#5276,#5277,#5278);
#5276 = CARTESIAN_POINT('',(-19.4,32.111542149719,17.));
#5277 = DIRECTION('',(0.,-1.,1.52655665886E-16));
#5278 = DIRECTION('',(0.,-1.52655665886E-16,-1.));
#5279 = PCURVE('',#1637,#5280);
#5280 = DEFINITIONAL_REPRESENTATION('',(#5281),#5284);
#5281 = B_SPLINE_CURVE_WITH_KNOTS('',1,(#5282,#5283),.UNSPECIFIED.,.F.,
  .F.,(2,2),(4.712388980385,6.28318530718),.PIECEWISE_BEZIER_KNOTS.);
#5282 = CARTESIAN_POINT('',(0.,0.));
#5283 = CARTESIAN_POINT('',(-1.570796326795,0.));
#5284 = ( GEOMETRIC_REPRESENTATION_CONTEXT(2) 
PARAMETRIC_REPRESENTATION_CONTEXT() REPRESENTATION_CONTEXT('2D SPACE',''
  ) );
#5285 = PCURVE('',#1609,#5286);
#5286 = DEFINITIONAL_REPRESENTATION('',(#5287),#5290);
#5287 = B_SPLINE_CURVE_WITH_KNOTS('',1,(#5288,#5289),.UNSPECIFIED.,.F.,
  .F.,(2,2),(4.712388980385,6.28318530718),.PIECEWISE_BEZIER_KNOTS.);
#5288 = CARTESIAN_POINT('',(0.110199058058,4.712388980385));
#5289 = CARTESIAN_POINT('',(0.110199058058,6.28318530718));
#5290 = ( GEOMETRIC_REPRESENTATION_CONTEXT(2) 
PARAMETRIC_REPRESENTATION_CONTEXT() REPRESENTATION_CONTEXT('2D SPACE',''
  ) );
#5291 = ORIENTED_EDGE('',*,*,#5292,.T.);
#5292 = EDGE_CURVE('',#5271,#5115,#5293,.T.);
#5293 = SURFACE_CURVE('',#5294,(#5298,#5305),.PCURVE_S1.);
#5294 = LINE('',#5295,#5296);
#5295 = CARTESIAN_POINT('',(-19.4,32.111542149719,16.2));
#5296 = VECTOR('',#5297,1.);
#5297 = DIRECTION('',(0.,1.,0.));
#5298 = PCURVE('',#1637,#5299);
#5299 = DEFINITIONAL_REPRESENTATION('',(#5300),#5304);
#5300 = LINE('',#5301,#5302);
#5301 = CARTESIAN_POINT('',(-1.570796326795,0.));
#5302 = VECTOR('',#5303,1.);
#5303 = DIRECTION('',(-0.,1.));
#5304 = ( GEOMETRIC_REPRESENTATION_CONTEXT(2) 
PARAMETRIC_REPRESENTATION_CONTEXT() REPRESENTATION_CONTEXT('2D SPACE',''
  ) );
#5305 = PCURVE('',#5306,#5311);
#5306 = PLANE('',#5307);
#5307 = AXIS2_PLACEMENT_3D('',#5308,#5309,#5310);
#5308 = CARTESIAN_POINT('',(-20.2,32.111542149719,16.2));
#5309 = DIRECTION('',(0.,0.,1.));
#5310 = DIRECTION('',(0.,1.,0.));
#5311 = DEFINITIONAL_REPRESENTATION('',(#5312),#5316);
#5312 = LINE('',#5313,#5314);
#5313 = CARTESIAN_POINT('',(0.,-0.8));
#5314 = VECTOR('',#5315,1.);
#5315 = DIRECTION('',(1.,0.));
#5316 = ( GEOMETRIC_REPRESENTATION_CONTEXT(2) 
PARAMETRIC_REPRESENTATION_CONTEXT() REPRESENTATION_CONTEXT('2D SPACE',''
  ) );
#5317 = ORIENTED_EDGE('',*,*,#5114,.F.);
#5318 = ORIENTED_EDGE('',*,*,#1621,.F.);
#5319 = ADVANCED_FACE('',(#5320),#1580,.T.);
#5320 = FACE_BOUND('',#5321,.T.);
#5321 = EDGE_LOOP('',(#5322,#5323,#5379,#5407));
#5322 = ORIENTED_EDGE('',*,*,#1564,.F.);
#5323 = ORIENTED_EDGE('',*,*,#5324,.F.);
#5324 = EDGE_CURVE('',#5325,#1565,#5327,.T.);
#5325 = VERTEX_POINT('',#5326);
#5326 = CARTESIAN_POINT('',(-20.17611400011,29.904456000465,
    17.11041340783));
#5327 = SURFACE_CURVE('',#5328,(#5333,#5339),.PCURVE_S1.);
#5328 = B_SPLINE_CURVE_WITH_KNOTS('',3,(#5329,#5330,#5331,#5332),
  .UNSPECIFIED.,.F.,.F.,(4,4),(0.,1.),.PIECEWISE_BEZIER_KNOTS.);
#5329 = CARTESIAN_POINT('',(-20.17611400011,29.904456000465,
    17.11041340783));
#5330 = CARTESIAN_POINT('',(-20.19195828096,29.967833123859,
    17.110425972475));
#5331 = CARTESIAN_POINT('',(-20.2,30.033156856994,17.11043853712));
#5332 = CARTESIAN_POINT('',(-20.2,30.098484500494,17.110451101766));
#5333 = PCURVE('',#1580,#5334);
#5334 = DEFINITIONAL_REPRESENTATION('',(#5335),#5338);
#5335 = B_SPLINE_CURVE_WITH_KNOTS('',1,(#5336,#5337),.UNSPECIFIED.,.F.,
  .F.,(2,2),(0.,1.),.PIECEWISE_BEZIER_KNOTS.);
#5336 = CARTESIAN_POINT('',(0.244978663127,0.793950547206));
#5337 = CARTESIAN_POINT('',(1.148803274731E-13,0.793988241142));
#5338 = ( GEOMETRIC_REPRESENTATION_CONTEXT(2) 
PARAMETRIC_REPRESENTATION_CONTEXT() REPRESENTATION_CONTEXT('2D SPACE',''
  ) );
#5339 = PCURVE('',#5340,#5373);
#5340 = B_SPLINE_SURFACE_WITH_KNOTS('',3,7,(
    (#5341,#5342,#5343,#5344,#5345,#5346,#5347,#5348)
    ,(#5349,#5350,#5351,#5352,#5353,#5354,#5355,#5356)
    ,(#5357,#5358,#5359,#5360,#5361,#5362,#5363,#5364)
    ,(#5365,#5366,#5367,#5368,#5369,#5370,#5371,#5372
  )),.UNSPECIFIED.,.F.,.F.,.F.,(4,4),(8,8),(0.,1.),(0.,1.),
  .PIECEWISE_BEZIER_KNOTS.);
#5341 = CARTESIAN_POINT('',(-19.4,30.010956148364,16.315253804888));
#5342 = CARTESIAN_POINT('',(-19.57088536792,29.967515878433,
    16.32003511168));
#5343 = CARTESIAN_POINT('',(-19.742241011,29.929502127117,
    16.369922545004));
#5344 = CARTESIAN_POINT('',(-19.89957257828,29.900420215382,
    16.464401499883));
#5345 = CARTESIAN_POINT('',(-20.03031490823,29.882743415382,
    16.598254547808));
#5346 = CARTESIAN_POINT('',(-20.12265386555,29.877957407472,
    16.75942462276));
#5347 = CARTESIAN_POINT('',(-20.17144074306,29.88576297227,
    16.935084029398));
#5348 = CARTESIAN_POINT('',(-20.17611400011,29.904456000465,
    17.11041340783));
#5349 = CARTESIAN_POINT('',(-19.4,30.010956146694,16.315253805071));
#5350 = CARTESIAN_POINT('',(-19.57488947742,29.981812805926,
    16.318461496716));
#5351 = CARTESIAN_POINT('',(-19.75009847522,29.957964304395,
    16.366991832454));
#5352 = CARTESIAN_POINT('',(-19.91126237964,29.941685985033,
    16.460438979457));
#5353 = CARTESIAN_POINT('',(-20.04567209997,29.934347211368,
    16.594137992676));
#5354 = CARTESIAN_POINT('',(-20.14007539607,29.93696610169,
    16.756930972727));
#5355 = CARTESIAN_POINT('',(-20.1887862181,29.948742326197,
    16.934059086598));
#5356 = CARTESIAN_POINT('',(-20.19195828096,29.967833123859,
    17.110425972475));
#5357 = CARTESIAN_POINT('',(-19.4,30.010956142899,16.315253785944));
#5358 = CARTESIAN_POINT('',(-19.57777893946,29.996384491137,
    16.316857632676));
#5359 = CARTESIAN_POINT('',(-19.75571879943,29.987010507375,
    16.364285856763));
#5360 = CARTESIAN_POINT('',(-19.91942019716,29.983998506809,
    16.457329469075));
#5361 = CARTESIAN_POINT('',(-20.05542171968,29.987842741551,
    16.591249611156));
#5362 = CARTESIAN_POINT('',(-20.15033765517,29.998261332333,
    16.754966939962));
#5363 = CARTESIAN_POINT('',(-20.19839474983,30.013924943739,
    16.933034143797));
#5364 = CARTESIAN_POINT('',(-20.2,30.033156856994,17.11043853712));
#5365 = CARTESIAN_POINT('',(-19.4,30.010956141229,16.315253786128));
#5366 = CARTESIAN_POINT('',(-19.5795195802,30.010956729402,
    16.31525372139));
#5367 = CARTESIAN_POINT('',(-19.75903829198,30.01609927878,
    16.361970637366));
#5368 = CARTESIAN_POINT('',(-19.92379755265,30.026382963608,
    16.455397078041));
#5369 = CARTESIAN_POINT('',(-20.05901017776,30.041176541079,
    16.589797985137));
#5370 = CARTESIAN_POINT('',(-20.15300089075,30.059202667459,
    16.753568166637));
#5371 = CARTESIAN_POINT('',(-20.2,30.078843542549,16.932009200997));
#5372 = CARTESIAN_POINT('',(-20.2,30.098484500494,17.110451101766));
#5373 = DEFINITIONAL_REPRESENTATION('',(#5374),#5378);
#5374 = LINE('',#5375,#5376);
#5375 = CARTESIAN_POINT('',(0.,1.));
#5376 = VECTOR('',#5377,1.);
#5377 = DIRECTION('',(1.,0.));
#5378 = ( GEOMETRIC_REPRESENTATION_CONTEXT(2) 
PARAMETRIC_REPRESENTATION_CONTEXT() REPRESENTATION_CONTEXT('2D SPACE',''
  ) );
#5379 = ORIENTED_EDGE('',*,*,#5380,.T.);
#5380 = EDGE_CURVE('',#5325,#5381,#5383,.T.);
#5381 = VERTEX_POINT('',#5382);
#5382 = CARTESIAN_POINT('',(-20.17611400011,29.904456000465,
    20.42397365165));
#5383 = SURFACE_CURVE('',#5384,(#5388,#5395),.PCURVE_S1.);
#5384 = LINE('',#5385,#5386);
#5385 = CARTESIAN_POINT('',(-20.17611400011,29.904456000465,
    16.316462860624));
#5386 = VECTOR('',#5387,1.);
#5387 = DIRECTION('',(-0.,-0.,1.));
#5388 = PCURVE('',#1580,#5389);
#5389 = DEFINITIONAL_REPRESENTATION('',(#5390),#5394);
#5390 = LINE('',#5391,#5392);
#5391 = CARTESIAN_POINT('',(0.244978663127,0.));
#5392 = VECTOR('',#5393,1.);
#5393 = DIRECTION('',(0.,1.));
#5394 = ( GEOMETRIC_REPRESENTATION_CONTEXT(2) 
PARAMETRIC_REPRESENTATION_CONTEXT() REPRESENTATION_CONTEXT('2D SPACE',''
  ) );
#5395 = PCURVE('',#5396,#5401);
#5396 = PLANE('',#5397);
#5397 = AXIS2_PLACEMENT_3D('',#5398,#5399,#5400);
#5398 = CARTESIAN_POINT('',(-20.2,30.,16.1));
#5399 = DIRECTION('',(0.970142500145,0.242535625036,0.));
#5400 = DIRECTION('',(0.242535625036,-0.970142500145,0.));
#5401 = DEFINITIONAL_REPRESENTATION('',(#5402),#5406);
#5402 = LINE('',#5403,#5404);
#5403 = CARTESIAN_POINT('',(9.848450049412E-02,-0.216462860624));
#5404 = VECTOR('',#5405,1.);
#5405 = DIRECTION('',(0.,-1.));
#5406 = ( GEOMETRIC_REPRESENTATION_CONTEXT(2) 
PARAMETRIC_REPRESENTATION_CONTEXT() REPRESENTATION_CONTEXT('2D SPACE',''
  ) );
#5407 = ORIENTED_EDGE('',*,*,#5408,.T.);
#5408 = EDGE_CURVE('',#5381,#1429,#5409,.T.);
#5409 = SURFACE_CURVE('',#5410,(#5419,#5425),.PCURVE_S1.);
#5410 = B_SPLINE_CURVE_WITH_KNOTS('',7,(#5411,#5412,#5413,#5414,#5415,
    #5416,#5417,#5418),.UNSPECIFIED.,.F.,.F.,(8,8),(0.,1.),
  .PIECEWISE_BEZIER_KNOTS.);
#5411 = CARTESIAN_POINT('',(-20.17611400011,29.904456000465,
    20.42397365165));
#5412 = CARTESIAN_POINT('',(-20.18290440619,29.931617624777,
    20.423971971034));
#5413 = CARTESIAN_POINT('',(-20.1885858092,29.959056499856,
    20.423970290419));
#5414 = CARTESIAN_POINT('',(-20.19314462504,29.986718289283,
    20.423968609802));
#5415 = CARTESIAN_POINT('',(-20.1965705974,30.014547824691,
    20.423966929187));
#5416 = CARTESIAN_POINT('',(-20.1988568658,30.042489377494,
    20.42396524857));
#5417 = CARTESIAN_POINT('',(-20.2,30.070486938994,20.423963567955));
#5418 = CARTESIAN_POINT('',(-20.2,30.098484500494,20.423961887339));
#5419 = PCURVE('',#1580,#5420);
#5420 = DEFINITIONAL_REPRESENTATION('',(#5421),#5424);
#5421 = B_SPLINE_CURVE_WITH_KNOTS('',1,(#5422,#5423),.UNSPECIFIED.,.F.,
  .F.,(2,2),(0.,1.),.PIECEWISE_BEZIER_KNOTS.);
#5422 = CARTESIAN_POINT('',(0.244978663127,4.107510791027));
#5423 = CARTESIAN_POINT('',(0.,4.107499026715));
#5424 = ( GEOMETRIC_REPRESENTATION_CONTEXT(2) 
PARAMETRIC_REPRESENTATION_CONTEXT() REPRESENTATION_CONTEXT('2D SPACE',''
  ) );
#5425 = PCURVE('',#5194,#5426);
#5426 = DEFINITIONAL_REPRESENTATION('',(#5427),#5430);
#5427 = B_SPLINE_CURVE_WITH_KNOTS('',1,(#5428,#5429),.UNSPECIFIED.,.F.,
  .F.,(2,2),(0.,1.),.PIECEWISE_BEZIER_KNOTS.);
#5428 = CARTESIAN_POINT('',(0.,0.));
#5429 = CARTESIAN_POINT('',(0.,1.));
#5430 = ( GEOMETRIC_REPRESENTATION_CONTEXT(2) 
PARAMETRIC_REPRESENTATION_CONTEXT() REPRESENTATION_CONTEXT('2D SPACE',''
  ) );
#5431 = ADVANCED_FACE('',(#5432),#1609,.T.);
#5432 = FACE_BOUND('',#5433,.T.);
#5433 = EDGE_LOOP('',(#5434,#5460,#5461,#5462));
#5434 = ORIENTED_EDGE('',*,*,#5435,.T.);
#5435 = EDGE_CURVE('',#5436,#1565,#5438,.T.);
#5436 = VERTEX_POINT('',#5437);
#5437 = CARTESIAN_POINT('',(-19.4,30.010956148364,16.315253804888));
#5438 = SURFACE_CURVE('',#5439,(#5448,#5454),.PCURVE_S1.);
#5439 = B_SPLINE_CURVE_WITH_KNOTS('',7,(#5440,#5441,#5442,#5443,#5444,
    #5445,#5446,#5447),.UNSPECIFIED.,.F.,.F.,(8,8),(0.,1.),
  .PIECEWISE_BEZIER_KNOTS.);
#5440 = CARTESIAN_POINT('',(-19.4,30.010956141229,16.315253786128));
#5441 = CARTESIAN_POINT('',(-19.5795195802,30.010956729402,
    16.31525372139));
#5442 = CARTESIAN_POINT('',(-19.75903829198,30.01609927878,
    16.361970637366));
#5443 = CARTESIAN_POINT('',(-19.92379755265,30.026382963608,
    16.455397078041));
#5444 = CARTESIAN_POINT('',(-20.05901017776,30.041176541079,
    16.589797985137));
#5445 = CARTESIAN_POINT('',(-20.15300089075,30.059202667459,
    16.753568166637));
#5446 = CARTESIAN_POINT('',(-20.2,30.078843542549,16.932009200997));
#5447 = CARTESIAN_POINT('',(-20.2,30.098484500494,17.110451101766));
#5448 = PCURVE('',#1609,#5449);
#5449 = DEFINITIONAL_REPRESENTATION('',(#5450),#5453);
#5450 = B_SPLINE_CURVE_WITH_KNOTS('',1,(#5451,#5452),.UNSPECIFIED.,.F.,
  .F.,(2,2),(0.,1.),.PIECEWISE_BEZIER_KNOTS.);
#5451 = CARTESIAN_POINT('',(5.740964169823E-04,6.28318530718));
#5452 = CARTESIAN_POINT('',(5.743121502464E-04,4.712388980385));
#5453 = ( GEOMETRIC_REPRESENTATION_CONTEXT(2) 
PARAMETRIC_REPRESENTATION_CONTEXT() REPRESENTATION_CONTEXT('2D SPACE',''
  ) );
#5454 = PCURVE('',#5340,#5455);
#5455 = DEFINITIONAL_REPRESENTATION('',(#5456),#5459);
#5456 = B_SPLINE_CURVE_WITH_KNOTS('',1,(#5457,#5458),.UNSPECIFIED.,.F.,
  .F.,(2,2),(0.,1.),.PIECEWISE_BEZIER_KNOTS.);
#5457 = CARTESIAN_POINT('',(1.,0.));
#5458 = CARTESIAN_POINT('',(1.,1.));
#5459 = ( GEOMETRIC_REPRESENTATION_CONTEXT(2) 
PARAMETRIC_REPRESENTATION_CONTEXT() REPRESENTATION_CONTEXT('2D SPACE',''
  ) );
#5460 = ORIENTED_EDGE('',*,*,#1592,.T.);
#5461 = ORIENTED_EDGE('',*,*,#5270,.T.);
#5462 = ORIENTED_EDGE('',*,*,#5463,.F.);
#5463 = EDGE_CURVE('',#5436,#5271,#5464,.T.);
#5464 = SURFACE_CURVE('',#5465,(#5470,#5477),.PCURVE_S1.);
#5465 = CIRCLE('',#5466,19.2);
#5466 = AXIS2_PLACEMENT_3D('',#5467,#5468,#5469);
#5467 = CARTESIAN_POINT('',(-19.4,32.111542149719,35.4));
#5468 = DIRECTION('',(1.,0.,0.));
#5469 = DIRECTION('',(0.,-0.109976153631,-0.993934226009));
#5470 = PCURVE('',#1609,#5471);
#5471 = DEFINITIONAL_REPRESENTATION('',(#5472),#5476);
#5472 = LINE('',#5473,#5474);
#5473 = CARTESIAN_POINT('',(0.,6.28318530718));
#5474 = VECTOR('',#5475,1.);
#5475 = DIRECTION('',(1.,0.));
#5476 = ( GEOMETRIC_REPRESENTATION_CONTEXT(2) 
PARAMETRIC_REPRESENTATION_CONTEXT() REPRESENTATION_CONTEXT('2D SPACE',''
  ) );
#5477 = PCURVE('',#5478,#5483);
#5478 = CYLINDRICAL_SURFACE('',#5479,19.2);
#5479 = AXIS2_PLACEMENT_3D('',#5480,#5481,#5482);
#5480 = CARTESIAN_POINT('',(-20.2,32.111542149719,35.4));
#5481 = DIRECTION('',(-1.,-0.,-0.));
#5482 = DIRECTION('',(0.,1.,0.));
#5483 = DEFINITIONAL_REPRESENTATION('',(#5484),#5488);
#5484 = LINE('',#5485,#5486);
#5485 = CARTESIAN_POINT('',(-4.602189922327,-0.8));
#5486 = VECTOR('',#5487,1.);
#5487 = DIRECTION('',(-1.,0.));
#5488 = ( GEOMETRIC_REPRESENTATION_CONTEXT(2) 
PARAMETRIC_REPRESENTATION_CONTEXT() REPRESENTATION_CONTEXT('2D SPACE',''
  ) );
#5489 = ADVANCED_FACE('',(#5490),#2029,.T.);
#5490 = FACE_BOUND('',#5491,.T.);
#5491 = EDGE_LOOP('',(#5492,#5514,#5537,#5557));
#5492 = ORIENTED_EDGE('',*,*,#5493,.T.);
#5493 = EDGE_CURVE('',#1981,#5494,#5496,.T.);
#5494 = VERTEX_POINT('',#5495);
#5495 = CARTESIAN_POINT('',(19.4,36.9,5.));
#5496 = SURFACE_CURVE('',#5497,(#5502,#5508),.PCURVE_S1.);
#5497 = CIRCLE('',#5498,0.8);
#5498 = AXIS2_PLACEMENT_3D('',#5499,#5500,#5501);
#5499 = CARTESIAN_POINT('',(19.4,36.9,4.2));
#5500 = DIRECTION('',(0.,-1.,-1.224646799147E-16));
#5501 = DIRECTION('',(0.,1.224646799147E-16,-1.));
#5502 = PCURVE('',#2029,#5503);
#5503 = DEFINITIONAL_REPRESENTATION('',(#5504),#5507);
#5504 = B_SPLINE_CURVE_WITH_KNOTS('',1,(#5505,#5506),.UNSPECIFIED.,.F.,
  .F.,(2,2),(1.570796326795,3.14159265359),.PIECEWISE_BEZIER_KNOTS.);
#5505 = CARTESIAN_POINT('',(0.,0.));
#5506 = CARTESIAN_POINT('',(1.570796326795,0.));
#5507 = ( GEOMETRIC_REPRESENTATION_CONTEXT(2) 
PARAMETRIC_REPRESENTATION_CONTEXT() REPRESENTATION_CONTEXT('2D SPACE',''
  ) );
#5508 = PCURVE('',#2001,#5509);
#5509 = DEFINITIONAL_REPRESENTATION('',(#5510),#5513);
#5510 = B_SPLINE_CURVE_WITH_KNOTS('',1,(#5511,#5512),.UNSPECIFIED.,.F.,
  .F.,(2,2),(1.570796326795,3.14159265359),.PIECEWISE_BEZIER_KNOTS.);
#5511 = CARTESIAN_POINT('',(-3.14159265359,1.570796326795));
#5512 = CARTESIAN_POINT('',(-3.14159265359,3.14159265359));
#5513 = ( GEOMETRIC_REPRESENTATION_CONTEXT(2) 
PARAMETRIC_REPRESENTATION_CONTEXT() REPRESENTATION_CONTEXT('2D SPACE',''
  ) );
#5514 = ORIENTED_EDGE('',*,*,#5515,.T.);
#5515 = EDGE_CURVE('',#5494,#5516,#5518,.T.);
#5516 = VERTEX_POINT('',#5517);
#5517 = CARTESIAN_POINT('',(19.4,28.405390679346,5.));
#5518 = SURFACE_CURVE('',#5519,(#5523,#5530),.PCURVE_S1.);
#5519 = LINE('',#5520,#5521);
#5520 = CARTESIAN_POINT('',(19.4,36.9,5.));
#5521 = VECTOR('',#5522,1.);
#5522 = DIRECTION('',(0.,-1.,0.));
#5523 = PCURVE('',#2029,#5524);
#5524 = DEFINITIONAL_REPRESENTATION('',(#5525),#5529);
#5525 = LINE('',#5526,#5527);
#5526 = CARTESIAN_POINT('',(1.570796326795,0.));
#5527 = VECTOR('',#5528,1.);
#5528 = DIRECTION('',(0.,1.));
#5529 = ( GEOMETRIC_REPRESENTATION_CONTEXT(2) 
PARAMETRIC_REPRESENTATION_CONTEXT() REPRESENTATION_CONTEXT('2D SPACE',''
  ) );
#5530 = PCURVE('',#5078,#5531);
#5531 = DEFINITIONAL_REPRESENTATION('',(#5532),#5536);
#5532 = LINE('',#5533,#5534);
#5533 = CARTESIAN_POINT('',(0.,-39.6));
#5534 = VECTOR('',#5535,1.);
#5535 = DIRECTION('',(1.,0.));
#5536 = ( GEOMETRIC_REPRESENTATION_CONTEXT(2) 
PARAMETRIC_REPRESENTATION_CONTEXT() REPRESENTATION_CONTEXT('2D SPACE',''
  ) );
#5537 = ORIENTED_EDGE('',*,*,#5538,.T.);
#5538 = EDGE_CURVE('',#5516,#2014,#5539,.T.);
#5539 = SURFACE_CURVE('',#5540,(#5545,#5551),.PCURVE_S1.);
#5540 = CIRCLE('',#5541,0.8);
#5541 = AXIS2_PLACEMENT_3D('',#5542,#5543,#5544);
#5542 = CARTESIAN_POINT('',(19.4,28.405390679346,4.2));
#5543 = DIRECTION('',(-2.6645352591E-15,1.,0.));
#5544 = DIRECTION('',(-1.,-2.6645352591E-15,-0.));
#5545 = PCURVE('',#2029,#5546);
#5546 = DEFINITIONAL_REPRESENTATION('',(#5547),#5550);
#5547 = B_SPLINE_CURVE_WITH_KNOTS('',1,(#5548,#5549),.UNSPECIFIED.,.F.,
  .F.,(2,2),(1.570796326795,3.14159265359),.PIECEWISE_BEZIER_KNOTS.);
#5548 = CARTESIAN_POINT('',(1.570796326795,8.494609320654));
#5549 = CARTESIAN_POINT('',(0.,8.494609320654));
#5550 = ( GEOMETRIC_REPRESENTATION_CONTEXT(2) 
PARAMETRIC_REPRESENTATION_CONTEXT() REPRESENTATION_CONTEXT('2D SPACE',''
  ) );
#5551 = PCURVE('',#2160,#5552);
#5552 = DEFINITIONAL_REPRESENTATION('',(#5553),#5556);
#5553 = B_SPLINE_CURVE_WITH_KNOTS('',1,(#5554,#5555),.UNSPECIFIED.,.F.,
  .F.,(2,2),(1.570796326795,3.14159265359),.PIECEWISE_BEZIER_KNOTS.);
#5554 = CARTESIAN_POINT('',(-0.938047491793,1.570796326795));
#5555 = CARTESIAN_POINT('',(-0.938047491793,3.14159265359));
#5556 = ( GEOMETRIC_REPRESENTATION_CONTEXT(2) 
PARAMETRIC_REPRESENTATION_CONTEXT() REPRESENTATION_CONTEXT('2D SPACE',''
  ) );
#5557 = ORIENTED_EDGE('',*,*,#2013,.F.);
#5558 = ADVANCED_FACE('',(#5559),#2001,.T.);
#5559 = FACE_BOUND('',#5560,.F.);
#5560 = EDGE_LOOP('',(#5561,#5583,#5584,#5585));
#5561 = ORIENTED_EDGE('',*,*,#5562,.F.);
#5562 = EDGE_CURVE('',#1953,#5563,#5565,.T.);
#5563 = VERTEX_POINT('',#5564);
#5564 = CARTESIAN_POINT('',(19.4,36.9,16.2));
#5565 = SURFACE_CURVE('',#5566,(#5571,#5577),.PCURVE_S1.);
#5566 = CIRCLE('',#5567,0.8);
#5567 = AXIS2_PLACEMENT_3D('',#5568,#5569,#5570);
#5568 = CARTESIAN_POINT('',(19.4,36.9,17.));
#5569 = DIRECTION('',(-0.,1.,0.));
#5570 = DIRECTION('',(1.,0.,0.));
#5571 = PCURVE('',#2001,#5572);
#5572 = DEFINITIONAL_REPRESENTATION('',(#5573),#5576);
#5573 = B_SPLINE_CURVE_WITH_KNOTS('',1,(#5574,#5575),.UNSPECIFIED.,.F.,
  .F.,(2,2),(0.,1.570796326795),.PIECEWISE_BEZIER_KNOTS.);
#5574 = CARTESIAN_POINT('',(0.,1.570796326795));
#5575 = CARTESIAN_POINT('',(0.,3.14159265359));
#5576 = ( GEOMETRIC_REPRESENTATION_CONTEXT(2) 
PARAMETRIC_REPRESENTATION_CONTEXT() REPRESENTATION_CONTEXT('2D SPACE',''
  ) );
#5577 = PCURVE('',#1968,#5578);
#5578 = DEFINITIONAL_REPRESENTATION('',(#5579),#5582);
#5579 = B_SPLINE_CURVE_WITH_KNOTS('',1,(#5580,#5581),.UNSPECIFIED.,.F.,
  .F.,(2,2),(0.,1.570796326795),.PIECEWISE_BEZIER_KNOTS.);
#5580 = CARTESIAN_POINT('',(0.,4.788457850281));
#5581 = CARTESIAN_POINT('',(1.570796326795,4.788457850281));
#5582 = ( GEOMETRIC_REPRESENTATION_CONTEXT(2) 
PARAMETRIC_REPRESENTATION_CONTEXT() REPRESENTATION_CONTEXT('2D SPACE',''
  ) );
#5583 = ORIENTED_EDGE('',*,*,#1980,.T.);
#5584 = ORIENTED_EDGE('',*,*,#5493,.T.);
#5585 = ORIENTED_EDGE('',*,*,#5586,.F.);
#5586 = EDGE_CURVE('',#5563,#5494,#5587,.T.);
#5587 = SURFACE_CURVE('',#5588,(#5593,#5600),.PCURVE_S1.);
#5588 = CIRCLE('',#5589,5.6);
#5589 = AXIS2_PLACEMENT_3D('',#5590,#5591,#5592);
#5590 = CARTESIAN_POINT('',(19.4,36.9,10.6));
#5591 = DIRECTION('',(-1.,0.,-0.));
#5592 = DIRECTION('',(-0.,0.,1.));
#5593 = PCURVE('',#2001,#5594);
#5594 = DEFINITIONAL_REPRESENTATION('',(#5595),#5599);
#5595 = LINE('',#5596,#5597);
#5596 = CARTESIAN_POINT('',(-0.,3.14159265359));
#5597 = VECTOR('',#5598,1.);
#5598 = DIRECTION('',(-1.,0.));
#5599 = ( GEOMETRIC_REPRESENTATION_CONTEXT(2) 
PARAMETRIC_REPRESENTATION_CONTEXT() REPRESENTATION_CONTEXT('2D SPACE',''
  ) );
#5600 = PCURVE('',#5153,#5601);
#5601 = DEFINITIONAL_REPRESENTATION('',(#5602),#5606);
#5602 = LINE('',#5603,#5604);
#5603 = CARTESIAN_POINT('',(4.712388980385,-39.6));
#5604 = VECTOR('',#5605,1.);
#5605 = DIRECTION('',(1.,0.));
#5606 = ( GEOMETRIC_REPRESENTATION_CONTEXT(2) 
PARAMETRIC_REPRESENTATION_CONTEXT() REPRESENTATION_CONTEXT('2D SPACE',''
  ) );
#5607 = ADVANCED_FACE('',(#5608),#1809,.F.);
#5608 = FACE_BOUND('',#5609,.F.);
#5609 = EDGE_LOOP('',(#5610,#5611,#5612,#5708));
#5610 = ORIENTED_EDGE('',*,*,#3045,.T.);
#5611 = ORIENTED_EDGE('',*,*,#1759,.T.);
#5612 = ORIENTED_EDGE('',*,*,#5613,.T.);
#5613 = EDGE_CURVE('',#1760,#3079,#5614,.T.);
#5614 = SURFACE_CURVE('',#5615,(#5624,#5636),.PCURVE_S1.);
#5615 = B_SPLINE_CURVE_WITH_KNOTS('',7,(#5616,#5617,#5618,#5619,#5620,
    #5621,#5622,#5623),.UNSPECIFIED.,.F.,.F.,(8,8),(0.,1.),
  .PIECEWISE_BEZIER_KNOTS.);
#5616 = CARTESIAN_POINT('',(20.2,30.098484500494,20.423961887339));
#5617 = CARTESIAN_POINT('',(20.2,30.104161060476,20.60328561683));
#5618 = CARTESIAN_POINT('',(20.152986917056,30.109849378119,
    20.782985272265));
#5619 = CARTESIAN_POINT('',(20.059116501617,30.115051304924,
    20.947314748772));
#5620 = CARTESIAN_POINT('',(19.923615034516,30.119338580376,
    21.082748373798));
#5621 = CARTESIAN_POINT('',(19.759203238076,30.12230871612,
    21.176571790387));
#5622 = CARTESIAN_POINT('',(19.579413559439,30.123796242343,
    21.223561329346));
#5623 = CARTESIAN_POINT('',(19.4,30.123796508637,21.223561326492));
#5624 = PCURVE('',#1809,#5625);
#5625 = DEFINITIONAL_REPRESENTATION('',(#5626),#5635);
#5626 = B_SPLINE_CURVE_WITH_KNOTS('',7,(#5627,#5628,#5629,#5630,#5631,
    #5632,#5633,#5634),.UNSPECIFIED.,.F.,.F.,(8,8),(0.,1.),
  .PIECEWISE_BEZIER_KNOTS.);
#5627 = CARTESIAN_POINT('',(5.320282220564,48.977312295493));
#5628 = CARTESIAN_POINT('',(4.476588287095,48.977311931258));
#5629 = CARTESIAN_POINT('',(3.722512077549,48.977311605711));
#5630 = CARTESIAN_POINT('',(3.011212196937,48.977311298635));
#5631 = CARTESIAN_POINT('',(2.309070198487,48.977310995505));
#5632 = CARTESIAN_POINT('',(1.597770432024,48.977310688429));
#5633 = CARTESIAN_POINT('',(0.843693975762,48.977310362882));
#5634 = CARTESIAN_POINT('',(-8.881784197001E-16,48.977309998647));
#5635 = ( GEOMETRIC_REPRESENTATION_CONTEXT(2) 
PARAMETRIC_REPRESENTATION_CONTEXT() REPRESENTATION_CONTEXT('2D SPACE',''
  ) );
#5636 = PCURVE('',#5637,#5702);
#5637 = B_SPLINE_SURFACE_WITH_KNOTS('',7,7,(
    (#5638,#5639,#5640,#5641,#5642,#5643,#5644,#5645)
    ,(#5646,#5647,#5648,#5649,#5650,#5651,#5652,#5653)
    ,(#5654,#5655,#5656,#5657,#5658,#5659,#5660,#5661)
    ,(#5662,#5663,#5664,#5665,#5666,#5667,#5668,#5669)
    ,(#5670,#5671,#5672,#5673,#5674,#5675,#5676,#5677)
    ,(#5678,#5679,#5680,#5681,#5682,#5683,#5684,#5685)
    ,(#5686,#5687,#5688,#5689,#5690,#5691,#5692,#5693)
    ,(#5694,#5695,#5696,#5697,#5698,#5699,#5700,#5701
  )),.UNSPECIFIED.,.F.,.F.,.F.,(8,8),(8,8),(0.,1.),(0.,1.),
  .PIECEWISE_BEZIER_KNOTS.);
#5638 = CARTESIAN_POINT('',(20.176114000116,29.904456000465,
    20.423973695524));
#5639 = CARTESIAN_POINT('',(20.182904406194,29.931617624777,
    20.42397200864));
#5640 = CARTESIAN_POINT('',(20.188585809203,29.959056499856,
    20.423970321757));
#5641 = CARTESIAN_POINT('',(20.193144625041,29.986718289284,
    20.423968634873));
#5642 = CARTESIAN_POINT('',(20.196570597409,30.014547824691,
    20.42396694799));
#5643 = CARTESIAN_POINT('',(20.198856865801,30.042489377494,
    20.423965261106));
#5644 = CARTESIAN_POINT('',(20.2,30.070486938994,20.423963574222));
#5645 = CARTESIAN_POINT('',(20.2,30.098484500494,20.423961887339));
#5646 = CARTESIAN_POINT('',(20.176114000116,29.904456000465,
    20.423973695524));
#5647 = CARTESIAN_POINT('',(20.1831651434,29.932660573599,
    20.459013511896));
#5648 = CARTESIAN_POINT('',(20.188713322467,29.959929481797,
    20.494108116392));
#5649 = CARTESIAN_POINT('',(20.193138367174,29.987005923534,
    20.526973240599));
#5650 = CARTESIAN_POINT('',(20.196631552727,30.01476884797,
    20.555651454374));
#5651 = CARTESIAN_POINT('',(20.19905467874,30.043706707056,
    20.578302379783));
#5652 = CARTESIAN_POINT('',(20.20019847019,30.073724093998,
    20.594182249356));
#5653 = CARTESIAN_POINT('',(20.2,30.104161060476,20.60328561683));
#5654 = CARTESIAN_POINT('',(20.176114000116,29.904456000465,
    20.423973695524));
#5655 = CARTESIAN_POINT('',(20.182193476868,29.928773907472,
    20.519037104085));
#5656 = CARTESIAN_POINT('',(20.198962818422,29.954299375938,
    20.582394152748));
#5657 = CARTESIAN_POINT('',(20.182826955803,29.982578305185,
    20.652792592363));
#5658 = CARTESIAN_POINT('',(20.161889697005,30.012842278179,
    20.709170117192));
#5659 = CARTESIAN_POINT('',(20.146165791051,30.044495732736,
    20.750412326483));
#5660 = CARTESIAN_POINT('',(20.158233304043,30.076830132187,
    20.760263110519));
#5661 = CARTESIAN_POINT('',(20.152986917056,30.109849378119,
    20.782985272265));
#5662 = CARTESIAN_POINT('',(20.176114000116,29.904456000465,
    20.423973695524));
#5663 = CARTESIAN_POINT('',(20.18206074431,29.92824297724,
    20.535709301522));
#5664 = CARTESIAN_POINT('',(20.178072879818,29.95462446778,
    20.634528362067));
#5665 = CARTESIAN_POINT('',(20.148549869892,29.983759215695,
    20.725970714473));
#5666 = CARTESIAN_POINT('',(20.115475913206,30.01436520196,
    20.799907489915));
#5667 = CARTESIAN_POINT('',(20.089561876027,30.045801617599,
    20.861360639345));
#5668 = CARTESIAN_POINT('',(20.078213598976,30.079327926176,
    20.90712424622));
#5669 = CARTESIAN_POINT('',(20.059116501617,30.115051304924,
    20.947314748772));
#5670 = CARTESIAN_POINT('',(20.176114000116,29.904456000465,
    20.423973695524));
#5671 = CARTESIAN_POINT('',(20.181762632526,29.927050530104,
    20.54366535313));
#5672 = CARTESIAN_POINT('',(20.152688560914,29.954012456245,
    20.673207599453));
#5673 = CARTESIAN_POINT('',(20.110913206514,29.983827851473,
    20.778416139241));
#5674 = CARTESIAN_POINT('',(20.064836690512,30.014761689913,
    20.86408202817));
#5675 = CARTESIAN_POINT('',(20.023205659312,30.046062507996,
    20.941804806375));
#5676 = CARTESIAN_POINT('',(19.972367278726,30.080906317854,
    21.024939463951));
#5677 = CARTESIAN_POINT('',(19.923615034516,30.119338580376,
    21.082748373798));
#5678 = CARTESIAN_POINT('',(20.176114000116,29.904456000465,
    20.423973695524));
#5679 = CARTESIAN_POINT('',(20.181063741045,29.924254964179,
    20.551798324683));
#5680 = CARTESIAN_POINT('',(20.132993942298,29.950560947404,
    20.706689654836));
#5681 = CARTESIAN_POINT('',(20.080940849544,29.980678860481,
    20.826389303782));
#5682 = CARTESIAN_POINT('',(20.019190416116,30.012527435718,
    20.924395658061));
#5683 = CARTESIAN_POINT('',(19.95321950568,30.044933813278,
    21.013659381128));
#5684 = CARTESIAN_POINT('',(19.853691217941,30.08167561605,
    21.11719434221));
#5685 = CARTESIAN_POINT('',(19.759203238076,30.12230871612,
    21.176571790387));
#5686 = CARTESIAN_POINT('',(20.176114000116,29.904456000465,
    20.423973695524));
#5687 = CARTESIAN_POINT('',(20.178959756667,29.915839026666,
    20.594743465105));
#5688 = CARTESIAN_POINT('',(20.140492259538,29.937487179651,
    20.761131912834));
#5689 = CARTESIAN_POINT('',(20.064762659858,29.967786759108,
    20.907969210372));
#5690 = CARTESIAN_POINT('',(19.963675927308,30.003360719188,
    21.02572953992));
#5691 = CARTESIAN_POINT('',(19.849439080445,30.041179213099,
    21.117865968219));
#5692 = CARTESIAN_POINT('',(19.720174479469,30.081690822599,
    21.185630277506));
#5693 = CARTESIAN_POINT('',(19.579413559439,30.123796242343,
    21.223561329346));
#5694 = CARTESIAN_POINT('',(20.176114000116,29.904456000465,
    20.423973695524));
#5695 = CARTESIAN_POINT('',(20.177522017102,29.910088068409,
    20.604167290711));
#5696 = CARTESIAN_POINT('',(20.132895840046,29.927328892225,
    20.784744406442));
#5697 = CARTESIAN_POINT('',(20.042244124799,29.955539118277,
    20.949715157068));
#5698 = CARTESIAN_POINT('',(19.910598958841,29.992919061292,
    21.085377534936));
#5699 = CARTESIAN_POINT('',(19.750446070866,30.035850186297,
    21.178848895367));
#5700 = CARTESIAN_POINT('',(19.575075716284,30.080783671058,
    21.224922869425));
#5701 = CARTESIAN_POINT('',(19.4,30.123796508637,21.223561326492));
#5702 = DEFINITIONAL_REPRESENTATION('',(#5703),#5707);
#5703 = LINE('',#5704,#5705);
#5704 = CARTESIAN_POINT('',(0.,1.));
#5705 = VECTOR('',#5706,1.);
#5706 = DIRECTION('',(1.,0.));
#5707 = ( GEOMETRIC_REPRESENTATION_CONTEXT(2) 
PARAMETRIC_REPRESENTATION_CONTEXT() REPRESENTATION_CONTEXT('2D SPACE',''
  ) );
#5708 = ORIENTED_EDGE('',*,*,#3078,.F.);
#5709 = ADVANCED_FACE('',(#5710),#1968,.T.);
#5710 = FACE_BOUND('',#5711,.T.);
#5711 = EDGE_LOOP('',(#5712,#5734,#5755,#5756));
#5712 = ORIENTED_EDGE('',*,*,#5713,.T.);
#5713 = EDGE_CURVE('',#1924,#5714,#5716,.T.);
#5714 = VERTEX_POINT('',#5715);
#5715 = CARTESIAN_POINT('',(19.4,32.111542149719,16.2));
#5716 = SURFACE_CURVE('',#5717,(#5722,#5728),.PCURVE_S1.);
#5717 = CIRCLE('',#5718,0.8);
#5718 = AXIS2_PLACEMENT_3D('',#5719,#5720,#5721);
#5719 = CARTESIAN_POINT('',(19.4,32.111542149719,17.));
#5720 = DIRECTION('',(0.,1.,-1.52655665886E-16));
#5721 = DIRECTION('',(0.,-1.52655665886E-16,-1.));
#5722 = PCURVE('',#1968,#5723);
#5723 = DEFINITIONAL_REPRESENTATION('',(#5724),#5727);
#5724 = B_SPLINE_CURVE_WITH_KNOTS('',1,(#5725,#5726),.UNSPECIFIED.,.F.,
  .F.,(2,2),(4.712388980385,6.28318530718),.PIECEWISE_BEZIER_KNOTS.);
#5725 = CARTESIAN_POINT('',(0.,0.));
#5726 = CARTESIAN_POINT('',(1.570796326795,0.));
#5727 = ( GEOMETRIC_REPRESENTATION_CONTEXT(2) 
PARAMETRIC_REPRESENTATION_CONTEXT() REPRESENTATION_CONTEXT('2D SPACE',''
  ) );
#5728 = PCURVE('',#1940,#5729);
#5729 = DEFINITIONAL_REPRESENTATION('',(#5730),#5733);
#5730 = B_SPLINE_CURVE_WITH_KNOTS('',1,(#5731,#5732),.UNSPECIFIED.,.F.,
  .F.,(2,2),(4.712388980385,6.28318530718),.PIECEWISE_BEZIER_KNOTS.);
#5731 = CARTESIAN_POINT('',(-0.110199058058,4.712388980385));
#5732 = CARTESIAN_POINT('',(-0.110199058058,6.28318530718));
#5733 = ( GEOMETRIC_REPRESENTATION_CONTEXT(2) 
PARAMETRIC_REPRESENTATION_CONTEXT() REPRESENTATION_CONTEXT('2D SPACE',''
  ) );
#5734 = ORIENTED_EDGE('',*,*,#5735,.T.);
#5735 = EDGE_CURVE('',#5714,#5563,#5736,.T.);
#5736 = SURFACE_CURVE('',#5737,(#5741,#5748),.PCURVE_S1.);
#5737 = LINE('',#5738,#5739);
#5738 = CARTESIAN_POINT('',(19.4,32.111542149719,16.2));
#5739 = VECTOR('',#5740,1.);
#5740 = DIRECTION('',(0.,1.,0.));
#5741 = PCURVE('',#1968,#5742);
#5742 = DEFINITIONAL_REPRESENTATION('',(#5743),#5747);
#5743 = LINE('',#5744,#5745);
#5744 = CARTESIAN_POINT('',(1.570796326795,0.));
#5745 = VECTOR('',#5746,1.);
#5746 = DIRECTION('',(0.,1.));
#5747 = ( GEOMETRIC_REPRESENTATION_CONTEXT(2) 
PARAMETRIC_REPRESENTATION_CONTEXT() REPRESENTATION_CONTEXT('2D SPACE',''
  ) );
#5748 = PCURVE('',#5306,#5749);
#5749 = DEFINITIONAL_REPRESENTATION('',(#5750),#5754);
#5750 = LINE('',#5751,#5752);
#5751 = CARTESIAN_POINT('',(0.,-39.6));
#5752 = VECTOR('',#5753,1.);
#5753 = DIRECTION('',(1.,0.));
#5754 = ( GEOMETRIC_REPRESENTATION_CONTEXT(2) 
PARAMETRIC_REPRESENTATION_CONTEXT() REPRESENTATION_CONTEXT('2D SPACE',''
  ) );
#5755 = ORIENTED_EDGE('',*,*,#5562,.F.);
#5756 = ORIENTED_EDGE('',*,*,#1952,.F.);
#5757 = ADVANCED_FACE('',(#5758),#1911,.T.);
#5758 = FACE_BOUND('',#5759,.F.);
#5759 = EDGE_LOOP('',(#5760,#5761,#5817,#5845));
#5760 = ORIENTED_EDGE('',*,*,#1895,.F.);
#5761 = ORIENTED_EDGE('',*,*,#5762,.F.);
#5762 = EDGE_CURVE('',#5763,#1896,#5765,.T.);
#5763 = VERTEX_POINT('',#5764);
#5764 = CARTESIAN_POINT('',(20.176114000116,29.904456000465,
    17.11041340783));
#5765 = SURFACE_CURVE('',#5766,(#5771,#5777),.PCURVE_S1.);
#5766 = B_SPLINE_CURVE_WITH_KNOTS('',3,(#5767,#5768,#5769,#5770),
  .UNSPECIFIED.,.F.,.F.,(4,4),(0.,1.),.PIECEWISE_BEZIER_KNOTS.);
#5767 = CARTESIAN_POINT('',(20.176114000116,29.904456000465,
    17.11041340783));
#5768 = CARTESIAN_POINT('',(20.191958280965,29.967833123859,
    17.110425972475));
#5769 = CARTESIAN_POINT('',(20.2,30.033156856994,17.11043853712));
#5770 = CARTESIAN_POINT('',(20.2,30.098484500494,17.110451101766));
#5771 = PCURVE('',#1911,#5772);
#5772 = DEFINITIONAL_REPRESENTATION('',(#5773),#5776);
#5773 = B_SPLINE_CURVE_WITH_KNOTS('',1,(#5774,#5775),.UNSPECIFIED.,.F.,
  .F.,(2,2),(0.,1.),.PIECEWISE_BEZIER_KNOTS.);
#5774 = CARTESIAN_POINT('',(-0.244978663127,0.793950547206));
#5775 = CARTESIAN_POINT('',(-1.148803274731E-13,0.793988241142));
#5776 = ( GEOMETRIC_REPRESENTATION_CONTEXT(2) 
PARAMETRIC_REPRESENTATION_CONTEXT() REPRESENTATION_CONTEXT('2D SPACE',''
  ) );
#5777 = PCURVE('',#5778,#5811);
#5778 = B_SPLINE_SURFACE_WITH_KNOTS('',3,7,(
    (#5779,#5780,#5781,#5782,#5783,#5784,#5785,#5786)
    ,(#5787,#5788,#5789,#5790,#5791,#5792,#5793,#5794)
    ,(#5795,#5796,#5797,#5798,#5799,#5800,#5801,#5802)
    ,(#5803,#5804,#5805,#5806,#5807,#5808,#5809,#5810
  )),.UNSPECIFIED.,.F.,.F.,.F.,(4,4),(8,8),(0.,1.),(0.,1.),
  .PIECEWISE_BEZIER_KNOTS.);
#5779 = CARTESIAN_POINT('',(19.4,30.010956148364,16.315253804888));
#5780 = CARTESIAN_POINT('',(19.570885367922,29.967515878433,
    16.32003511168));
#5781 = CARTESIAN_POINT('',(19.742241011004,29.929502127117,
    16.369922545004));
#5782 = CARTESIAN_POINT('',(19.899572578285,29.900420215382,
    16.464401499883));
#5783 = CARTESIAN_POINT('',(20.030314908232,29.882743415382,
    16.598254547808));
#5784 = CARTESIAN_POINT('',(20.122653865558,29.877957407472,
    16.75942462276));
#5785 = CARTESIAN_POINT('',(20.171440743068,29.88576297227,
    16.935084029398));
#5786 = CARTESIAN_POINT('',(20.176114000116,29.904456000465,
    17.11041340783));
#5787 = CARTESIAN_POINT('',(19.4,30.010956146694,16.315253805071));
#5788 = CARTESIAN_POINT('',(19.574889477426,29.981812805926,
    16.318461496716));
#5789 = CARTESIAN_POINT('',(19.750098475223,29.957964304395,
    16.366991832454));
#5790 = CARTESIAN_POINT('',(19.911262379642,29.941685985033,
    16.460438979457));
#5791 = CARTESIAN_POINT('',(20.045672099971,29.934347211368,
    16.594137992676));
#5792 = CARTESIAN_POINT('',(20.140075396072,29.93696610169,
    16.756930972727));
#5793 = CARTESIAN_POINT('',(20.1887862181,29.948742326197,
    16.934059086598));
#5794 = CARTESIAN_POINT('',(20.191958280965,29.967833123859,
    17.110425972475));
#5795 = CARTESIAN_POINT('',(19.4,30.010956142899,16.315253785944));
#5796 = CARTESIAN_POINT('',(19.577778939463,29.996384491137,
    16.316857632676));
#5797 = CARTESIAN_POINT('',(19.755718799437,29.987010507375,
    16.364285856763));
#5798 = CARTESIAN_POINT('',(19.919420197165,29.983998506809,
    16.457329469074));
#5799 = CARTESIAN_POINT('',(20.055421719681,29.987842741551,
    16.591249611156));
#5800 = CARTESIAN_POINT('',(20.150337655173,29.998261332333,
    16.754966939962));
#5801 = CARTESIAN_POINT('',(20.198394749833,30.013924943739,
    16.933034143797));
#5802 = CARTESIAN_POINT('',(20.2,30.033156856994,17.11043853712));
#5803 = CARTESIAN_POINT('',(19.4,30.010956141229,16.315253786128));
#5804 = CARTESIAN_POINT('',(19.579519580205,30.010956729402,
    16.315253721389));
#5805 = CARTESIAN_POINT('',(19.759038291987,30.01609927878,
    16.361970637366));
#5806 = CARTESIAN_POINT('',(19.923797552658,30.026382963608,
    16.45539707804));
#5807 = CARTESIAN_POINT('',(20.059010177762,30.041176541078,
    16.589797985137));
#5808 = CARTESIAN_POINT('',(20.153000890759,30.059202667459,
    16.753568166637));
#5809 = CARTESIAN_POINT('',(20.2,30.078843542548,16.932009200997));
#5810 = CARTESIAN_POINT('',(20.2,30.098484500494,17.110451101766));
#5811 = DEFINITIONAL_REPRESENTATION('',(#5812),#5816);
#5812 = LINE('',#5813,#5814);
#5813 = CARTESIAN_POINT('',(0.,1.));
#5814 = VECTOR('',#5815,1.);
#5815 = DIRECTION('',(1.,0.));
#5816 = ( GEOMETRIC_REPRESENTATION_CONTEXT(2) 
PARAMETRIC_REPRESENTATION_CONTEXT() REPRESENTATION_CONTEXT('2D SPACE',''
  ) );
#5817 = ORIENTED_EDGE('',*,*,#5818,.T.);
#5818 = EDGE_CURVE('',#5763,#5819,#5821,.T.);
#5819 = VERTEX_POINT('',#5820);
#5820 = CARTESIAN_POINT('',(20.176114000116,29.904456000465,
    20.423973695524));
#5821 = SURFACE_CURVE('',#5822,(#5826,#5833),.PCURVE_S1.);
#5822 = LINE('',#5823,#5824);
#5823 = CARTESIAN_POINT('',(20.176114000116,29.904456000465,
    16.316462860624));
#5824 = VECTOR('',#5825,1.);
#5825 = DIRECTION('',(0.,0.,1.));
#5826 = PCURVE('',#1911,#5827);
#5827 = DEFINITIONAL_REPRESENTATION('',(#5828),#5832);
#5828 = LINE('',#5829,#5830);
#5829 = CARTESIAN_POINT('',(-0.244978663127,0.));
#5830 = VECTOR('',#5831,1.);
#5831 = DIRECTION('',(-0.,1.));
#5832 = ( GEOMETRIC_REPRESENTATION_CONTEXT(2) 
PARAMETRIC_REPRESENTATION_CONTEXT() REPRESENTATION_CONTEXT('2D SPACE',''
  ) );
#5833 = PCURVE('',#5834,#5839);
#5834 = PLANE('',#5835);
#5835 = AXIS2_PLACEMENT_3D('',#5836,#5837,#5838);
#5836 = CARTESIAN_POINT('',(20.2,30.,16.1));
#5837 = DIRECTION('',(0.970142500145,-0.242535625036,0.));
#5838 = DIRECTION('',(-0.242535625036,-0.970142500145,0.));
#5839 = DEFINITIONAL_REPRESENTATION('',(#5840),#5844);
#5840 = LINE('',#5841,#5842);
#5841 = CARTESIAN_POINT('',(9.848450049412E-02,-0.216462860624));
#5842 = VECTOR('',#5843,1.);
#5843 = DIRECTION('',(0.,-1.));
#5844 = ( GEOMETRIC_REPRESENTATION_CONTEXT(2) 
PARAMETRIC_REPRESENTATION_CONTEXT() REPRESENTATION_CONTEXT('2D SPACE',''
  ) );
#5845 = ORIENTED_EDGE('',*,*,#5846,.T.);
#5846 = EDGE_CURVE('',#5819,#1760,#5847,.T.);
#5847 = SURFACE_CURVE('',#5848,(#5857,#5863),.PCURVE_S1.);
#5848 = B_SPLINE_CURVE_WITH_KNOTS('',7,(#5849,#5850,#5851,#5852,#5853,
    #5854,#5855,#5856),.UNSPECIFIED.,.F.,.F.,(8,8),(0.,1.),
  .PIECEWISE_BEZIER_KNOTS.);
#5849 = CARTESIAN_POINT('',(20.176114000116,29.904456000465,
    20.423973695524));
#5850 = CARTESIAN_POINT('',(20.182904406194,29.931617624777,
    20.42397200864));
#5851 = CARTESIAN_POINT('',(20.188585809203,29.959056499856,
    20.423970321757));
#5852 = CARTESIAN_POINT('',(20.193144625041,29.986718289284,
    20.423968634873));
#5853 = CARTESIAN_POINT('',(20.196570597409,30.014547824691,
    20.42396694799));
#5854 = CARTESIAN_POINT('',(20.198856865801,30.042489377494,
    20.423965261106));
#5855 = CARTESIAN_POINT('',(20.2,30.070486938994,20.423963574222));
#5856 = CARTESIAN_POINT('',(20.2,30.098484500494,20.423961887339));
#5857 = PCURVE('',#1911,#5858);
#5858 = DEFINITIONAL_REPRESENTATION('',(#5859),#5862);
#5859 = B_SPLINE_CURVE_WITH_KNOTS('',1,(#5860,#5861),.UNSPECIFIED.,.F.,
  .F.,(2,2),(0.,1.),.PIECEWISE_BEZIER_KNOTS.);
#5860 = CARTESIAN_POINT('',(-0.244978663127,4.1075108349));
#5861 = CARTESIAN_POINT('',(0.,4.107499026715));
#5862 = ( GEOMETRIC_REPRESENTATION_CONTEXT(2) 
PARAMETRIC_REPRESENTATION_CONTEXT() REPRESENTATION_CONTEXT('2D SPACE',''
  ) );
#5863 = PCURVE('',#5637,#5864);
#5864 = DEFINITIONAL_REPRESENTATION('',(#5865),#5868);
#5865 = B_SPLINE_CURVE_WITH_KNOTS('',1,(#5866,#5867),.UNSPECIFIED.,.F.,
  .F.,(2,2),(0.,1.),.PIECEWISE_BEZIER_KNOTS.);
#5866 = CARTESIAN_POINT('',(0.,0.));
#5867 = CARTESIAN_POINT('',(0.,1.));
#5868 = ( GEOMETRIC_REPRESENTATION_CONTEXT(2) 
PARAMETRIC_REPRESENTATION_CONTEXT() REPRESENTATION_CONTEXT('2D SPACE',''
  ) );
#5869 = ADVANCED_FACE('',(#5870),#1940,.T.);
#5870 = FACE_BOUND('',#5871,.F.);
#5871 = EDGE_LOOP('',(#5872,#5898,#5899,#5900));
#5872 = ORIENTED_EDGE('',*,*,#5873,.T.);
#5873 = EDGE_CURVE('',#5874,#1896,#5876,.T.);
#5874 = VERTEX_POINT('',#5875);
#5875 = CARTESIAN_POINT('',(19.4,30.010956148364,16.315253804888));
#5876 = SURFACE_CURVE('',#5877,(#5886,#5892),.PCURVE_S1.);
#5877 = B_SPLINE_CURVE_WITH_KNOTS('',7,(#5878,#5879,#5880,#5881,#5882,
    #5883,#5884,#5885),.UNSPECIFIED.,.F.,.F.,(8,8),(0.,1.),
  .PIECEWISE_BEZIER_KNOTS.);
#5878 = CARTESIAN_POINT('',(19.4,30.010956141229,16.315253786128));
#5879 = CARTESIAN_POINT('',(19.579519580205,30.010956729402,
    16.315253721389));
#5880 = CARTESIAN_POINT('',(19.759038291987,30.01609927878,
    16.361970637366));
#5881 = CARTESIAN_POINT('',(19.923797552658,30.026382963608,
    16.45539707804));
#5882 = CARTESIAN_POINT('',(20.059010177762,30.041176541078,
    16.589797985137));
#5883 = CARTESIAN_POINT('',(20.153000890759,30.059202667459,
    16.753568166637));
#5884 = CARTESIAN_POINT('',(20.2,30.078843542548,16.932009200997));
#5885 = CARTESIAN_POINT('',(20.2,30.098484500494,17.110451101766));
#5886 = PCURVE('',#1940,#5887);
#5887 = DEFINITIONAL_REPRESENTATION('',(#5888),#5891);
#5888 = B_SPLINE_CURVE_WITH_KNOTS('',1,(#5889,#5890),.UNSPECIFIED.,.F.,
  .F.,(2,2),(0.,1.),.PIECEWISE_BEZIER_KNOTS.);
#5889 = CARTESIAN_POINT('',(-5.740964169787E-04,6.28318530718));
#5890 = CARTESIAN_POINT('',(-5.743121502464E-04,4.712388980385));
#5891 = ( GEOMETRIC_REPRESENTATION_CONTEXT(2) 
PARAMETRIC_REPRESENTATION_CONTEXT() REPRESENTATION_CONTEXT('2D SPACE',''
  ) );
#5892 = PCURVE('',#5778,#5893);
#5893 = DEFINITIONAL_REPRESENTATION('',(#5894),#5897);
#5894 = B_SPLINE_CURVE_WITH_KNOTS('',1,(#5895,#5896),.UNSPECIFIED.,.F.,
  .F.,(2,2),(0.,1.),.PIECEWISE_BEZIER_KNOTS.);
#5895 = CARTESIAN_POINT('',(1.,0.));
#5896 = CARTESIAN_POINT('',(1.,1.));
#5897 = ( GEOMETRIC_REPRESENTATION_CONTEXT(2) 
PARAMETRIC_REPRESENTATION_CONTEXT() REPRESENTATION_CONTEXT('2D SPACE',''
  ) );
#5898 = ORIENTED_EDGE('',*,*,#1923,.T.);
#5899 = ORIENTED_EDGE('',*,*,#5713,.T.);
#5900 = ORIENTED_EDGE('',*,*,#5901,.F.);
#5901 = EDGE_CURVE('',#5874,#5714,#5902,.T.);
#5902 = SURFACE_CURVE('',#5903,(#5908,#5915),.PCURVE_S1.);
#5903 = CIRCLE('',#5904,19.2);
#5904 = AXIS2_PLACEMENT_3D('',#5905,#5906,#5907);
#5905 = CARTESIAN_POINT('',(19.4,32.111542149719,35.4));
#5906 = DIRECTION('',(1.,0.,0.));
#5907 = DIRECTION('',(0.,-0.109976153631,-0.993934226009));
#5908 = PCURVE('',#1940,#5909);
#5909 = DEFINITIONAL_REPRESENTATION('',(#5910),#5914);
#5910 = LINE('',#5911,#5912);
#5911 = CARTESIAN_POINT('',(-0.,6.28318530718));
#5912 = VECTOR('',#5913,1.);
#5913 = DIRECTION('',(-1.,0.));
#5914 = ( GEOMETRIC_REPRESENTATION_CONTEXT(2) 
PARAMETRIC_REPRESENTATION_CONTEXT() REPRESENTATION_CONTEXT('2D SPACE',''
  ) );
#5915 = PCURVE('',#5478,#5916);
#5916 = DEFINITIONAL_REPRESENTATION('',(#5917),#5921);
#5917 = LINE('',#5918,#5919);
#5918 = CARTESIAN_POINT('',(-4.602189922327,-39.6));
#5919 = VECTOR('',#5920,1.);
#5920 = DIRECTION('',(-1.,0.));
#5921 = ( GEOMETRIC_REPRESENTATION_CONTEXT(2) 
PARAMETRIC_REPRESENTATION_CONTEXT() REPRESENTATION_CONTEXT('2D SPACE',''
  ) );
#5922 = ADVANCED_FACE('',(#5923),#2105,.T.);
#5923 = FACE_BOUND('',#5924,.F.);
#5924 = EDGE_LOOP('',(#5925,#5926,#5950,#5970));
#5925 = ORIENTED_EDGE('',*,*,#5090,.F.);
#5926 = ORIENTED_EDGE('',*,*,#5927,.T.);
#5927 = EDGE_CURVE('',#5063,#5928,#5930,.T.);
#5928 = VERTEX_POINT('',#5929);
#5929 = CARTESIAN_POINT('',(-20.05381813819,27.115142685977,5.));
#5930 = SURFACE_CURVE('',#5931,(#5936,#5943),.PCURVE_S1.);
#5931 = CIRCLE('',#5932,1.6);
#5932 = AXIS2_PLACEMENT_3D('',#5933,#5934,#5935);
#5933 = CARTESIAN_POINT('',(-21.,28.405390679346,5.));
#5934 = DIRECTION('',(0.,0.,-1.));
#5935 = DIRECTION('',(1.,0.,0.));
#5936 = PCURVE('',#2105,#5937);
#5937 = DEFINITIONAL_REPRESENTATION('',(#5938),#5942);
#5938 = LINE('',#5939,#5940);
#5939 = CARTESIAN_POINT('',(-0.,1.570796326795));
#5940 = VECTOR('',#5941,1.);
#5941 = DIRECTION('',(-1.,0.));
#5942 = ( GEOMETRIC_REPRESENTATION_CONTEXT(2) 
PARAMETRIC_REPRESENTATION_CONTEXT() REPRESENTATION_CONTEXT('2D SPACE',''
  ) );
#5943 = PCURVE('',#5078,#5944);
#5944 = DEFINITIONAL_REPRESENTATION('',(#5945),#5949);
#5945 = CIRCLE('',#5946,1.6);
#5946 = AXIS2_PLACEMENT_2D('',#5947,#5948);
#5947 = CARTESIAN_POINT('',(8.494609320654,0.8));
#5948 = DIRECTION('',(0.,-1.));
#5949 = ( GEOMETRIC_REPRESENTATION_CONTEXT(2) 
PARAMETRIC_REPRESENTATION_CONTEXT() REPRESENTATION_CONTEXT('2D SPACE',''
  ) );
#5950 = ORIENTED_EDGE('',*,*,#5951,.T.);
#5951 = EDGE_CURVE('',#5928,#2068,#5952,.T.);
#5952 = SURFACE_CURVE('',#5953,(#5958,#5964),.PCURVE_S1.);
#5953 = CIRCLE('',#5954,0.8);
#5954 = AXIS2_PLACEMENT_3D('',#5955,#5956,#5957);
#5955 = CARTESIAN_POINT('',(-20.05381813819,27.115142685977,4.2));
#5956 = DIRECTION('',(-0.806404995856,-0.591363663628,0.));
#5957 = DIRECTION('',(0.591363663628,-0.806404995856,0.));
#5958 = PCURVE('',#2105,#5959);
#5959 = DEFINITIONAL_REPRESENTATION('',(#5960),#5963);
#5960 = B_SPLINE_CURVE_WITH_KNOTS('',1,(#5961,#5962),.UNSPECIFIED.,.F.,
  .F.,(2,2),(1.570796326795,3.14159265359),.PIECEWISE_BEZIER_KNOTS.);
#5961 = CARTESIAN_POINT('',(-0.938047491793,1.570796326795));
#5962 = CARTESIAN_POINT('',(-0.938047491793,3.14159265359));
#5963 = ( GEOMETRIC_REPRESENTATION_CONTEXT(2) 
PARAMETRIC_REPRESENTATION_CONTEXT() REPRESENTATION_CONTEXT('2D SPACE',''
  ) );
#5964 = PCURVE('',#2193,#5965);
#5965 = DEFINITIONAL_REPRESENTATION('',(#5966),#5969);
#5966 = B_SPLINE_CURVE_WITH_KNOTS('',1,(#5967,#5968),.UNSPECIFIED.,.F.,
  .F.,(2,2),(1.570796326795,3.14159265359),.PIECEWISE_BEZIER_KNOTS.);
#5967 = CARTESIAN_POINT('',(-1.570796326795,0.405390679346));
#5968 = CARTESIAN_POINT('',(0.,0.405390679346));
#5969 = ( GEOMETRIC_REPRESENTATION_CONTEXT(2) 
PARAMETRIC_REPRESENTATION_CONTEXT() REPRESENTATION_CONTEXT('2D SPACE',''
  ) );
#5970 = ORIENTED_EDGE('',*,*,#2090,.F.);
#5971 = ADVANCED_FACE('',(#5972),#2160,.T.);
#5972 = FACE_BOUND('',#5973,.F.);
#5973 = EDGE_LOOP('',(#5974,#5996,#6018,#6019));
#5974 = ORIENTED_EDGE('',*,*,#5975,.F.);
#5975 = EDGE_CURVE('',#5976,#2121,#5978,.T.);
#5976 = VERTEX_POINT('',#5977);
#5977 = CARTESIAN_POINT('',(20.053818138196,27.115142685977,5.));
#5978 = SURFACE_CURVE('',#5979,(#5984,#5990),.PCURVE_S1.);
#5979 = CIRCLE('',#5980,0.8);
#5980 = AXIS2_PLACEMENT_3D('',#5981,#5982,#5983);
#5981 = CARTESIAN_POINT('',(20.053818138196,27.115142685977,4.2));
#5982 = DIRECTION('',(-0.806404995856,0.591363663628,0.));
#5983 = DIRECTION('',(-0.591363663628,-0.806404995856,-0.));
#5984 = PCURVE('',#2160,#5985);
#5985 = DEFINITIONAL_REPRESENTATION('',(#5986),#5989);
#5986 = B_SPLINE_CURVE_WITH_KNOTS('',1,(#5987,#5988),.UNSPECIFIED.,.F.,
  .F.,(2,2),(1.570796326795,3.14159265359),.PIECEWISE_BEZIER_KNOTS.);
#5987 = CARTESIAN_POINT('',(0.,1.570796326795));
#5988 = CARTESIAN_POINT('',(0.,3.14159265359));
#5989 = ( GEOMETRIC_REPRESENTATION_CONTEXT(2) 
PARAMETRIC_REPRESENTATION_CONTEXT() REPRESENTATION_CONTEXT('2D SPACE',''
  ) );
#5990 = PCURVE('',#2331,#5991);
#5991 = DEFINITIONAL_REPRESENTATION('',(#5992),#5995);
#5992 = B_SPLINE_CURVE_WITH_KNOTS('',1,(#5993,#5994),.UNSPECIFIED.,.F.,
  .F.,(2,2),(1.570796326795,3.14159265359),.PIECEWISE_BEZIER_KNOTS.);
#5993 = CARTESIAN_POINT('',(-1.570796326795,18.195684558392));
#5994 = CARTESIAN_POINT('',(0.,18.195684558392));
#5995 = ( GEOMETRIC_REPRESENTATION_CONTEXT(2) 
PARAMETRIC_REPRESENTATION_CONTEXT() REPRESENTATION_CONTEXT('2D SPACE',''
  ) );
#5996 = ORIENTED_EDGE('',*,*,#5997,.T.);
#5997 = EDGE_CURVE('',#5976,#5516,#5998,.T.);
#5998 = SURFACE_CURVE('',#5999,(#6004,#6011),.PCURVE_S1.);
#5999 = CIRCLE('',#6000,1.6);
#6000 = AXIS2_PLACEMENT_3D('',#6001,#6002,#6003);
#6001 = CARTESIAN_POINT('',(21.,28.405390679346,5.));
#6002 = DIRECTION('',(0.,0.,-1.));
#6003 = DIRECTION('',(-0.591363663628,-0.806404995856,-0.));
#6004 = PCURVE('',#2160,#6005);
#6005 = DEFINITIONAL_REPRESENTATION('',(#6006),#6010);
#6006 = LINE('',#6007,#6008);
#6007 = CARTESIAN_POINT('',(-0.,1.570796326795));
#6008 = VECTOR('',#6009,1.);
#6009 = DIRECTION('',(-1.,0.));
#6010 = ( GEOMETRIC_REPRESENTATION_CONTEXT(2) 
PARAMETRIC_REPRESENTATION_CONTEXT() REPRESENTATION_CONTEXT('2D SPACE',''
  ) );
#6011 = PCURVE('',#5078,#6012);
#6012 = DEFINITIONAL_REPRESENTATION('',(#6013),#6017);
#6013 = CIRCLE('',#6014,1.6);
#6014 = AXIS2_PLACEMENT_2D('',#6015,#6016);
#6015 = CARTESIAN_POINT('',(8.494609320654,-41.2));
#6016 = DIRECTION('',(0.806404995856,0.591363663628));
#6017 = ( GEOMETRIC_REPRESENTATION_CONTEXT(2) 
PARAMETRIC_REPRESENTATION_CONTEXT() REPRESENTATION_CONTEXT('2D SPACE',''
  ) );
#6018 = ORIENTED_EDGE('',*,*,#5538,.T.);
#6019 = ORIENTED_EDGE('',*,*,#2145,.F.);
#6020 = ADVANCED_FACE('',(#6021),#2219,.T.);
#6021 = FACE_BOUND('',#6022,.T.);
#6022 = EDGE_LOOP('',(#6023,#6024,#6025,#6026));
#6023 = ORIENTED_EDGE('',*,*,#2205,.F.);
#6024 = ORIENTED_EDGE('',*,*,#2236,.T.);
#6025 = ORIENTED_EDGE('',*,*,#2378,.T.);
#6026 = ORIENTED_EDGE('',*,*,#6027,.F.);
#6027 = EDGE_CURVE('',#2178,#2379,#6028,.T.);
#6028 = SURFACE_CURVE('',#6029,(#6034,#6041),.PCURVE_S1.);
#6029 = CIRCLE('',#6030,0.8);
#6030 = AXIS2_PLACEMENT_3D('',#6031,#6032,#6033);
#6031 = CARTESIAN_POINT('',(-34.4,16.594609320654,4.2));
#6032 = DIRECTION('',(0.,-0.,1.));
#6033 = DIRECTION('',(-0.591363663628,0.806404995856,0.));
#6034 = PCURVE('',#2219,#6035);
#6035 = DEFINITIONAL_REPRESENTATION('',(#6036),#6040);
#6036 = LINE('',#6037,#6038);
#6037 = CARTESIAN_POINT('',(4.440892098501E-15,4.2));
#6038 = VECTOR('',#6039,1.);
#6039 = DIRECTION('',(1.,0.));
#6040 = ( GEOMETRIC_REPRESENTATION_CONTEXT(2) 
PARAMETRIC_REPRESENTATION_CONTEXT() REPRESENTATION_CONTEXT('2D SPACE',''
  ) );
#6041 = PCURVE('',#6042,#6047);
#6042 = SPHERICAL_SURFACE('',#6043,0.8);
#6043 = AXIS2_PLACEMENT_3D('',#6044,#6045,#6046);
#6044 = CARTESIAN_POINT('',(-34.4,16.594609320654,4.2));
#6045 = DIRECTION('',(0.,0.,-1.));
#6046 = DIRECTION('',(-0.591363663628,0.806404995856,0.));
#6047 = DEFINITIONAL_REPRESENTATION('',(#6048),#6052);
#6048 = LINE('',#6049,#6050);
#6049 = CARTESIAN_POINT('',(-0.,0.));
#6050 = VECTOR('',#6051,1.);
#6051 = DIRECTION('',(-1.,0.));
#6052 = ( GEOMETRIC_REPRESENTATION_CONTEXT(2) 
PARAMETRIC_REPRESENTATION_CONTEXT() REPRESENTATION_CONTEXT('2D SPACE',''
  ) );
#6053 = ADVANCED_FACE('',(#6054),#2193,.T.);
#6054 = FACE_BOUND('',#6055,.F.);
#6055 = EDGE_LOOP('',(#6056,#6057,#6080,#6100));
#6056 = ORIENTED_EDGE('',*,*,#5951,.F.);
#6057 = ORIENTED_EDGE('',*,*,#6058,.T.);
#6058 = EDGE_CURVE('',#5928,#6059,#6061,.T.);
#6059 = VERTEX_POINT('',#6060);
#6060 = CARTESIAN_POINT('',(-34.4,16.594609320654,5.));
#6061 = SURFACE_CURVE('',#6062,(#6066,#6073),.PCURVE_S1.);
#6062 = LINE('',#6063,#6064);
#6063 = CARTESIAN_POINT('',(-19.72690906909,27.354876003315,5.));
#6064 = VECTOR('',#6065,1.);
#6065 = DIRECTION('',(-0.806404995856,-0.591363663628,0.));
#6066 = PCURVE('',#2193,#6067);
#6067 = DEFINITIONAL_REPRESENTATION('',(#6068),#6072);
#6068 = LINE('',#6069,#6070);
#6069 = CARTESIAN_POINT('',(-1.570796326795,0.));
#6070 = VECTOR('',#6071,1.);
#6071 = DIRECTION('',(-0.,1.));
#6072 = ( GEOMETRIC_REPRESENTATION_CONTEXT(2) 
PARAMETRIC_REPRESENTATION_CONTEXT() REPRESENTATION_CONTEXT('2D SPACE',''
  ) );
#6073 = PCURVE('',#5078,#6074);
#6074 = DEFINITIONAL_REPRESENTATION('',(#6075),#6079);
#6075 = LINE('',#6076,#6077);
#6076 = CARTESIAN_POINT('',(9.545123996685,-0.473090930902));
#6077 = VECTOR('',#6078,1.);
#6078 = DIRECTION('',(0.591363663628,0.806404995856));
#6079 = ( GEOMETRIC_REPRESENTATION_CONTEXT(2) 
PARAMETRIC_REPRESENTATION_CONTEXT() REPRESENTATION_CONTEXT('2D SPACE',''
  ) );
#6080 = ORIENTED_EDGE('',*,*,#6081,.T.);
#6081 = EDGE_CURVE('',#6059,#2178,#6082,.T.);
#6082 = SURFACE_CURVE('',#6083,(#6088,#6094),.PCURVE_S1.);
#6083 = CIRCLE('',#6084,0.8);
#6084 = AXIS2_PLACEMENT_3D('',#6085,#6086,#6087);
#6085 = CARTESIAN_POINT('',(-34.4,16.594609320654,4.2));
#6086 = DIRECTION('',(-0.806404995856,-0.591363663628,-0.));
#6087 = DIRECTION('',(-0.591363663628,0.806404995856,0.));
#6088 = PCURVE('',#2193,#6089);
#6089 = DEFINITIONAL_REPRESENTATION('',(#6090),#6093);
#6090 = B_SPLINE_CURVE_WITH_KNOTS('',1,(#6091,#6092),.UNSPECIFIED.,.F.,
  .F.,(2,2),(4.712388980385,6.28318530718),.PIECEWISE_BEZIER_KNOTS.);
#6091 = CARTESIAN_POINT('',(-1.570796326795,18.195684558392));
#6092 = CARTESIAN_POINT('',(0.,18.195684558392));
#6093 = ( GEOMETRIC_REPRESENTATION_CONTEXT(2) 
PARAMETRIC_REPRESENTATION_CONTEXT() REPRESENTATION_CONTEXT('2D SPACE',''
  ) );
#6094 = PCURVE('',#6042,#6095);
#6095 = DEFINITIONAL_REPRESENTATION('',(#6096),#6099);
#6096 = B_SPLINE_CURVE_WITH_KNOTS('',1,(#6097,#6098),.UNSPECIFIED.,.F.,
  .F.,(2,2),(4.712388980385,6.28318530718),.PIECEWISE_BEZIER_KNOTS.);
#6097 = CARTESIAN_POINT('',(0.,-1.570796326795));
#6098 = CARTESIAN_POINT('',(0.,0.));
#6099 = ( GEOMETRIC_REPRESENTATION_CONTEXT(2) 
PARAMETRIC_REPRESENTATION_CONTEXT() REPRESENTATION_CONTEXT('2D SPACE',''
  ) );
#6100 = ORIENTED_EDGE('',*,*,#2177,.F.);
#6101 = ADVANCED_FACE('',(#6102),#2278,.T.);
#6102 = FACE_BOUND('',#6103,.T.);
#6103 = EDGE_LOOP('',(#6104,#6105,#6106,#6107));
#6104 = ORIENTED_EDGE('',*,*,#2688,.F.);
#6105 = ORIENTED_EDGE('',*,*,#2263,.T.);
#6106 = ORIENTED_EDGE('',*,*,#2294,.T.);
#6107 = ORIENTED_EDGE('',*,*,#6108,.T.);
#6108 = EDGE_CURVE('',#2295,#2661,#6109,.T.);
#6109 = SURFACE_CURVE('',#6110,(#6115,#6122),.PCURVE_S1.);
#6110 = CIRCLE('',#6111,0.8);
#6111 = AXIS2_PLACEMENT_3D('',#6112,#6113,#6114);
#6112 = CARTESIAN_POINT('',(34.4,16.594609320654,4.2));
#6113 = DIRECTION('',(0.,0.,-1.));
#6114 = DIRECTION('',(0.591363663628,0.806404995856,0.));
#6115 = PCURVE('',#2278,#6116);
#6116 = DEFINITIONAL_REPRESENTATION('',(#6117),#6121);
#6117 = LINE('',#6118,#6119);
#6118 = CARTESIAN_POINT('',(0.938047491793,4.2));
#6119 = VECTOR('',#6120,1.);
#6120 = DIRECTION('',(-1.,-0.));
#6121 = ( GEOMETRIC_REPRESENTATION_CONTEXT(2) 
PARAMETRIC_REPRESENTATION_CONTEXT() REPRESENTATION_CONTEXT('2D SPACE',''
  ) );
#6122 = PCURVE('',#6123,#6128);
#6123 = SPHERICAL_SURFACE('',#6124,0.8);
#6124 = AXIS2_PLACEMENT_3D('',#6125,#6126,#6127);
#6125 = CARTESIAN_POINT('',(34.4,16.594609320654,4.2));
#6126 = DIRECTION('',(0.,0.,-1.));
#6127 = DIRECTION('',(0.591363663628,0.806404995856,0.));
#6128 = DEFINITIONAL_REPRESENTATION('',(#6129),#6133);
#6129 = LINE('',#6130,#6131);
#6130 = CARTESIAN_POINT('',(0.,0.));
#6131 = VECTOR('',#6132,1.);
#6132 = DIRECTION('',(1.,0.));
#6133 = ( GEOMETRIC_REPRESENTATION_CONTEXT(2) 
PARAMETRIC_REPRESENTATION_CONTEXT() REPRESENTATION_CONTEXT('2D SPACE',''
  ) );
#6134 = ADVANCED_FACE('',(#6135),#2331,.T.);
#6135 = FACE_BOUND('',#6136,.F.);
#6136 = EDGE_LOOP('',(#6137,#6159,#6180,#6181));
#6137 = ORIENTED_EDGE('',*,*,#6138,.F.);
#6138 = EDGE_CURVE('',#6139,#2295,#6141,.T.);
#6139 = VERTEX_POINT('',#6140);
#6140 = CARTESIAN_POINT('',(34.4,16.594609320654,5.));
#6141 = SURFACE_CURVE('',#6142,(#6147,#6153),.PCURVE_S1.);
#6142 = CIRCLE('',#6143,0.8);
#6143 = AXIS2_PLACEMENT_3D('',#6144,#6145,#6146);
#6144 = CARTESIAN_POINT('',(34.4,16.594609320654,4.2));
#6145 = DIRECTION('',(-0.806404995856,0.591363663628,0.));
#6146 = DIRECTION('',(0.591363663628,0.806404995856,0.));
#6147 = PCURVE('',#2331,#6148);
#6148 = DEFINITIONAL_REPRESENTATION('',(#6149),#6152);
#6149 = B_SPLINE_CURVE_WITH_KNOTS('',1,(#6150,#6151),.UNSPECIFIED.,.F.,
  .F.,(2,2),(4.712388980385,6.28318530718),.PIECEWISE_BEZIER_KNOTS.);
#6150 = CARTESIAN_POINT('',(-1.570796326795,0.405390679346));
#6151 = CARTESIAN_POINT('',(0.,0.405390679346));
#6152 = ( GEOMETRIC_REPRESENTATION_CONTEXT(2) 
PARAMETRIC_REPRESENTATION_CONTEXT() REPRESENTATION_CONTEXT('2D SPACE',''
  ) );
#6153 = PCURVE('',#6123,#6154);
#6154 = DEFINITIONAL_REPRESENTATION('',(#6155),#6158);
#6155 = B_SPLINE_CURVE_WITH_KNOTS('',1,(#6156,#6157),.UNSPECIFIED.,.F.,
  .F.,(2,2),(4.712388980385,6.28318530718),.PIECEWISE_BEZIER_KNOTS.);
#6156 = CARTESIAN_POINT('',(0.,-1.570796326795));
#6157 = CARTESIAN_POINT('',(0.,0.));
#6158 = ( GEOMETRIC_REPRESENTATION_CONTEXT(2) 
PARAMETRIC_REPRESENTATION_CONTEXT() REPRESENTATION_CONTEXT('2D SPACE',''
  ) );
#6159 = ORIENTED_EDGE('',*,*,#6160,.T.);
#6160 = EDGE_CURVE('',#6139,#5976,#6161,.T.);
#6161 = SURFACE_CURVE('',#6162,(#6166,#6173),.PCURVE_S1.);
#6162 = LINE('',#6163,#6164);
#6163 = CARTESIAN_POINT('',(34.726909069098,16.354876003315,5.));
#6164 = VECTOR('',#6165,1.);
#6165 = DIRECTION('',(-0.806404995856,0.591363663628,0.));
#6166 = PCURVE('',#2331,#6167);
#6167 = DEFINITIONAL_REPRESENTATION('',(#6168),#6172);
#6168 = LINE('',#6169,#6170);
#6169 = CARTESIAN_POINT('',(-1.570796326795,0.));
#6170 = VECTOR('',#6171,1.);
#6171 = DIRECTION('',(-0.,1.));
#6172 = ( GEOMETRIC_REPRESENTATION_CONTEXT(2) 
PARAMETRIC_REPRESENTATION_CONTEXT() REPRESENTATION_CONTEXT('2D SPACE',''
  ) );
#6173 = PCURVE('',#5078,#6174);
#6174 = DEFINITIONAL_REPRESENTATION('',(#6175),#6179);
#6175 = LINE('',#6176,#6177);
#6176 = CARTESIAN_POINT('',(20.545123996685,-54.92690906909));
#6177 = VECTOR('',#6178,1.);
#6178 = DIRECTION('',(-0.591363663628,0.806404995856));
#6179 = ( GEOMETRIC_REPRESENTATION_CONTEXT(2) 
PARAMETRIC_REPRESENTATION_CONTEXT() REPRESENTATION_CONTEXT('2D SPACE',''
  ) );
#6180 = ORIENTED_EDGE('',*,*,#5975,.T.);
#6181 = ORIENTED_EDGE('',*,*,#2317,.F.);
#6182 = ADVANCED_FACE('',(#6183),#2362,.T.);
#6183 = FACE_BOUND('',#6184,.T.);
#6184 = EDGE_LOOP('',(#6185,#6210,#6211,#6212));
#6185 = ORIENTED_EDGE('',*,*,#6186,.T.);
#6186 = EDGE_CURVE('',#2739,#2491,#6187,.T.);
#6187 = SURFACE_CURVE('',#6188,(#6193,#6199),.PCURVE_S1.);
#6188 = CIRCLE('',#6189,0.8);
#6189 = AXIS2_PLACEMENT_3D('',#6190,#6191,#6192);
#6190 = CARTESIAN_POINT('',(-34.4,0.8,15.668629150102));
#6191 = DIRECTION('',(0.,0.,-1.));
#6192 = DIRECTION('',(-1.,0.,0.));
#6193 = PCURVE('',#2362,#6194);
#6194 = DEFINITIONAL_REPRESENTATION('',(#6195),#6198);
#6195 = B_SPLINE_CURVE_WITH_KNOTS('',1,(#6196,#6197),.UNSPECIFIED.,.F.,
  .F.,(2,2),(4.712388980385,6.28318530718),.PIECEWISE_BEZIER_KNOTS.);
#6196 = CARTESIAN_POINT('',(0.,0.331370849898));
#6197 = CARTESIAN_POINT('',(1.570796326795,0.331370849898));
#6198 = ( GEOMETRIC_REPRESENTATION_CONTEXT(2) 
PARAMETRIC_REPRESENTATION_CONTEXT() REPRESENTATION_CONTEXT('2D SPACE',''
  ) );
#6199 = PCURVE('',#6200,#6205);
#6200 = SPHERICAL_SURFACE('',#6201,0.8);
#6201 = AXIS2_PLACEMENT_3D('',#6202,#6203,#6204);
#6202 = CARTESIAN_POINT('',(-34.4,0.8,15.668629150102));
#6203 = DIRECTION('',(0.,1.,0.));
#6204 = DIRECTION('',(-1.,0.,0.));
#6205 = DEFINITIONAL_REPRESENTATION('',(#6206),#6209);
#6206 = B_SPLINE_CURVE_WITH_KNOTS('',1,(#6207,#6208),.UNSPECIFIED.,.F.,
  .F.,(2,2),(4.712388980385,6.28318530718),.PIECEWISE_BEZIER_KNOTS.);
#6207 = CARTESIAN_POINT('',(0.,-1.570796326795));
#6208 = CARTESIAN_POINT('',(0.,0.));
#6209 = ( GEOMETRIC_REPRESENTATION_CONTEXT(2) 
PARAMETRIC_REPRESENTATION_CONTEXT() REPRESENTATION_CONTEXT('2D SPACE',''
  ) );
#6210 = ORIENTED_EDGE('',*,*,#2518,.T.);
#6211 = ORIENTED_EDGE('',*,*,#2348,.T.);
#6212 = ORIENTED_EDGE('',*,*,#2738,.F.);
#6213 = ADVANCED_FACE('',(#6214),#2506,.T.);
#6214 = FACE_BOUND('',#6215,.T.);
#6215 = EDGE_LOOP('',(#6216,#6217,#6241,#6269));
#6216 = ORIENTED_EDGE('',*,*,#2490,.F.);
#6217 = ORIENTED_EDGE('',*,*,#6218,.T.);
#6218 = EDGE_CURVE('',#2491,#6219,#6221,.T.);
#6219 = VERTEX_POINT('',#6220);
#6220 = CARTESIAN_POINT('',(-34.96568542494,0.8,16.234314575051));
#6221 = SURFACE_CURVE('',#6222,(#6227,#6234),.PCURVE_S1.);
#6222 = CIRCLE('',#6223,0.8);
#6223 = AXIS2_PLACEMENT_3D('',#6224,#6225,#6226);
#6224 = CARTESIAN_POINT('',(-34.4,0.8,15.668629150102));
#6225 = DIRECTION('',(0.,1.,0.));
#6226 = DIRECTION('',(-1.,0.,0.));
#6227 = PCURVE('',#2506,#6228);
#6228 = DEFINITIONAL_REPRESENTATION('',(#6229),#6233);
#6229 = LINE('',#6230,#6231);
#6230 = CARTESIAN_POINT('',(0.,0.8));
#6231 = VECTOR('',#6232,1.);
#6232 = DIRECTION('',(1.,0.));
#6233 = ( GEOMETRIC_REPRESENTATION_CONTEXT(2) 
PARAMETRIC_REPRESENTATION_CONTEXT() REPRESENTATION_CONTEXT('2D SPACE',''
  ) );
#6234 = PCURVE('',#6200,#6235);
#6235 = DEFINITIONAL_REPRESENTATION('',(#6236),#6240);
#6236 = LINE('',#6237,#6238);
#6237 = CARTESIAN_POINT('',(0.,0.));
#6238 = VECTOR('',#6239,1.);
#6239 = DIRECTION('',(1.,0.));
#6240 = ( GEOMETRIC_REPRESENTATION_CONTEXT(2) 
PARAMETRIC_REPRESENTATION_CONTEXT() REPRESENTATION_CONTEXT('2D SPACE',''
  ) );
#6241 = ORIENTED_EDGE('',*,*,#6242,.T.);
#6242 = EDGE_CURVE('',#6219,#6243,#6245,.T.);
#6243 = VERTEX_POINT('',#6244);
#6244 = CARTESIAN_POINT('',(-34.96568542494,2.6,16.234314575051));
#6245 = SURFACE_CURVE('',#6246,(#6250,#6257),.PCURVE_S1.);
#6246 = LINE('',#6247,#6248);
#6247 = CARTESIAN_POINT('',(-34.96568542494,0.,16.234314575051));
#6248 = VECTOR('',#6249,1.);
#6249 = DIRECTION('',(-0.,1.,-0.));
#6250 = PCURVE('',#2506,#6251);
#6251 = DEFINITIONAL_REPRESENTATION('',(#6252),#6256);
#6252 = LINE('',#6253,#6254);
#6253 = CARTESIAN_POINT('',(0.785398163397,0.));
#6254 = VECTOR('',#6255,1.);
#6255 = DIRECTION('',(0.,1.));
#6256 = ( GEOMETRIC_REPRESENTATION_CONTEXT(2) 
PARAMETRIC_REPRESENTATION_CONTEXT() REPRESENTATION_CONTEXT('2D SPACE',''
  ) );
#6257 = PCURVE('',#6258,#6263);
#6258 = PLANE('',#6259);
#6259 = AXIS2_PLACEMENT_3D('',#6260,#6261,#6262);
#6260 = CARTESIAN_POINT('',(-32.7,0.,18.5));
#6261 = DIRECTION('',(-0.707106781187,0.,0.707106781187));
#6262 = DIRECTION('',(-0.707106781187,0.,-0.707106781187));
#6263 = DEFINITIONAL_REPRESENTATION('',(#6264),#6268);
#6264 = LINE('',#6265,#6266);
#6265 = CARTESIAN_POINT('',(3.204163056034,0.));
#6266 = VECTOR('',#6267,1.);
#6267 = DIRECTION('',(0.,-1.));
#6268 = ( GEOMETRIC_REPRESENTATION_CONTEXT(2) 
PARAMETRIC_REPRESENTATION_CONTEXT() REPRESENTATION_CONTEXT('2D SPACE',''
  ) );
#6269 = ORIENTED_EDGE('',*,*,#6270,.T.);
#6270 = EDGE_CURVE('',#6243,#2463,#6271,.T.);
#6271 = SURFACE_CURVE('',#6272,(#6277,#6284),.PCURVE_S1.);
#6272 = CIRCLE('',#6273,0.8);
#6273 = AXIS2_PLACEMENT_3D('',#6274,#6275,#6276);
#6274 = CARTESIAN_POINT('',(-34.4,2.6,15.668629150102));
#6275 = DIRECTION('',(0.,-1.,0.));
#6276 = DIRECTION('',(-0.707106781187,0.,0.707106781187));
#6277 = PCURVE('',#2506,#6278);
#6278 = DEFINITIONAL_REPRESENTATION('',(#6279),#6283);
#6279 = LINE('',#6280,#6281);
#6280 = CARTESIAN_POINT('',(0.785398163397,2.6));
#6281 = VECTOR('',#6282,1.);
#6282 = DIRECTION('',(-1.,-0.));
#6283 = ( GEOMETRIC_REPRESENTATION_CONTEXT(2) 
PARAMETRIC_REPRESENTATION_CONTEXT() REPRESENTATION_CONTEXT('2D SPACE',''
  ) );
#6284 = PCURVE('',#6285,#6290);
#6285 = SPHERICAL_SURFACE('',#6286,0.8);
#6286 = AXIS2_PLACEMENT_3D('',#6287,#6288,#6289);
#6287 = CARTESIAN_POINT('',(-34.4,2.6,15.668629150102));
#6288 = DIRECTION('',(0.,-1.,0.));
#6289 = DIRECTION('',(-0.707106781187,0.,0.707106781187));
#6290 = DEFINITIONAL_REPRESENTATION('',(#6291),#6295);
#6291 = LINE('',#6292,#6293);
#6292 = CARTESIAN_POINT('',(0.,0.));
#6293 = VECTOR('',#6294,1.);
#6294 = DIRECTION('',(1.,0.));
#6295 = ( GEOMETRIC_REPRESENTATION_CONTEXT(2) 
PARAMETRIC_REPRESENTATION_CONTEXT() REPRESENTATION_CONTEXT('2D SPACE',''
  ) );
#6296 = ADVANCED_FACE('',(#6297),#2417,.T.);
#6297 = FACE_BOUND('',#6298,.F.);
#6298 = EDGE_LOOP('',(#6299,#6319,#6342,#6362));
#6299 = ORIENTED_EDGE('',*,*,#6300,.F.);
#6300 = EDGE_CURVE('',#6059,#2379,#6301,.T.);
#6301 = SURFACE_CURVE('',#6302,(#6307,#6313),.PCURVE_S1.);
#6302 = CIRCLE('',#6303,0.8);
#6303 = AXIS2_PLACEMENT_3D('',#6304,#6305,#6306);
#6304 = CARTESIAN_POINT('',(-34.4,16.594609320654,4.2));
#6305 = DIRECTION('',(5.384581669432E-15,-1.,0.));
#6306 = DIRECTION('',(-1.,-5.384581669432E-15,0.));
#6307 = PCURVE('',#2417,#6308);
#6308 = DEFINITIONAL_REPRESENTATION('',(#6309),#6312);
#6309 = B_SPLINE_CURVE_WITH_KNOTS('',1,(#6310,#6311),.UNSPECIFIED.,.F.,
  .F.,(2,2),(4.712388980385,6.28318530718),.PIECEWISE_BEZIER_KNOTS.);
#6310 = CARTESIAN_POINT('',(-1.570796326795,0.405390679346));
#6311 = CARTESIAN_POINT('',(0.,0.405390679346));
#6312 = ( GEOMETRIC_REPRESENTATION_CONTEXT(2) 
PARAMETRIC_REPRESENTATION_CONTEXT() REPRESENTATION_CONTEXT('2D SPACE',''
  ) );
#6313 = PCURVE('',#6042,#6314);
#6314 = DEFINITIONAL_REPRESENTATION('',(#6315),#6318);
#6315 = B_SPLINE_CURVE_WITH_KNOTS('',1,(#6316,#6317),.UNSPECIFIED.,.F.,
  .F.,(2,2),(4.712388980385,6.28318530718),.PIECEWISE_BEZIER_KNOTS.);
#6316 = CARTESIAN_POINT('',(-0.938047491793,-1.570796326795));
#6317 = CARTESIAN_POINT('',(-0.938047491793,0.));
#6318 = ( GEOMETRIC_REPRESENTATION_CONTEXT(2) 
PARAMETRIC_REPRESENTATION_CONTEXT() REPRESENTATION_CONTEXT('2D SPACE',''
  ) );
#6319 = ORIENTED_EDGE('',*,*,#6320,.T.);
#6320 = EDGE_CURVE('',#6059,#6321,#6323,.T.);
#6321 = VERTEX_POINT('',#6322);
#6322 = CARTESIAN_POINT('',(-34.4,4.2,5.));
#6323 = SURFACE_CURVE('',#6324,(#6328,#6335),.PCURVE_S1.);
#6324 = LINE('',#6325,#6326);
#6325 = CARTESIAN_POINT('',(-34.4,17.,5.));
#6326 = VECTOR('',#6327,1.);
#6327 = DIRECTION('',(0.,-1.,0.));
#6328 = PCURVE('',#2417,#6329);
#6329 = DEFINITIONAL_REPRESENTATION('',(#6330),#6334);
#6330 = LINE('',#6331,#6332);
#6331 = CARTESIAN_POINT('',(-1.570796326795,0.));
#6332 = VECTOR('',#6333,1.);
#6333 = DIRECTION('',(-0.,1.));
#6334 = ( GEOMETRIC_REPRESENTATION_CONTEXT(2) 
PARAMETRIC_REPRESENTATION_CONTEXT() REPRESENTATION_CONTEXT('2D SPACE',''
  ) );
#6335 = PCURVE('',#5078,#6336);
#6336 = DEFINITIONAL_REPRESENTATION('',(#6337),#6341);
#6337 = LINE('',#6338,#6339);
#6338 = CARTESIAN_POINT('',(19.9,14.2));
#6339 = VECTOR('',#6340,1.);
#6340 = DIRECTION('',(1.,0.));
#6341 = ( GEOMETRIC_REPRESENTATION_CONTEXT(2) 
PARAMETRIC_REPRESENTATION_CONTEXT() REPRESENTATION_CONTEXT('2D SPACE',''
  ) );
#6342 = ORIENTED_EDGE('',*,*,#6343,.F.);
#6343 = EDGE_CURVE('',#2402,#6321,#6344,.T.);
#6344 = SURFACE_CURVE('',#6345,(#6350,#6356),.PCURVE_S1.);
#6345 = CIRCLE('',#6346,0.8);
#6346 = AXIS2_PLACEMENT_3D('',#6347,#6348,#6349);
#6347 = CARTESIAN_POINT('',(-34.4,4.2,4.2));
#6348 = DIRECTION('',(0.,1.,0.));
#6349 = DIRECTION('',(0.,0.,-1.));
#6350 = PCURVE('',#2417,#6351);
#6351 = DEFINITIONAL_REPRESENTATION('',(#6352),#6355);
#6352 = B_SPLINE_CURVE_WITH_KNOTS('',1,(#6353,#6354),.UNSPECIFIED.,.F.,
  .F.,(2,2),(1.570796326795,3.14159265359),.PIECEWISE_BEZIER_KNOTS.);
#6353 = CARTESIAN_POINT('',(0.,12.8));
#6354 = CARTESIAN_POINT('',(-1.570796326795,12.8));
#6355 = ( GEOMETRIC_REPRESENTATION_CONTEXT(2) 
PARAMETRIC_REPRESENTATION_CONTEXT() REPRESENTATION_CONTEXT('2D SPACE',''
  ) );
#6356 = PCURVE('',#2450,#6357);
#6357 = DEFINITIONAL_REPRESENTATION('',(#6358),#6361);
#6358 = B_SPLINE_CURVE_WITH_KNOTS('',1,(#6359,#6360),.UNSPECIFIED.,.F.,
  .F.,(2,2),(1.570796326795,3.14159265359),.PIECEWISE_BEZIER_KNOTS.);
#6359 = CARTESIAN_POINT('',(0.,1.570796326795));
#6360 = CARTESIAN_POINT('',(0.,3.14159265359));
#6361 = ( GEOMETRIC_REPRESENTATION_CONTEXT(2) 
PARAMETRIC_REPRESENTATION_CONTEXT() REPRESENTATION_CONTEXT('2D SPACE',''
  ) );
#6362 = ORIENTED_EDGE('',*,*,#2401,.F.);
#6363 = ADVANCED_FACE('',(#6364),#2478,.T.);
#6364 = FACE_BOUND('',#6365,.T.);
#6365 = EDGE_LOOP('',(#6366,#6388,#6416,#6436));
#6366 = ORIENTED_EDGE('',*,*,#6367,.F.);
#6367 = EDGE_CURVE('',#6368,#2463,#6370,.T.);
#6368 = VERTEX_POINT('',#6369);
#6369 = CARTESIAN_POINT('',(-34.4,3.4,15.668629150102));
#6370 = SURFACE_CURVE('',#6371,(#6376,#6382),.PCURVE_S1.);
#6371 = CIRCLE('',#6372,0.8);
#6372 = AXIS2_PLACEMENT_3D('',#6373,#6374,#6375);
#6373 = CARTESIAN_POINT('',(-34.4,2.6,15.668629150102));
#6374 = DIRECTION('',(2.331468351713E-15,0.,1.));
#6375 = DIRECTION('',(-1.,0.,2.331468351713E-15));
#6376 = PCURVE('',#2478,#6377);
#6377 = DEFINITIONAL_REPRESENTATION('',(#6378),#6381);
#6378 = B_SPLINE_CURVE_WITH_KNOTS('',1,(#6379,#6380),.UNSPECIFIED.,.F.,
  .F.,(2,2),(4.712388980385,6.28318530718),.PIECEWISE_BEZIER_KNOTS.);
#6379 = CARTESIAN_POINT('',(1.570796326795,0.331370849898));
#6380 = CARTESIAN_POINT('',(0.,0.331370849898));
#6381 = ( GEOMETRIC_REPRESENTATION_CONTEXT(2) 
PARAMETRIC_REPRESENTATION_CONTEXT() REPRESENTATION_CONTEXT('2D SPACE',''
  ) );
#6382 = PCURVE('',#6285,#6383);
#6383 = DEFINITIONAL_REPRESENTATION('',(#6384),#6387);
#6384 = B_SPLINE_CURVE_WITH_KNOTS('',1,(#6385,#6386),.UNSPECIFIED.,.F.,
  .F.,(2,2),(4.712388980385,6.28318530718),.PIECEWISE_BEZIER_KNOTS.);
#6385 = CARTESIAN_POINT('',(0.785398163397,-1.570796326795));
#6386 = CARTESIAN_POINT('',(0.785398163397,0.));
#6387 = ( GEOMETRIC_REPRESENTATION_CONTEXT(2) 
PARAMETRIC_REPRESENTATION_CONTEXT() REPRESENTATION_CONTEXT('2D SPACE',''
  ) );
#6388 = ORIENTED_EDGE('',*,*,#6389,.T.);
#6389 = EDGE_CURVE('',#6368,#6390,#6392,.T.);
#6390 = VERTEX_POINT('',#6391);
#6391 = CARTESIAN_POINT('',(-34.4,3.4,5.8));
#6392 = SURFACE_CURVE('',#6393,(#6397,#6404),.PCURVE_S1.);
#6393 = LINE('',#6394,#6395);
#6394 = CARTESIAN_POINT('',(-34.4,3.4,16.));
#6395 = VECTOR('',#6396,1.);
#6396 = DIRECTION('',(0.,0.,-1.));
#6397 = PCURVE('',#2478,#6398);
#6398 = DEFINITIONAL_REPRESENTATION('',(#6399),#6403);
#6399 = LINE('',#6400,#6401);
#6400 = CARTESIAN_POINT('',(1.570796326795,0.));
#6401 = VECTOR('',#6402,1.);
#6402 = DIRECTION('',(0.,1.));
#6403 = ( GEOMETRIC_REPRESENTATION_CONTEXT(2) 
PARAMETRIC_REPRESENTATION_CONTEXT() REPRESENTATION_CONTEXT('2D SPACE',''
  ) );
#6404 = PCURVE('',#6405,#6410);
#6405 = PLANE('',#6406);
#6406 = AXIS2_PLACEMENT_3D('',#6407,#6408,#6409);
#6407 = CARTESIAN_POINT('',(0.,3.4,9.080266619422));
#6408 = DIRECTION('',(0.,-1.,0.));
#6409 = DIRECTION('',(1.,0.,0.));
#6410 = DEFINITIONAL_REPRESENTATION('',(#6411),#6415);
#6411 = LINE('',#6412,#6413);
#6412 = CARTESIAN_POINT('',(-34.4,6.919733380578));
#6413 = VECTOR('',#6414,1.);
#6414 = DIRECTION('',(0.,-1.));
#6415 = ( GEOMETRIC_REPRESENTATION_CONTEXT(2) 
PARAMETRIC_REPRESENTATION_CONTEXT() REPRESENTATION_CONTEXT('2D SPACE',''
  ) );
#6416 = ORIENTED_EDGE('',*,*,#6417,.F.);
#6417 = EDGE_CURVE('',#2430,#6390,#6418,.T.);
#6418 = SURFACE_CURVE('',#6419,(#6424,#6430),.PCURVE_S1.);
#6419 = CIRCLE('',#6420,0.8);
#6420 = AXIS2_PLACEMENT_3D('',#6421,#6422,#6423);
#6421 = CARTESIAN_POINT('',(-34.4,2.6,5.8));
#6422 = DIRECTION('',(0.,4.502124438458E-15,-1.));
#6423 = DIRECTION('',(0.,-1.,-4.502124438458E-15));
#6424 = PCURVE('',#2478,#6425);
#6425 = DEFINITIONAL_REPRESENTATION('',(#6426),#6429);
#6426 = B_SPLINE_CURVE_WITH_KNOTS('',1,(#6427,#6428),.UNSPECIFIED.,.F.,
  .F.,(2,2),(1.570796326795,3.14159265359),.PIECEWISE_BEZIER_KNOTS.);
#6427 = CARTESIAN_POINT('',(0.,10.2));
#6428 = CARTESIAN_POINT('',(1.570796326795,10.2));
#6429 = ( GEOMETRIC_REPRESENTATION_CONTEXT(2) 
PARAMETRIC_REPRESENTATION_CONTEXT() REPRESENTATION_CONTEXT('2D SPACE',''
  ) );
#6430 = PCURVE('',#2450,#6431);
#6431 = DEFINITIONAL_REPRESENTATION('',(#6432),#6435);
#6432 = B_SPLINE_CURVE_WITH_KNOTS('',1,(#6433,#6434),.UNSPECIFIED.,.F.,
  .F.,(2,2),(1.570796326795,3.14159265359),.PIECEWISE_BEZIER_KNOTS.);
#6433 = CARTESIAN_POINT('',(1.570796326795,1.570796326795));
#6434 = CARTESIAN_POINT('',(1.570796326795,3.14159265359));
#6435 = ( GEOMETRIC_REPRESENTATION_CONTEXT(2) 
PARAMETRIC_REPRESENTATION_CONTEXT() REPRESENTATION_CONTEXT('2D SPACE',''
  ) );
#6436 = ORIENTED_EDGE('',*,*,#2462,.F.);
#6437 = ADVANCED_FACE('',(#6438),#2450,.T.);
#6438 = FACE_BOUND('',#6439,.T.);
#6439 = EDGE_LOOP('',(#6440,#6441,#6442,#6443));
#6440 = ORIENTED_EDGE('',*,*,#6343,.F.);
#6441 = ORIENTED_EDGE('',*,*,#2429,.T.);
#6442 = ORIENTED_EDGE('',*,*,#6417,.T.);
#6443 = ORIENTED_EDGE('',*,*,#6444,.F.);
#6444 = EDGE_CURVE('',#6321,#6390,#6445,.T.);
#6445 = SURFACE_CURVE('',#6446,(#6451,#6458),.PCURVE_S1.);
#6446 = CIRCLE('',#6447,0.8);
#6447 = AXIS2_PLACEMENT_3D('',#6448,#6449,#6450);
#6448 = CARTESIAN_POINT('',(-34.4,4.2,5.8));
#6449 = DIRECTION('',(-1.,-0.,-0.));
#6450 = DIRECTION('',(0.,0.,-1.));
#6451 = PCURVE('',#2450,#6452);
#6452 = DEFINITIONAL_REPRESENTATION('',(#6453),#6457);
#6453 = LINE('',#6454,#6455);
#6454 = CARTESIAN_POINT('',(0.,3.14159265359));
#6455 = VECTOR('',#6456,1.);
#6456 = DIRECTION('',(1.,0.));
#6457 = ( GEOMETRIC_REPRESENTATION_CONTEXT(2) 
PARAMETRIC_REPRESENTATION_CONTEXT() REPRESENTATION_CONTEXT('2D SPACE',''
  ) );
#6458 = PCURVE('',#6459,#6464);
#6459 = CYLINDRICAL_SURFACE('',#6460,0.8);
#6460 = AXIS2_PLACEMENT_3D('',#6461,#6462,#6463);
#6461 = CARTESIAN_POINT('',(35.2,4.2,5.8));
#6462 = DIRECTION('',(-1.,-0.,-0.));
#6463 = DIRECTION('',(0.,-1.,0.));
#6464 = DEFINITIONAL_REPRESENTATION('',(#6465),#6469);
#6465 = LINE('',#6466,#6467);
#6466 = CARTESIAN_POINT('',(-1.570796326795,69.6));
#6467 = VECTOR('',#6468,1.);
#6468 = DIRECTION('',(1.,-0.));
#6469 = ( GEOMETRIC_REPRESENTATION_CONTEXT(2) 
PARAMETRIC_REPRESENTATION_CONTEXT() REPRESENTATION_CONTEXT('2D SPACE',''
  ) );
#6470 = ADVANCED_FACE('',(#6471),#2559,.T.);
#6471 = FACE_BOUND('',#6472,.T.);
#6472 = EDGE_LOOP('',(#6473,#6474,#6475,#6500));
#6473 = ORIENTED_EDGE('',*,*,#2713,.F.);
#6474 = ORIENTED_EDGE('',*,*,#2543,.T.);
#6475 = ORIENTED_EDGE('',*,*,#6476,.F.);
#6476 = EDGE_CURVE('',#2818,#2544,#6477,.T.);
#6477 = SURFACE_CURVE('',#6478,(#6483,#6489),.PCURVE_S1.);
#6478 = CIRCLE('',#6479,0.8);
#6479 = AXIS2_PLACEMENT_3D('',#6480,#6481,#6482);
#6480 = CARTESIAN_POINT('',(34.4,0.8,15.668629150102));
#6481 = DIRECTION('',(-3.219646771413E-15,0.,1.));
#6482 = DIRECTION('',(1.,0.,3.219646771413E-15));
#6483 = PCURVE('',#2559,#6484);
#6484 = DEFINITIONAL_REPRESENTATION('',(#6485),#6488);
#6485 = B_SPLINE_CURVE_WITH_KNOTS('',1,(#6486,#6487),.UNSPECIFIED.,.F.,
  .F.,(2,2),(4.712388980385,6.28318530718),.PIECEWISE_BEZIER_KNOTS.);
#6486 = CARTESIAN_POINT('',(0.,15.668629150102));
#6487 = CARTESIAN_POINT('',(1.570796326795,15.668629150102));
#6488 = ( GEOMETRIC_REPRESENTATION_CONTEXT(2) 
PARAMETRIC_REPRESENTATION_CONTEXT() REPRESENTATION_CONTEXT('2D SPACE',''
  ) );
#6489 = PCURVE('',#6490,#6495);
#6490 = SPHERICAL_SURFACE('',#6491,0.8);
#6491 = AXIS2_PLACEMENT_3D('',#6492,#6493,#6494);
#6492 = CARTESIAN_POINT('',(34.4,0.8,15.668629150102));
#6493 = DIRECTION('',(0.,1.,0.));
#6494 = DIRECTION('',(0.707106781187,-0.,0.707106781187));
#6495 = DEFINITIONAL_REPRESENTATION('',(#6496),#6499);
#6496 = B_SPLINE_CURVE_WITH_KNOTS('',1,(#6497,#6498),.UNSPECIFIED.,.F.,
  .F.,(2,2),(4.712388980385,6.28318530718),.PIECEWISE_BEZIER_KNOTS.);
#6497 = CARTESIAN_POINT('',(0.785398163397,-1.570796326795));
#6498 = CARTESIAN_POINT('',(0.785398163397,0.));
#6499 = ( GEOMETRIC_REPRESENTATION_CONTEXT(2) 
PARAMETRIC_REPRESENTATION_CONTEXT() REPRESENTATION_CONTEXT('2D SPACE',''
  ) );
#6500 = ORIENTED_EDGE('',*,*,#2845,.F.);
#6501 = ADVANCED_FACE('',(#6502),#2676,.T.);
#6502 = FACE_BOUND('',#6503,.F.);
#6503 = EDGE_LOOP('',(#6504,#6526,#6547,#6567));
#6504 = ORIENTED_EDGE('',*,*,#6505,.T.);
#6505 = EDGE_CURVE('',#2628,#6506,#6508,.T.);
#6506 = VERTEX_POINT('',#6507);
#6507 = CARTESIAN_POINT('',(34.4,4.2,5.));
#6508 = SURFACE_CURVE('',#6509,(#6514,#6520),.PCURVE_S1.);
#6509 = CIRCLE('',#6510,0.8);
#6510 = AXIS2_PLACEMENT_3D('',#6511,#6512,#6513);
#6511 = CARTESIAN_POINT('',(34.4,4.2,4.2));
#6512 = DIRECTION('',(0.,-1.,6.123233995737E-17));
#6513 = DIRECTION('',(0.,-6.123233995737E-17,-1.));
#6514 = PCURVE('',#2676,#6515);
#6515 = DEFINITIONAL_REPRESENTATION('',(#6516),#6519);
#6516 = B_SPLINE_CURVE_WITH_KNOTS('',1,(#6517,#6518),.UNSPECIFIED.,.F.,
  .F.,(2,2),(1.570796326795,3.14159265359),.PIECEWISE_BEZIER_KNOTS.);
#6517 = CARTESIAN_POINT('',(0.,0.8));
#6518 = CARTESIAN_POINT('',(-1.570796326795,0.8));
#6519 = ( GEOMETRIC_REPRESENTATION_CONTEXT(2) 
PARAMETRIC_REPRESENTATION_CONTEXT() REPRESENTATION_CONTEXT('2D SPACE',''
  ) );
#6520 = PCURVE('',#2648,#6521);
#6521 = DEFINITIONAL_REPRESENTATION('',(#6522),#6525);
#6522 = B_SPLINE_CURVE_WITH_KNOTS('',1,(#6523,#6524),.UNSPECIFIED.,.F.,
  .F.,(2,2),(1.570796326795,3.14159265359),.PIECEWISE_BEZIER_KNOTS.);
#6523 = CARTESIAN_POINT('',(1.570796326795,1.570796326795));
#6524 = CARTESIAN_POINT('',(1.570796326795,3.14159265359));
#6525 = ( GEOMETRIC_REPRESENTATION_CONTEXT(2) 
PARAMETRIC_REPRESENTATION_CONTEXT() REPRESENTATION_CONTEXT('2D SPACE',''
  ) );
#6526 = ORIENTED_EDGE('',*,*,#6527,.T.);
#6527 = EDGE_CURVE('',#6506,#6139,#6528,.T.);
#6528 = SURFACE_CURVE('',#6529,(#6533,#6540),.PCURVE_S1.);
#6529 = LINE('',#6530,#6531);
#6530 = CARTESIAN_POINT('',(34.4,3.4,5.));
#6531 = VECTOR('',#6532,1.);
#6532 = DIRECTION('',(0.,1.,0.));
#6533 = PCURVE('',#2676,#6534);
#6534 = DEFINITIONAL_REPRESENTATION('',(#6535),#6539);
#6535 = LINE('',#6536,#6537);
#6536 = CARTESIAN_POINT('',(-1.570796326795,0.));
#6537 = VECTOR('',#6538,1.);
#6538 = DIRECTION('',(-0.,1.));
#6539 = ( GEOMETRIC_REPRESENTATION_CONTEXT(2) 
PARAMETRIC_REPRESENTATION_CONTEXT() REPRESENTATION_CONTEXT('2D SPACE',''
  ) );
#6540 = PCURVE('',#5078,#6541);
#6541 = DEFINITIONAL_REPRESENTATION('',(#6542),#6546);
#6542 = LINE('',#6543,#6544);
#6543 = CARTESIAN_POINT('',(33.5,-54.6));
#6544 = VECTOR('',#6545,1.);
#6545 = DIRECTION('',(-1.,-0.));
#6546 = ( GEOMETRIC_REPRESENTATION_CONTEXT(2) 
PARAMETRIC_REPRESENTATION_CONTEXT() REPRESENTATION_CONTEXT('2D SPACE',''
  ) );
#6547 = ORIENTED_EDGE('',*,*,#6548,.T.);
#6548 = EDGE_CURVE('',#6139,#2661,#6549,.T.);
#6549 = SURFACE_CURVE('',#6550,(#6555,#6561),.PCURVE_S1.);
#6550 = CIRCLE('',#6551,0.8);
#6551 = AXIS2_PLACEMENT_3D('',#6552,#6553,#6554);
#6552 = CARTESIAN_POINT('',(34.4,16.594609320654,4.2));
#6553 = DIRECTION('',(-4.440892098501E-15,1.,0.));
#6554 = DIRECTION('',(1.,4.440892098501E-15,0.));
#6555 = PCURVE('',#2676,#6556);
#6556 = DEFINITIONAL_REPRESENTATION('',(#6557),#6560);
#6557 = B_SPLINE_CURVE_WITH_KNOTS('',1,(#6558,#6559),.UNSPECIFIED.,.F.,
  .F.,(2,2),(4.712388980385,6.28318530718),.PIECEWISE_BEZIER_KNOTS.);
#6558 = CARTESIAN_POINT('',(-1.570796326795,13.194609320654));
#6559 = CARTESIAN_POINT('',(0.,13.194609320654));
#6560 = ( GEOMETRIC_REPRESENTATION_CONTEXT(2) 
PARAMETRIC_REPRESENTATION_CONTEXT() REPRESENTATION_CONTEXT('2D SPACE',''
  ) );
#6561 = PCURVE('',#6123,#6562);
#6562 = DEFINITIONAL_REPRESENTATION('',(#6563),#6566);
#6563 = B_SPLINE_CURVE_WITH_KNOTS('',1,(#6564,#6565),.UNSPECIFIED.,.F.,
  .F.,(2,2),(4.712388980385,6.28318530718),.PIECEWISE_BEZIER_KNOTS.);
#6564 = CARTESIAN_POINT('',(0.938047491793,-1.570796326795));
#6565 = CARTESIAN_POINT('',(0.938047491793,0.));
#6566 = ( GEOMETRIC_REPRESENTATION_CONTEXT(2) 
PARAMETRIC_REPRESENTATION_CONTEXT() REPRESENTATION_CONTEXT('2D SPACE',''
  ) );
#6567 = ORIENTED_EDGE('',*,*,#2660,.F.);
#6568 = ADVANCED_FACE('',(#6569),#2587,.T.);
#6569 = FACE_BOUND('',#6570,.F.);
#6570 = EDGE_LOOP('',(#6571,#6572,#6596,#6624));
#6571 = ORIENTED_EDGE('',*,*,#2571,.F.);
#6572 = ORIENTED_EDGE('',*,*,#6573,.F.);
#6573 = EDGE_CURVE('',#6574,#2544,#6576,.T.);
#6574 = VERTEX_POINT('',#6575);
#6575 = CARTESIAN_POINT('',(34.965685424949,0.8,16.234314575051));
#6576 = SURFACE_CURVE('',#6577,(#6582,#6589),.PCURVE_S1.);
#6577 = CIRCLE('',#6578,0.8);
#6578 = AXIS2_PLACEMENT_3D('',#6579,#6580,#6581);
#6579 = CARTESIAN_POINT('',(34.4,0.8,15.668629150102));
#6580 = DIRECTION('',(0.,1.,0.));
#6581 = DIRECTION('',(0.707106781187,-0.,0.707106781187));
#6582 = PCURVE('',#2587,#6583);
#6583 = DEFINITIONAL_REPRESENTATION('',(#6584),#6588);
#6584 = LINE('',#6585,#6586);
#6585 = CARTESIAN_POINT('',(-0.785398163397,0.8));
#6586 = VECTOR('',#6587,1.);
#6587 = DIRECTION('',(1.,-0.));
#6588 = ( GEOMETRIC_REPRESENTATION_CONTEXT(2) 
PARAMETRIC_REPRESENTATION_CONTEXT() REPRESENTATION_CONTEXT('2D SPACE',''
  ) );
#6589 = PCURVE('',#6490,#6590);
#6590 = DEFINITIONAL_REPRESENTATION('',(#6591),#6595);
#6591 = LINE('',#6592,#6593);
#6592 = CARTESIAN_POINT('',(0.,0.));
#6593 = VECTOR('',#6594,1.);
#6594 = DIRECTION('',(1.,0.));
#6595 = ( GEOMETRIC_REPRESENTATION_CONTEXT(2) 
PARAMETRIC_REPRESENTATION_CONTEXT() REPRESENTATION_CONTEXT('2D SPACE',''
  ) );
#6596 = ORIENTED_EDGE('',*,*,#6597,.T.);
#6597 = EDGE_CURVE('',#6574,#6598,#6600,.T.);
#6598 = VERTEX_POINT('',#6599);
#6599 = CARTESIAN_POINT('',(34.965685424949,2.6,16.234314575051));
#6600 = SURFACE_CURVE('',#6601,(#6605,#6612),.PCURVE_S1.);
#6601 = LINE('',#6602,#6603);
#6602 = CARTESIAN_POINT('',(34.965685424949,0.,16.234314575051));
#6603 = VECTOR('',#6604,1.);
#6604 = DIRECTION('',(-0.,1.,-0.));
#6605 = PCURVE('',#2587,#6606);
#6606 = DEFINITIONAL_REPRESENTATION('',(#6607),#6611);
#6607 = LINE('',#6608,#6609);
#6608 = CARTESIAN_POINT('',(-0.785398163397,0.));
#6609 = VECTOR('',#6610,1.);
#6610 = DIRECTION('',(-0.,1.));
#6611 = ( GEOMETRIC_REPRESENTATION_CONTEXT(2) 
PARAMETRIC_REPRESENTATION_CONTEXT() REPRESENTATION_CONTEXT('2D SPACE',''
  ) );
#6612 = PCURVE('',#6613,#6618);
#6613 = PLANE('',#6614);
#6614 = AXIS2_PLACEMENT_3D('',#6615,#6616,#6617);
#6615 = CARTESIAN_POINT('',(35.2,0.,16.));
#6616 = DIRECTION('',(0.707106781187,0.,0.707106781187));
#6617 = DIRECTION('',(-0.707106781187,0.,0.707106781187));
#6618 = DEFINITIONAL_REPRESENTATION('',(#6619),#6623);
#6619 = LINE('',#6620,#6621);
#6620 = CARTESIAN_POINT('',(0.331370849898,0.));
#6621 = VECTOR('',#6622,1.);
#6622 = DIRECTION('',(0.,-1.));
#6623 = ( GEOMETRIC_REPRESENTATION_CONTEXT(2) 
PARAMETRIC_REPRESENTATION_CONTEXT() REPRESENTATION_CONTEXT('2D SPACE',''
  ) );
#6624 = ORIENTED_EDGE('',*,*,#6625,.F.);
#6625 = EDGE_CURVE('',#2572,#6598,#6626,.T.);
#6626 = SURFACE_CURVE('',#6627,(#6632,#6639),.PCURVE_S1.);
#6627 = CIRCLE('',#6628,0.8);
#6628 = AXIS2_PLACEMENT_3D('',#6629,#6630,#6631);
#6629 = CARTESIAN_POINT('',(34.4,2.6,15.668629150102));
#6630 = DIRECTION('',(0.,-1.,0.));
#6631 = DIRECTION('',(1.,0.,0.));
#6632 = PCURVE('',#2587,#6633);
#6633 = DEFINITIONAL_REPRESENTATION('',(#6634),#6638);
#6634 = LINE('',#6635,#6636);
#6635 = CARTESIAN_POINT('',(-0.,2.6));
#6636 = VECTOR('',#6637,1.);
#6637 = DIRECTION('',(-1.,0.));
#6638 = ( GEOMETRIC_REPRESENTATION_CONTEXT(2) 
PARAMETRIC_REPRESENTATION_CONTEXT() REPRESENTATION_CONTEXT('2D SPACE',''
  ) );
#6639 = PCURVE('',#6640,#6645);
#6640 = SPHERICAL_SURFACE('',#6641,0.8);
#6641 = AXIS2_PLACEMENT_3D('',#6642,#6643,#6644);
#6642 = CARTESIAN_POINT('',(34.4,2.6,15.668629150102));
#6643 = DIRECTION('',(0.,-1.,0.));
#6644 = DIRECTION('',(1.,0.,0.));
#6645 = DEFINITIONAL_REPRESENTATION('',(#6646),#6650);
#6646 = LINE('',#6647,#6648);
#6647 = CARTESIAN_POINT('',(0.,0.));
#6648 = VECTOR('',#6649,1.);
#6649 = DIRECTION('',(1.,0.));
#6650 = ( GEOMETRIC_REPRESENTATION_CONTEXT(2) 
PARAMETRIC_REPRESENTATION_CONTEXT() REPRESENTATION_CONTEXT('2D SPACE',''
  ) );
#6651 = ADVANCED_FACE('',(#6652),#2648,.T.);
#6652 = FACE_BOUND('',#6653,.T.);
#6653 = EDGE_LOOP('',(#6654,#6676,#6677,#6678));
#6654 = ORIENTED_EDGE('',*,*,#6655,.F.);
#6655 = EDGE_CURVE('',#2600,#6656,#6658,.T.);
#6656 = VERTEX_POINT('',#6657);
#6657 = CARTESIAN_POINT('',(34.4,3.4,5.8));
#6658 = SURFACE_CURVE('',#6659,(#6664,#6670),.PCURVE_S1.);
#6659 = CIRCLE('',#6660,0.8);
#6660 = AXIS2_PLACEMENT_3D('',#6661,#6662,#6663);
#6661 = CARTESIAN_POINT('',(34.4,2.6,5.8));
#6662 = DIRECTION('',(0.,0.,1.));
#6663 = DIRECTION('',(0.,-1.,0.));
#6664 = PCURVE('',#2648,#6665);
#6665 = DEFINITIONAL_REPRESENTATION('',(#6666),#6669);
#6666 = B_SPLINE_CURVE_WITH_KNOTS('',1,(#6667,#6668),.UNSPECIFIED.,.F.,
  .F.,(2,2),(1.570796326795,3.14159265359),.PIECEWISE_BEZIER_KNOTS.);
#6667 = CARTESIAN_POINT('',(0.,1.570796326795));
#6668 = CARTESIAN_POINT('',(0.,3.14159265359));
#6669 = ( GEOMETRIC_REPRESENTATION_CONTEXT(2) 
PARAMETRIC_REPRESENTATION_CONTEXT() REPRESENTATION_CONTEXT('2D SPACE',''
  ) );
#6670 = PCURVE('',#2615,#6671);
#6671 = DEFINITIONAL_REPRESENTATION('',(#6672),#6675);
#6672 = B_SPLINE_CURVE_WITH_KNOTS('',1,(#6673,#6674),.UNSPECIFIED.,.F.,
  .F.,(2,2),(1.570796326795,3.14159265359),.PIECEWISE_BEZIER_KNOTS.);
#6673 = CARTESIAN_POINT('',(0.,0.8));
#6674 = CARTESIAN_POINT('',(1.570796326795,0.8));
#6675 = ( GEOMETRIC_REPRESENTATION_CONTEXT(2) 
PARAMETRIC_REPRESENTATION_CONTEXT() REPRESENTATION_CONTEXT('2D SPACE',''
  ) );
#6676 = ORIENTED_EDGE('',*,*,#2627,.T.);
#6677 = ORIENTED_EDGE('',*,*,#6505,.T.);
#6678 = ORIENTED_EDGE('',*,*,#6679,.F.);
#6679 = EDGE_CURVE('',#6656,#6506,#6680,.T.);
#6680 = SURFACE_CURVE('',#6681,(#6686,#6693),.PCURVE_S1.);
#6681 = CIRCLE('',#6682,0.8);
#6682 = AXIS2_PLACEMENT_3D('',#6683,#6684,#6685);
#6683 = CARTESIAN_POINT('',(34.4,4.2,5.8));
#6684 = DIRECTION('',(1.,0.,-0.));
#6685 = DIRECTION('',(0.,-1.,0.));
#6686 = PCURVE('',#2648,#6687);
#6687 = DEFINITIONAL_REPRESENTATION('',(#6688),#6692);
#6688 = LINE('',#6689,#6690);
#6689 = CARTESIAN_POINT('',(0.,3.14159265359));
#6690 = VECTOR('',#6691,1.);
#6691 = DIRECTION('',(1.,0.));
#6692 = ( GEOMETRIC_REPRESENTATION_CONTEXT(2) 
PARAMETRIC_REPRESENTATION_CONTEXT() REPRESENTATION_CONTEXT('2D SPACE',''
  ) );
#6693 = PCURVE('',#6459,#6694);
#6694 = DEFINITIONAL_REPRESENTATION('',(#6695),#6699);
#6695 = LINE('',#6696,#6697);
#6696 = CARTESIAN_POINT('',(-0.,0.8));
#6697 = VECTOR('',#6698,1.);
#6698 = DIRECTION('',(-1.,0.));
#6699 = ( GEOMETRIC_REPRESENTATION_CONTEXT(2) 
PARAMETRIC_REPRESENTATION_CONTEXT() REPRESENTATION_CONTEXT('2D SPACE',''
  ) );
#6700 = ADVANCED_FACE('',(#6701),#2615,.T.);
#6701 = FACE_BOUND('',#6702,.T.);
#6702 = EDGE_LOOP('',(#6703,#6704,#6727,#6747));
#6703 = ORIENTED_EDGE('',*,*,#6655,.T.);
#6704 = ORIENTED_EDGE('',*,*,#6705,.T.);
#6705 = EDGE_CURVE('',#6656,#6706,#6708,.T.);
#6706 = VERTEX_POINT('',#6707);
#6707 = CARTESIAN_POINT('',(34.4,3.4,15.668629150102));
#6708 = SURFACE_CURVE('',#6709,(#6713,#6720),.PCURVE_S1.);
#6709 = LINE('',#6710,#6711);
#6710 = CARTESIAN_POINT('',(34.4,3.4,5.));
#6711 = VECTOR('',#6712,1.);
#6712 = DIRECTION('',(0.,0.,1.));
#6713 = PCURVE('',#2615,#6714);
#6714 = DEFINITIONAL_REPRESENTATION('',(#6715),#6719);
#6715 = LINE('',#6716,#6717);
#6716 = CARTESIAN_POINT('',(1.570796326795,0.));
#6717 = VECTOR('',#6718,1.);
#6718 = DIRECTION('',(0.,1.));
#6719 = ( GEOMETRIC_REPRESENTATION_CONTEXT(2) 
PARAMETRIC_REPRESENTATION_CONTEXT() REPRESENTATION_CONTEXT('2D SPACE',''
  ) );
#6720 = PCURVE('',#6405,#6721);
#6721 = DEFINITIONAL_REPRESENTATION('',(#6722),#6726);
#6722 = LINE('',#6723,#6724);
#6723 = CARTESIAN_POINT('',(34.4,-4.080266619422));
#6724 = VECTOR('',#6725,1.);
#6725 = DIRECTION('',(0.,1.));
#6726 = ( GEOMETRIC_REPRESENTATION_CONTEXT(2) 
PARAMETRIC_REPRESENTATION_CONTEXT() REPRESENTATION_CONTEXT('2D SPACE',''
  ) );
#6727 = ORIENTED_EDGE('',*,*,#6728,.T.);
#6728 = EDGE_CURVE('',#6706,#2572,#6729,.T.);
#6729 = SURFACE_CURVE('',#6730,(#6735,#6741),.PCURVE_S1.);
#6730 = CIRCLE('',#6731,0.8);
#6731 = AXIS2_PLACEMENT_3D('',#6732,#6733,#6734);
#6732 = CARTESIAN_POINT('',(34.4,2.6,15.668629150102));
#6733 = DIRECTION('',(0.,0.,-1.));
#6734 = DIRECTION('',(1.,0.,0.));
#6735 = PCURVE('',#2615,#6736);
#6736 = DEFINITIONAL_REPRESENTATION('',(#6737),#6740);
#6737 = B_SPLINE_CURVE_WITH_KNOTS('',1,(#6738,#6739),.UNSPECIFIED.,.F.,
  .F.,(2,2),(4.712388980385,6.28318530718),.PIECEWISE_BEZIER_KNOTS.);
#6738 = CARTESIAN_POINT('',(1.570796326795,10.668629150102));
#6739 = CARTESIAN_POINT('',(0.,10.668629150102));
#6740 = ( GEOMETRIC_REPRESENTATION_CONTEXT(2) 
PARAMETRIC_REPRESENTATION_CONTEXT() REPRESENTATION_CONTEXT('2D SPACE',''
  ) );
#6741 = PCURVE('',#6640,#6742);
#6742 = DEFINITIONAL_REPRESENTATION('',(#6743),#6746);
#6743 = B_SPLINE_CURVE_WITH_KNOTS('',1,(#6744,#6745),.UNSPECIFIED.,.F.,
  .F.,(2,2),(4.712388980385,6.28318530718),.PIECEWISE_BEZIER_KNOTS.);
#6744 = CARTESIAN_POINT('',(0.,-1.570796326795));
#6745 = CARTESIAN_POINT('',(0.,0.));
#6746 = ( GEOMETRIC_REPRESENTATION_CONTEXT(2) 
PARAMETRIC_REPRESENTATION_CONTEXT() REPRESENTATION_CONTEXT('2D SPACE',''
  ) );
#6747 = ORIENTED_EDGE('',*,*,#2599,.F.);
#6748 = ADVANCED_FACE('',(#6749),#2833,.T.);
#6749 = FACE_BOUND('',#6750,.T.);
#6750 = EDGE_LOOP('',(#6751,#6771,#6794,#6819));
#6751 = ORIENTED_EDGE('',*,*,#6752,.T.);
#6752 = EDGE_CURVE('',#2818,#6574,#6753,.T.);
#6753 = SURFACE_CURVE('',#6754,(#6759,#6765),.PCURVE_S1.);
#6754 = CIRCLE('',#6755,0.8);
#6755 = AXIS2_PLACEMENT_3D('',#6756,#6757,#6758);
#6756 = CARTESIAN_POINT('',(34.4,0.8,15.668629150102));
#6757 = DIRECTION('',(-0.707106781187,0.,0.707106781187));
#6758 = DIRECTION('',(0.707106781187,0.,0.707106781187));
#6759 = PCURVE('',#2833,#6760);
#6760 = DEFINITIONAL_REPRESENTATION('',(#6761),#6764);
#6761 = B_SPLINE_CURVE_WITH_KNOTS('',1,(#6762,#6763),.UNSPECIFIED.,.F.,
  .F.,(2,2),(4.712388980385,6.28318530718),.PIECEWISE_BEZIER_KNOTS.);
#6762 = CARTESIAN_POINT('',(0.,0.331370849898));
#6763 = CARTESIAN_POINT('',(1.570796326795,0.331370849898));
#6764 = ( GEOMETRIC_REPRESENTATION_CONTEXT(2) 
PARAMETRIC_REPRESENTATION_CONTEXT() REPRESENTATION_CONTEXT('2D SPACE',''
  ) );
#6765 = PCURVE('',#6490,#6766);
#6766 = DEFINITIONAL_REPRESENTATION('',(#6767),#6770);
#6767 = B_SPLINE_CURVE_WITH_KNOTS('',1,(#6768,#6769),.UNSPECIFIED.,.F.,
  .F.,(2,2),(4.712388980385,6.28318530718),.PIECEWISE_BEZIER_KNOTS.);
#6768 = CARTESIAN_POINT('',(0.,-1.570796326795));
#6769 = CARTESIAN_POINT('',(0.,0.));
#6770 = ( GEOMETRIC_REPRESENTATION_CONTEXT(2) 
PARAMETRIC_REPRESENTATION_CONTEXT() REPRESENTATION_CONTEXT('2D SPACE',''
  ) );
#6771 = ORIENTED_EDGE('',*,*,#6772,.T.);
#6772 = EDGE_CURVE('',#6574,#6773,#6775,.T.);
#6773 = VERTEX_POINT('',#6774);
#6774 = CARTESIAN_POINT('',(32.934314575051,0.8,18.265685424949));
#6775 = SURFACE_CURVE('',#6776,(#6780,#6787),.PCURVE_S1.);
#6776 = LINE('',#6777,#6778);
#6777 = CARTESIAN_POINT('',(35.2,0.8,16.));
#6778 = VECTOR('',#6779,1.);
#6779 = DIRECTION('',(-0.707106781187,0.,0.707106781187));
#6780 = PCURVE('',#2833,#6781);
#6781 = DEFINITIONAL_REPRESENTATION('',(#6782),#6786);
#6782 = LINE('',#6783,#6784);
#6783 = CARTESIAN_POINT('',(1.570796326795,0.));
#6784 = VECTOR('',#6785,1.);
#6785 = DIRECTION('',(0.,1.));
#6786 = ( GEOMETRIC_REPRESENTATION_CONTEXT(2) 
PARAMETRIC_REPRESENTATION_CONTEXT() REPRESENTATION_CONTEXT('2D SPACE',''
  ) );
#6787 = PCURVE('',#6613,#6788);
#6788 = DEFINITIONAL_REPRESENTATION('',(#6789),#6793);
#6789 = LINE('',#6790,#6791);
#6790 = CARTESIAN_POINT('',(-1.7763568394E-15,-0.8));
#6791 = VECTOR('',#6792,1.);
#6792 = DIRECTION('',(1.,0.));
#6793 = ( GEOMETRIC_REPRESENTATION_CONTEXT(2) 
PARAMETRIC_REPRESENTATION_CONTEXT() REPRESENTATION_CONTEXT('2D SPACE',''
  ) );
#6794 = ORIENTED_EDGE('',*,*,#6795,.F.);
#6795 = EDGE_CURVE('',#2790,#6773,#6796,.T.);
#6796 = SURFACE_CURVE('',#6797,(#6802,#6808),.PCURVE_S1.);
#6797 = CIRCLE('',#6798,0.8);
#6798 = AXIS2_PLACEMENT_3D('',#6799,#6800,#6801);
#6799 = CARTESIAN_POINT('',(32.368629150102,0.8,17.7));
#6800 = DIRECTION('',(-0.707106781187,0.,0.707106781187));
#6801 = DIRECTION('',(0.707106781187,0.,0.707106781187));
#6802 = PCURVE('',#2833,#6803);
#6803 = DEFINITIONAL_REPRESENTATION('',(#6804),#6807);
#6804 = B_SPLINE_CURVE_WITH_KNOTS('',1,(#6805,#6806),.UNSPECIFIED.,.F.,
  .F.,(2,2),(4.712388980385,6.28318530718),.PIECEWISE_BEZIER_KNOTS.);
#6805 = CARTESIAN_POINT('',(0.,3.204163056034));
#6806 = CARTESIAN_POINT('',(1.570796326795,3.204163056034));
#6807 = ( GEOMETRIC_REPRESENTATION_CONTEXT(2) 
PARAMETRIC_REPRESENTATION_CONTEXT() REPRESENTATION_CONTEXT('2D SPACE',''
  ) );
#6808 = PCURVE('',#6809,#6814);
#6809 = SPHERICAL_SURFACE('',#6810,0.8);
#6810 = AXIS2_PLACEMENT_3D('',#6811,#6812,#6813);
#6811 = CARTESIAN_POINT('',(32.368629150102,0.8,17.7));
#6812 = DIRECTION('',(0.,1.,0.));
#6813 = DIRECTION('',(0.,-0.,1.));
#6814 = DEFINITIONAL_REPRESENTATION('',(#6815),#6818);
#6815 = B_SPLINE_CURVE_WITH_KNOTS('',1,(#6816,#6817),.UNSPECIFIED.,.F.,
  .F.,(2,2),(4.712388980385,6.28318530718),.PIECEWISE_BEZIER_KNOTS.);
#6816 = CARTESIAN_POINT('',(0.785398163397,-1.570796326795));
#6817 = CARTESIAN_POINT('',(0.785398163397,0.));
#6818 = ( GEOMETRIC_REPRESENTATION_CONTEXT(2) 
PARAMETRIC_REPRESENTATION_CONTEXT() REPRESENTATION_CONTEXT('2D SPACE',''
  ) );
#6819 = ORIENTED_EDGE('',*,*,#2817,.F.);
#6820 = ADVANCED_FACE('',(#6821),#2777,.T.);
#6821 = FACE_BOUND('',#6822,.T.);
#6822 = EDGE_LOOP('',(#6823,#6850,#6871,#6891));
#6823 = ORIENTED_EDGE('',*,*,#6824,.T.);
#6824 = EDGE_CURVE('',#2762,#6825,#6827,.T.);
#6825 = VERTEX_POINT('',#6826);
#6826 = CARTESIAN_POINT('',(-32.93431457505,0.8,18.265685424949));
#6827 = SURFACE_CURVE('',#6828,(#6833,#6839),.PCURVE_S1.);
#6828 = CIRCLE('',#6829,0.8);
#6829 = AXIS2_PLACEMENT_3D('',#6830,#6831,#6832);
#6830 = CARTESIAN_POINT('',(-32.3686291501,0.8,17.7));
#6831 = DIRECTION('',(-0.707106781187,0.,-0.707106781187));
#6832 = DIRECTION('',(-0.707106781187,0.,0.707106781187));
#6833 = PCURVE('',#2777,#6834);
#6834 = DEFINITIONAL_REPRESENTATION('',(#6835),#6838);
#6835 = B_SPLINE_CURVE_WITH_KNOTS('',1,(#6836,#6837),.UNSPECIFIED.,.F.,
  .F.,(2,2),(4.712388980385,6.28318530718),.PIECEWISE_BEZIER_KNOTS.);
#6836 = CARTESIAN_POINT('',(0.,0.331370849898));
#6837 = CARTESIAN_POINT('',(1.570796326795,0.331370849898));
#6838 = ( GEOMETRIC_REPRESENTATION_CONTEXT(2) 
PARAMETRIC_REPRESENTATION_CONTEXT() REPRESENTATION_CONTEXT('2D SPACE',''
  ) );
#6839 = PCURVE('',#6840,#6845);
#6840 = SPHERICAL_SURFACE('',#6841,0.8);
#6841 = AXIS2_PLACEMENT_3D('',#6842,#6843,#6844);
#6842 = CARTESIAN_POINT('',(-32.3686291501,0.8,17.7));
#6843 = DIRECTION('',(0.,1.,0.));
#6844 = DIRECTION('',(-0.707106781187,0.,0.707106781187));
#6845 = DEFINITIONAL_REPRESENTATION('',(#6846),#6849);
#6846 = B_SPLINE_CURVE_WITH_KNOTS('',1,(#6847,#6848),.UNSPECIFIED.,.F.,
  .F.,(2,2),(4.712388980385,6.28318530718),.PIECEWISE_BEZIER_KNOTS.);
#6847 = CARTESIAN_POINT('',(0.,-1.570796326795));
#6848 = CARTESIAN_POINT('',(0.,0.));
#6849 = ( GEOMETRIC_REPRESENTATION_CONTEXT(2) 
PARAMETRIC_REPRESENTATION_CONTEXT() REPRESENTATION_CONTEXT('2D SPACE',''
  ) );
#6850 = ORIENTED_EDGE('',*,*,#6851,.T.);
#6851 = EDGE_CURVE('',#6825,#6219,#6852,.T.);
#6852 = SURFACE_CURVE('',#6853,(#6857,#6864),.PCURVE_S1.);
#6853 = LINE('',#6854,#6855);
#6854 = CARTESIAN_POINT('',(-32.7,0.8,18.5));
#6855 = VECTOR('',#6856,1.);
#6856 = DIRECTION('',(-0.707106781187,-0.,-0.707106781187));
#6857 = PCURVE('',#2777,#6858);
#6858 = DEFINITIONAL_REPRESENTATION('',(#6859),#6863);
#6859 = LINE('',#6860,#6861);
#6860 = CARTESIAN_POINT('',(1.570796326795,0.));
#6861 = VECTOR('',#6862,1.);
#6862 = DIRECTION('',(0.,1.));
#6863 = ( GEOMETRIC_REPRESENTATION_CONTEXT(2) 
PARAMETRIC_REPRESENTATION_CONTEXT() REPRESENTATION_CONTEXT('2D SPACE',''
  ) );
#6864 = PCURVE('',#6258,#6865);
#6865 = DEFINITIONAL_REPRESENTATION('',(#6866),#6870);
#6866 = LINE('',#6867,#6868);
#6867 = CARTESIAN_POINT('',(-1.7763568394E-15,-0.8));
#6868 = VECTOR('',#6869,1.);
#6869 = DIRECTION('',(1.,0.));
#6870 = ( GEOMETRIC_REPRESENTATION_CONTEXT(2) 
PARAMETRIC_REPRESENTATION_CONTEXT() REPRESENTATION_CONTEXT('2D SPACE',''
  ) );
#6871 = ORIENTED_EDGE('',*,*,#6872,.F.);
#6872 = EDGE_CURVE('',#2739,#6219,#6873,.T.);
#6873 = SURFACE_CURVE('',#6874,(#6879,#6885),.PCURVE_S1.);
#6874 = CIRCLE('',#6875,0.8);
#6875 = AXIS2_PLACEMENT_3D('',#6876,#6877,#6878);
#6876 = CARTESIAN_POINT('',(-34.4,0.8,15.668629150102));
#6877 = DIRECTION('',(-0.707106781187,0.,-0.707106781187));
#6878 = DIRECTION('',(-0.707106781187,0.,0.707106781187));
#6879 = PCURVE('',#2777,#6880);
#6880 = DEFINITIONAL_REPRESENTATION('',(#6881),#6884);
#6881 = B_SPLINE_CURVE_WITH_KNOTS('',1,(#6882,#6883),.UNSPECIFIED.,.F.,
  .F.,(2,2),(4.712388980385,6.28318530718),.PIECEWISE_BEZIER_KNOTS.);
#6882 = CARTESIAN_POINT('',(0.,3.204163056034));
#6883 = CARTESIAN_POINT('',(1.570796326795,3.204163056034));
#6884 = ( GEOMETRIC_REPRESENTATION_CONTEXT(2) 
PARAMETRIC_REPRESENTATION_CONTEXT() REPRESENTATION_CONTEXT('2D SPACE',''
  ) );
#6885 = PCURVE('',#6200,#6886);
#6886 = DEFINITIONAL_REPRESENTATION('',(#6887),#6890);
#6887 = B_SPLINE_CURVE_WITH_KNOTS('',1,(#6888,#6889),.UNSPECIFIED.,.F.,
  .F.,(2,2),(4.712388980385,6.28318530718),.PIECEWISE_BEZIER_KNOTS.);
#6888 = CARTESIAN_POINT('',(0.785398163397,-1.570796326795));
#6889 = CARTESIAN_POINT('',(0.785398163397,0.));
#6890 = ( GEOMETRIC_REPRESENTATION_CONTEXT(2) 
PARAMETRIC_REPRESENTATION_CONTEXT() REPRESENTATION_CONTEXT('2D SPACE',''
  ) );
#6891 = ORIENTED_EDGE('',*,*,#2761,.F.);
#6892 = ADVANCED_FACE('',(#6893),#2805,.T.);
#6893 = FACE_BOUND('',#6894,.T.);
#6894 = EDGE_LOOP('',(#6895,#6917,#6945,#6965));
#6895 = ORIENTED_EDGE('',*,*,#6896,.T.);
#6896 = EDGE_CURVE('',#2790,#6897,#6899,.T.);
#6897 = VERTEX_POINT('',#6898);
#6898 = CARTESIAN_POINT('',(32.368629150102,0.8,18.5));
#6899 = SURFACE_CURVE('',#6900,(#6905,#6911),.PCURVE_S1.);
#6900 = CIRCLE('',#6901,0.8);
#6901 = AXIS2_PLACEMENT_3D('',#6902,#6903,#6904);
#6902 = CARTESIAN_POINT('',(32.368629150102,0.8,17.7));
#6903 = DIRECTION('',(-1.,0.,0.));
#6904 = DIRECTION('',(0.,0.,1.));
#6905 = PCURVE('',#2805,#6906);
#6906 = DEFINITIONAL_REPRESENTATION('',(#6907),#6910);
#6907 = B_SPLINE_CURVE_WITH_KNOTS('',1,(#6908,#6909),.UNSPECIFIED.,.F.,
  .F.,(2,2),(4.712388980385,6.28318530718),.PIECEWISE_BEZIER_KNOTS.);
#6908 = CARTESIAN_POINT('',(0.,0.331370849898));
#6909 = CARTESIAN_POINT('',(1.570796326795,0.331370849898));
#6910 = ( GEOMETRIC_REPRESENTATION_CONTEXT(2) 
PARAMETRIC_REPRESENTATION_CONTEXT() REPRESENTATION_CONTEXT('2D SPACE',''
  ) );
#6911 = PCURVE('',#6809,#6912);
#6912 = DEFINITIONAL_REPRESENTATION('',(#6913),#6916);
#6913 = B_SPLINE_CURVE_WITH_KNOTS('',1,(#6914,#6915),.UNSPECIFIED.,.F.,
  .F.,(2,2),(4.712388980385,6.28318530718),.PIECEWISE_BEZIER_KNOTS.);
#6914 = CARTESIAN_POINT('',(0.,-1.570796326795));
#6915 = CARTESIAN_POINT('',(0.,0.));
#6916 = ( GEOMETRIC_REPRESENTATION_CONTEXT(2) 
PARAMETRIC_REPRESENTATION_CONTEXT() REPRESENTATION_CONTEXT('2D SPACE',''
  ) );
#6917 = ORIENTED_EDGE('',*,*,#6918,.T.);
#6918 = EDGE_CURVE('',#6897,#6919,#6921,.T.);
#6919 = VERTEX_POINT('',#6920);
#6920 = CARTESIAN_POINT('',(-32.3686291501,0.8,18.5));
#6921 = SURFACE_CURVE('',#6922,(#6926,#6933),.PCURVE_S1.);
#6922 = LINE('',#6923,#6924);
#6923 = CARTESIAN_POINT('',(32.7,0.8,18.5));
#6924 = VECTOR('',#6925,1.);
#6925 = DIRECTION('',(-1.,0.,0.));
#6926 = PCURVE('',#2805,#6927);
#6927 = DEFINITIONAL_REPRESENTATION('',(#6928),#6932);
#6928 = LINE('',#6929,#6930);
#6929 = CARTESIAN_POINT('',(1.570796326795,0.));
#6930 = VECTOR('',#6931,1.);
#6931 = DIRECTION('',(0.,1.));
#6932 = ( GEOMETRIC_REPRESENTATION_CONTEXT(2) 
PARAMETRIC_REPRESENTATION_CONTEXT() REPRESENTATION_CONTEXT('2D SPACE',''
  ) );
#6933 = PCURVE('',#6934,#6939);
#6934 = PLANE('',#6935);
#6935 = AXIS2_PLACEMENT_3D('',#6936,#6937,#6938);
#6936 = CARTESIAN_POINT('',(32.7,0.,18.5));
#6937 = DIRECTION('',(0.,0.,1.));
#6938 = DIRECTION('',(-1.,0.,0.));
#6939 = DEFINITIONAL_REPRESENTATION('',(#6940),#6944);
#6940 = LINE('',#6941,#6942);
#6941 = CARTESIAN_POINT('',(0.,-0.8));
#6942 = VECTOR('',#6943,1.);
#6943 = DIRECTION('',(1.,0.));
#6944 = ( GEOMETRIC_REPRESENTATION_CONTEXT(2) 
PARAMETRIC_REPRESENTATION_CONTEXT() REPRESENTATION_CONTEXT('2D SPACE',''
  ) );
#6945 = ORIENTED_EDGE('',*,*,#6946,.F.);
#6946 = EDGE_CURVE('',#2762,#6919,#6947,.T.);
#6947 = SURFACE_CURVE('',#6948,(#6953,#6959),.PCURVE_S1.);
#6948 = CIRCLE('',#6949,0.8);
#6949 = AXIS2_PLACEMENT_3D('',#6950,#6951,#6952);
#6950 = CARTESIAN_POINT('',(-32.3686291501,0.8,17.7));
#6951 = DIRECTION('',(-1.,0.,3.053113317719E-15));
#6952 = DIRECTION('',(3.053113317719E-15,0.,1.));
#6953 = PCURVE('',#2805,#6954);
#6954 = DEFINITIONAL_REPRESENTATION('',(#6955),#6958);
#6955 = B_SPLINE_CURVE_WITH_KNOTS('',1,(#6956,#6957),.UNSPECIFIED.,.F.,
  .F.,(2,2),(4.712388980385,6.28318530718),.PIECEWISE_BEZIER_KNOTS.);
#6956 = CARTESIAN_POINT('',(0.,65.068629150102));
#6957 = CARTESIAN_POINT('',(1.570796326795,65.068629150102));
#6958 = ( GEOMETRIC_REPRESENTATION_CONTEXT(2) 
PARAMETRIC_REPRESENTATION_CONTEXT() REPRESENTATION_CONTEXT('2D SPACE',''
  ) );
#6959 = PCURVE('',#6840,#6960);
#6960 = DEFINITIONAL_REPRESENTATION('',(#6961),#6964);
#6961 = B_SPLINE_CURVE_WITH_KNOTS('',1,(#6962,#6963),.UNSPECIFIED.,.F.,
  .F.,(2,2),(4.712388980385,6.28318530718),.PIECEWISE_BEZIER_KNOTS.);
#6962 = CARTESIAN_POINT('',(0.785398163397,-1.570796326795));
#6963 = CARTESIAN_POINT('',(0.785398163397,0.));
#6964 = ( GEOMETRIC_REPRESENTATION_CONTEXT(2) 
PARAMETRIC_REPRESENTATION_CONTEXT() REPRESENTATION_CONTEXT('2D SPACE',''
  ) );
#6965 = ORIENTED_EDGE('',*,*,#2789,.F.);
#6966 = ADVANCED_FACE('',(#6967),#2889,.F.);
#6967 = FACE_BOUND('',#6968,.F.);
#6968 = EDGE_LOOP('',(#6969,#6970,#6993,#7015));
#6969 = ORIENTED_EDGE('',*,*,#2868,.F.);
#6970 = ORIENTED_EDGE('',*,*,#6971,.F.);
#6971 = EDGE_CURVE('',#6972,#2869,#6974,.T.);
#6972 = VERTEX_POINT('',#6973);
#6973 = CARTESIAN_POINT('',(27.675,3.4,9.5));
#6974 = SEAM_CURVE('',#6975,(#6979,#6986),.PCURVE_S1.);
#6975 = LINE('',#6976,#6977);
#6976 = CARTESIAN_POINT('',(27.675,4.4,9.5));
#6977 = VECTOR('',#6978,1.);
#6978 = DIRECTION('',(0.,-1.,2.22044604925E-16));
#6979 = PCURVE('',#2889,#6980);
#6980 = DEFINITIONAL_REPRESENTATION('',(#6981),#6985);
#6981 = LINE('',#6982,#6983);
#6982 = CARTESIAN_POINT('',(6.28318530718,-0.));
#6983 = VECTOR('',#6984,1.);
#6984 = DIRECTION('',(0.,1.));
#6985 = ( GEOMETRIC_REPRESENTATION_CONTEXT(2) 
PARAMETRIC_REPRESENTATION_CONTEXT() REPRESENTATION_CONTEXT('2D SPACE',''
  ) );
#6986 = PCURVE('',#2889,#6987);
#6987 = DEFINITIONAL_REPRESENTATION('',(#6988),#6992);
#6988 = LINE('',#6989,#6990);
#6989 = CARTESIAN_POINT('',(0.,-0.));
#6990 = VECTOR('',#6991,1.);
#6991 = DIRECTION('',(0.,1.));
#6992 = ( GEOMETRIC_REPRESENTATION_CONTEXT(2) 
PARAMETRIC_REPRESENTATION_CONTEXT() REPRESENTATION_CONTEXT('2D SPACE',''
  ) );
#6993 = ORIENTED_EDGE('',*,*,#6994,.T.);
#6994 = EDGE_CURVE('',#6972,#6972,#6995,.T.);
#6995 = SURFACE_CURVE('',#6996,(#7001,#7008),.PCURVE_S1.);
#6996 = CIRCLE('',#6997,2.3);
#6997 = AXIS2_PLACEMENT_3D('',#6998,#6999,#7000);
#6998 = CARTESIAN_POINT('',(25.375,3.4,9.5));
#6999 = DIRECTION('',(0.,-1.,2.22044604925E-16));
#7000 = DIRECTION('',(1.,0.,0.));
#7001 = PCURVE('',#2889,#7002);
#7002 = DEFINITIONAL_REPRESENTATION('',(#7003),#7007);
#7003 = LINE('',#7004,#7005);
#7004 = CARTESIAN_POINT('',(0.,1.));
#7005 = VECTOR('',#7006,1.);
#7006 = DIRECTION('',(1.,0.));
#7007 = ( GEOMETRIC_REPRESENTATION_CONTEXT(2) 
PARAMETRIC_REPRESENTATION_CONTEXT() REPRESENTATION_CONTEXT('2D SPACE',''
  ) );
#7008 = PCURVE('',#6405,#7009);
#7009 = DEFINITIONAL_REPRESENTATION('',(#7010),#7014);
#7010 = CIRCLE('',#7011,2.3);
#7011 = AXIS2_PLACEMENT_2D('',#7012,#7013);
#7012 = CARTESIAN_POINT('',(25.375,0.419733380578));
#7013 = DIRECTION('',(1.,0.));
#7014 = ( GEOMETRIC_REPRESENTATION_CONTEXT(2) 
PARAMETRIC_REPRESENTATION_CONTEXT() REPRESENTATION_CONTEXT('2D SPACE',''
  ) );
#7015 = ORIENTED_EDGE('',*,*,#6971,.T.);
#7016 = ADVANCED_FACE('',(#7017),#2924,.F.);
#7017 = FACE_BOUND('',#7018,.F.);
#7018 = EDGE_LOOP('',(#7019,#7020,#7043,#7065));
#7019 = ORIENTED_EDGE('',*,*,#2903,.F.);
#7020 = ORIENTED_EDGE('',*,*,#7021,.F.);
#7021 = EDGE_CURVE('',#7022,#2904,#7024,.T.);
#7022 = VERTEX_POINT('',#7023);
#7023 = CARTESIAN_POINT('',(-23.075,3.4,9.5));
#7024 = SEAM_CURVE('',#7025,(#7029,#7036),.PCURVE_S1.);
#7025 = LINE('',#7026,#7027);
#7026 = CARTESIAN_POINT('',(-23.075,4.4,9.5));
#7027 = VECTOR('',#7028,1.);
#7028 = DIRECTION('',(0.,-1.,2.22044604925E-16));
#7029 = PCURVE('',#2924,#7030);
#7030 = DEFINITIONAL_REPRESENTATION('',(#7031),#7035);
#7031 = LINE('',#7032,#7033);
#7032 = CARTESIAN_POINT('',(6.28318530718,-0.));
#7033 = VECTOR('',#7034,1.);
#7034 = DIRECTION('',(0.,1.));
#7035 = ( GEOMETRIC_REPRESENTATION_CONTEXT(2) 
PARAMETRIC_REPRESENTATION_CONTEXT() REPRESENTATION_CONTEXT('2D SPACE',''
  ) );
#7036 = PCURVE('',#2924,#7037);
#7037 = DEFINITIONAL_REPRESENTATION('',(#7038),#7042);
#7038 = LINE('',#7039,#7040);
#7039 = CARTESIAN_POINT('',(0.,-0.));
#7040 = VECTOR('',#7041,1.);
#7041 = DIRECTION('',(0.,1.));
#7042 = ( GEOMETRIC_REPRESENTATION_CONTEXT(2) 
PARAMETRIC_REPRESENTATION_CONTEXT() REPRESENTATION_CONTEXT('2D SPACE',''
  ) );
#7043 = ORIENTED_EDGE('',*,*,#7044,.T.);
#7044 = EDGE_CURVE('',#7022,#7022,#7045,.T.);
#7045 = SURFACE_CURVE('',#7046,(#7051,#7058),.PCURVE_S1.);
#7046 = CIRCLE('',#7047,2.3);
#7047 = AXIS2_PLACEMENT_3D('',#7048,#7049,#7050);
#7048 = CARTESIAN_POINT('',(-25.375,3.4,9.5));
#7049 = DIRECTION('',(0.,-1.,2.22044604925E-16));
#7050 = DIRECTION('',(1.,0.,0.));
#7051 = PCURVE('',#2924,#7052);
#7052 = DEFINITIONAL_REPRESENTATION('',(#7053),#7057);
#7053 = LINE('',#7054,#7055);
#7054 = CARTESIAN_POINT('',(0.,1.));
#7055 = VECTOR('',#7056,1.);
#7056 = DIRECTION('',(1.,0.));
#7057 = ( GEOMETRIC_REPRESENTATION_CONTEXT(2) 
PARAMETRIC_REPRESENTATION_CONTEXT() REPRESENTATION_CONTEXT('2D SPACE',''
  ) );
#7058 = PCURVE('',#6405,#7059);
#7059 = DEFINITIONAL_REPRESENTATION('',(#7060),#7064);
#7060 = CIRCLE('',#7061,2.3);
#7061 = AXIS2_PLACEMENT_2D('',#7062,#7063);
#7062 = CARTESIAN_POINT('',(-25.375,0.419733380578));
#7063 = DIRECTION('',(1.,0.));
#7064 = ( GEOMETRIC_REPRESENTATION_CONTEXT(2) 
PARAMETRIC_REPRESENTATION_CONTEXT() REPRESENTATION_CONTEXT('2D SPACE',''
  ) );
#7065 = ORIENTED_EDGE('',*,*,#7021,.T.);
#7066 = ADVANCED_FACE('',(#7067),#2956,.F.);
#7067 = FACE_BOUND('',#7068,.F.);
#7068 = EDGE_LOOP('',(#7069,#7097,#7118,#7119));
#7069 = ORIENTED_EDGE('',*,*,#7070,.F.);
#7070 = EDGE_CURVE('',#7071,#7071,#7073,.T.);
#7071 = VERTEX_POINT('',#7072);
#7072 = CARTESIAN_POINT('',(30.1,9.9,5.));
#7073 = SURFACE_CURVE('',#7074,(#7079,#7086),.PCURVE_S1.);
#7074 = CIRCLE('',#7075,4.8);
#7075 = AXIS2_PLACEMENT_3D('',#7076,#7077,#7078);
#7076 = CARTESIAN_POINT('',(25.3,9.9,5.));
#7077 = DIRECTION('',(0.,0.,1.));
#7078 = DIRECTION('',(1.,0.,-0.));
#7079 = PCURVE('',#2956,#7080);
#7080 = DEFINITIONAL_REPRESENTATION('',(#7081),#7085);
#7081 = LINE('',#7082,#7083);
#7082 = CARTESIAN_POINT('',(0.,2.1));
#7083 = VECTOR('',#7084,1.);
#7084 = DIRECTION('',(1.,0.));
#7085 = ( GEOMETRIC_REPRESENTATION_CONTEXT(2) 
PARAMETRIC_REPRESENTATION_CONTEXT() REPRESENTATION_CONTEXT('2D SPACE',''
  ) );
#7086 = PCURVE('',#5078,#7087);
#7087 = DEFINITIONAL_REPRESENTATION('',(#7088),#7096);
#7088 = ( BOUNDED_CURVE() B_SPLINE_CURVE(2,(#7089,#7090,#7091,#7092,
#7093,#7094,#7095),.UNSPECIFIED.,.T.,.F.) B_SPLINE_CURVE_WITH_KNOTS((1,2
    ,2,2,2,1),(-2.094395102393,0.,2.094395102393,4.188790204786,
6.28318530718,8.377580409573),.UNSPECIFIED.) CURVE() 
GEOMETRIC_REPRESENTATION_ITEM() RATIONAL_B_SPLINE_CURVE((1.,0.5,1.,0.5,
1.,0.5,1.)) REPRESENTATION_ITEM('') );
#7089 = CARTESIAN_POINT('',(27.,-50.3));
#7090 = CARTESIAN_POINT('',(18.686156123669,-50.3));
#7091 = CARTESIAN_POINT('',(22.843078061835,-43.1));
#7092 = CARTESIAN_POINT('',(27.,-35.9));
#7093 = CARTESIAN_POINT('',(31.156921938165,-43.1));
#7094 = CARTESIAN_POINT('',(35.313843876331,-50.3));
#7095 = CARTESIAN_POINT('',(27.,-50.3));
#7096 = ( GEOMETRIC_REPRESENTATION_CONTEXT(2) 
PARAMETRIC_REPRESENTATION_CONTEXT() REPRESENTATION_CONTEXT('2D SPACE',''
  ) );
#7097 = ORIENTED_EDGE('',*,*,#7098,.F.);
#7098 = EDGE_CURVE('',#2940,#7071,#7099,.T.);
#7099 = SEAM_CURVE('',#7100,(#7104,#7111),.PCURVE_S1.);
#7100 = LINE('',#7101,#7102);
#7101 = CARTESIAN_POINT('',(30.1,9.9,2.9));
#7102 = VECTOR('',#7103,1.);
#7103 = DIRECTION('',(0.,0.,1.));
#7104 = PCURVE('',#2956,#7105);
#7105 = DEFINITIONAL_REPRESENTATION('',(#7106),#7110);
#7106 = LINE('',#7107,#7108);
#7107 = CARTESIAN_POINT('',(6.28318530718,-0.));
#7108 = VECTOR('',#7109,1.);
#7109 = DIRECTION('',(0.,1.));
#7110 = ( GEOMETRIC_REPRESENTATION_CONTEXT(2) 
PARAMETRIC_REPRESENTATION_CONTEXT() REPRESENTATION_CONTEXT('2D SPACE',''
  ) );
#7111 = PCURVE('',#2956,#7112);
#7112 = DEFINITIONAL_REPRESENTATION('',(#7113),#7117);
#7113 = LINE('',#7114,#7115);
#7114 = CARTESIAN_POINT('',(0.,-0.));
#7115 = VECTOR('',#7116,1.);
#7116 = DIRECTION('',(0.,1.));
#7117 = ( GEOMETRIC_REPRESENTATION_CONTEXT(2) 
PARAMETRIC_REPRESENTATION_CONTEXT() REPRESENTATION_CONTEXT('2D SPACE',''
  ) );
#7118 = ORIENTED_EDGE('',*,*,#2939,.T.);
#7119 = ORIENTED_EDGE('',*,*,#7098,.T.);
#7120 = ADVANCED_FACE('',(#7121),#2991,.F.);
#7121 = FACE_BOUND('',#7122,.F.);
#7122 = EDGE_LOOP('',(#7123,#7151,#7172,#7173));
#7123 = ORIENTED_EDGE('',*,*,#7124,.F.);
#7124 = EDGE_CURVE('',#7125,#7125,#7127,.T.);
#7125 = VERTEX_POINT('',#7126);
#7126 = CARTESIAN_POINT('',(-20.5,9.9,5.));
#7127 = SURFACE_CURVE('',#7128,(#7133,#7140),.PCURVE_S1.);
#7128 = CIRCLE('',#7129,4.8);
#7129 = AXIS2_PLACEMENT_3D('',#7130,#7131,#7132);
#7130 = CARTESIAN_POINT('',(-25.3,9.9,5.));
#7131 = DIRECTION('',(0.,0.,1.));
#7132 = DIRECTION('',(1.,0.,-0.));
#7133 = PCURVE('',#2991,#7134);
#7134 = DEFINITIONAL_REPRESENTATION('',(#7135),#7139);
#7135 = LINE('',#7136,#7137);
#7136 = CARTESIAN_POINT('',(0.,2.1));
#7137 = VECTOR('',#7138,1.);
#7138 = DIRECTION('',(1.,0.));
#7139 = ( GEOMETRIC_REPRESENTATION_CONTEXT(2) 
PARAMETRIC_REPRESENTATION_CONTEXT() REPRESENTATION_CONTEXT('2D SPACE',''
  ) );
#7140 = PCURVE('',#5078,#7141);
#7141 = DEFINITIONAL_REPRESENTATION('',(#7142),#7150);
#7142 = ( BOUNDED_CURVE() B_SPLINE_CURVE(2,(#7143,#7144,#7145,#7146,
#7147,#7148,#7149),.UNSPECIFIED.,.T.,.F.) B_SPLINE_CURVE_WITH_KNOTS((1,2
    ,2,2,2,1),(-2.094395102393,0.,2.094395102393,4.188790204786,
6.28318530718,8.377580409573),.UNSPECIFIED.) CURVE() 
GEOMETRIC_REPRESENTATION_ITEM() RATIONAL_B_SPLINE_CURVE((1.,0.5,1.,0.5,
1.,0.5,1.)) REPRESENTATION_ITEM('') );
#7143 = CARTESIAN_POINT('',(27.,0.3));
#7144 = CARTESIAN_POINT('',(18.686156123669,0.3));
#7145 = CARTESIAN_POINT('',(22.843078061835,7.5));
#7146 = CARTESIAN_POINT('',(27.,14.7));
#7147 = CARTESIAN_POINT('',(31.156921938165,7.5));
#7148 = CARTESIAN_POINT('',(35.313843876331,0.3));
#7149 = CARTESIAN_POINT('',(27.,0.3));
#7150 = ( GEOMETRIC_REPRESENTATION_CONTEXT(2) 
PARAMETRIC_REPRESENTATION_CONTEXT() REPRESENTATION_CONTEXT('2D SPACE',''
  ) );
#7151 = ORIENTED_EDGE('',*,*,#7152,.F.);
#7152 = EDGE_CURVE('',#2975,#7125,#7153,.T.);
#7153 = SEAM_CURVE('',#7154,(#7158,#7165),.PCURVE_S1.);
#7154 = LINE('',#7155,#7156);
#7155 = CARTESIAN_POINT('',(-20.5,9.9,2.9));
#7156 = VECTOR('',#7157,1.);
#7157 = DIRECTION('',(0.,0.,1.));
#7158 = PCURVE('',#2991,#7159);
#7159 = DEFINITIONAL_REPRESENTATION('',(#7160),#7164);
#7160 = LINE('',#7161,#7162);
#7161 = CARTESIAN_POINT('',(6.28318530718,-0.));
#7162 = VECTOR('',#7163,1.);
#7163 = DIRECTION('',(0.,1.));
#7164 = ( GEOMETRIC_REPRESENTATION_CONTEXT(2) 
PARAMETRIC_REPRESENTATION_CONTEXT() REPRESENTATION_CONTEXT('2D SPACE',''
  ) );
#7165 = PCURVE('',#2991,#7166);
#7166 = DEFINITIONAL_REPRESENTATION('',(#7167),#7171);
#7167 = LINE('',#7168,#7169);
#7168 = CARTESIAN_POINT('',(0.,-0.));
#7169 = VECTOR('',#7170,1.);
#7170 = DIRECTION('',(0.,1.));
#7171 = ( GEOMETRIC_REPRESENTATION_CONTEXT(2) 
PARAMETRIC_REPRESENTATION_CONTEXT() REPRESENTATION_CONTEXT('2D SPACE',''
  ) );
#7172 = ORIENTED_EDGE('',*,*,#2974,.T.);
#7173 = ORIENTED_EDGE('',*,*,#7152,.T.);
#7174 = ADVANCED_FACE('',(#7175),#4389,.F.);
#7175 = FACE_BOUND('',#7176,.F.);
#7176 = EDGE_LOOP('',(#7177,#7287,#7657,#7689));
#7177 = ORIENTED_EDGE('',*,*,#7178,.T.);
#7178 = EDGE_CURVE('',#3964,#7179,#7181,.T.);
#7179 = VERTEX_POINT('',#7180);
#7180 = CARTESIAN_POINT('',(-17.747240275,20.18896110003,23.747991707101
    ));
#7181 = SURFACE_CURVE('',#7182,(#7192,#7208),.PCURVE_S1.);
#7182 = B_SPLINE_CURVE_WITH_KNOTS('',8,(#7183,#7184,#7185,#7186,#7187,
    #7188,#7189,#7190,#7191),.UNSPECIFIED.,.F.,.F.,(9,9),(0.,1.),
  .PIECEWISE_BEZIER_KNOTS.);
#7183 = CARTESIAN_POINT('',(-16.97112298548,20.891626469489,
    24.365462474026));
#7184 = CARTESIAN_POINT('',(-17.14055903016,20.866978591408,
    24.385765880226));
#7185 = CARTESIAN_POINT('',(-17.31049647972,20.815002519488,
    24.373523503096));
#7186 = CARTESIAN_POINT('',(-17.46729977571,20.737581908714,
    24.326851461555));
#7187 = CARTESIAN_POINT('',(-17.60138572163,20.639368000899,
    24.248415921612));
#7188 = CARTESIAN_POINT('',(-17.69997631923,20.526634957143,
    24.141888503457));
#7189 = CARTESIAN_POINT('',(-17.75844071968,20.408987807852,
    24.017386678452));
#7190 = CARTESIAN_POINT('',(-17.7734047618,20.293619047221,
    23.882492391367));
#7191 = CARTESIAN_POINT('',(-17.747240275,20.18896110003,23.747991707101
    ));
#7192 = PCURVE('',#4389,#7193);
#7193 = DEFINITIONAL_REPRESENTATION('',(#7194),#7207);
#7194 = B_SPLINE_CURVE_WITH_KNOTS('',11,(#7195,#7196,#7197,#7198,#7199,
    #7200,#7201,#7202,#7203,#7204,#7205,#7206),.UNSPECIFIED.,.F.,.F.,(12
    ,12),(0.,1.),.PIECEWISE_BEZIER_KNOTS.);
#7195 = CARTESIAN_POINT('',(1.7763568394E-15,0.616606725311));
#7196 = CARTESIAN_POINT('',(1.262130751135,0.617046009726));
#7197 = CARTESIAN_POINT('',(2.427014081355,0.617451447191));
#7198 = CARTESIAN_POINT('',(3.522244066478,0.61783264182));
#7199 = CARTESIAN_POINT('',(4.576377769644,0.618199532893));
#7200 = CARTESIAN_POINT('',(5.606067725004,0.618557916326));
#7201 = CARTESIAN_POINT('',(6.628083491416,0.618913628756));
#7202 = CARTESIAN_POINT('',(7.657809986188,0.619272024906));
#7203 = CARTESIAN_POINT('',(8.711922727091,0.619638908684));
#7204 = CARTESIAN_POINT('',(9.807201537592,0.620020120307));
#7205 = CARTESIAN_POINT('',(10.972118740742,0.620425569561));
#7206 = CARTESIAN_POINT('',(12.234309011839,0.620864874692));
#7207 = ( GEOMETRIC_REPRESENTATION_CONTEXT(2) 
PARAMETRIC_REPRESENTATION_CONTEXT() REPRESENTATION_CONTEXT('2D SPACE',''
  ) );
#7208 = PCURVE('',#7209,#7282);
#7209 = B_SPLINE_SURFACE_WITH_KNOTS('',7,8,(
    (#7210,#7211,#7212,#7213,#7214,#7215,#7216,#7217,#7218)
    ,(#7219,#7220,#7221,#7222,#7223,#7224,#7225,#7226,#7227)
    ,(#7228,#7229,#7230,#7231,#7232,#7233,#7234,#7235,#7236)
    ,(#7237,#7238,#7239,#7240,#7241,#7242,#7243,#7244,#7245)
    ,(#7246,#7247,#7248,#7249,#7250,#7251,#7252,#7253,#7254)
    ,(#7255,#7256,#7257,#7258,#7259,#7260,#7261,#7262,#7263)
    ,(#7264,#7265,#7266,#7267,#7268,#7269,#7270,#7271,#7272)
    ,(#7273,#7274,#7275,#7276,#7277,#7278,#7279,#7280,#7281
  )),.UNSPECIFIED.,.F.,.F.,.F.,(8,8),(9,9),(0.,1.),(0.,1.),
  .PIECEWISE_BEZIER_KNOTS.);
#7210 = CARTESIAN_POINT('',(-16.97112298548,20.891626469489,
    24.365462474026));
#7211 = CARTESIAN_POINT('',(-17.14055903016,20.866978591408,
    24.385765880226));
#7212 = CARTESIAN_POINT('',(-17.31049647972,20.815002519488,
    24.373523503096));
#7213 = CARTESIAN_POINT('',(-17.46729977571,20.737581908714,
    24.326851461555));
#7214 = CARTESIAN_POINT('',(-17.60138572163,20.639368000899,
    24.248415921612));
#7215 = CARTESIAN_POINT('',(-17.69997631923,20.526634957143,
    24.141888503457));
#7216 = CARTESIAN_POINT('',(-17.75844071968,20.408987807852,
    24.017386678452));
#7217 = CARTESIAN_POINT('',(-17.7734047618,20.293619047221,
    23.882492391367));
#7218 = CARTESIAN_POINT('',(-17.747240275,20.18896110003,23.747991707101
    ));
#7219 = CARTESIAN_POINT('',(-16.97112298548,20.891626395543,
    24.365462534938));
#7220 = CARTESIAN_POINT('',(-17.12663599003,20.847429026771,
    24.401869635483));
#7221 = CARTESIAN_POINT('',(-17.2833364655,20.778601664291,
    24.409212365706));
#7222 = CARTESIAN_POINT('',(-17.43194972596,20.686900025295,
    24.384635701469));
#7223 = CARTESIAN_POINT('',(-17.56733731067,20.574722940425,
    24.327700802145));
#7224 = CARTESIAN_POINT('',(-17.67237423901,20.442907377795,
    24.232196036823));
#7225 = CARTESIAN_POINT('',(-17.73084359488,20.308099759039,
    24.112199671761));
#7226 = CARTESIAN_POINT('',(-17.74364270736,20.182445148593,
    23.981873438762));
#7227 = CARTESIAN_POINT('',(-17.71862323002,20.074492920105,
    23.853808118537));
#7228 = CARTESIAN_POINT('',(-16.97112298548,20.891626250583,
    24.365462660322));
#7229 = CARTESIAN_POINT('',(-17.08354996589,20.815416930206,
    24.428239334846));
#7230 = CARTESIAN_POINT('',(-17.22863852247,20.730889866057,
    24.448317312957));
#7231 = CARTESIAN_POINT('',(-17.35738222712,20.619758749332,
    24.448902481144));
#7232 = CARTESIAN_POINT('',(-17.4814730394,20.489943393455,
    24.417530146896));
#7233 = CARTESIAN_POINT('',(-17.58407172878,20.34038603127,
    24.33915058719));
#7234 = CARTESIAN_POINT('',(-17.6448943035,20.194531501799,
    24.225656618619));
#7235 = CARTESIAN_POINT('',(-17.6801324227,20.074997722766,
    24.085352970598));
#7236 = CARTESIAN_POINT('',(-17.65446769884,19.968909584192,
    23.959624336416));
#7237 = CARTESIAN_POINT('',(-16.97112298548,20.89162622247,
    24.365462686467));
#7238 = CARTESIAN_POINT('',(-17.0751525748,20.806615949189,
    24.435489089239));
#7239 = CARTESIAN_POINT('',(-17.19630813944,20.703629103138,
    24.476335000112));
#7240 = CARTESIAN_POINT('',(-17.30968986265,20.578629600787,
    24.493847908938));
#7241 = CARTESIAN_POINT('',(-17.41888398233,20.433629756472,
    24.481089064742));
#7242 = CARTESIAN_POINT('',(-17.50833428866,20.267590029658,
    24.418517340163));
#7243 = CARTESIAN_POINT('',(-17.55938428665,20.109631914669,
    24.314770206841));
#7244 = CARTESIAN_POINT('',(-17.57966994386,19.979862656271,
    24.186157672117));
#7245 = CARTESIAN_POINT('',(-17.55661068002,19.879546859579,
    24.058658239781));
#7246 = CARTESIAN_POINT('',(-16.97112298548,20.891626209147,
    24.365462700429));
#7247 = CARTESIAN_POINT('',(-17.06847494797,20.802730363659,
    24.438689835277));
#7248 = CARTESIAN_POINT('',(-17.15870994908,20.68368234712,
    24.498297647289));
#7249 = CARTESIAN_POINT('',(-17.25067751113,20.548026112107,
    24.528002940139));
#7250 = CARTESIAN_POINT('',(-17.33660800102,20.39143897219,
    24.528990389814));
#7251 = CARTESIAN_POINT('',(-17.404560945,20.214339233836,
    24.480670697724));
#7252 = CARTESIAN_POINT('',(-17.44169289103,20.048513616234,
    24.387719044299));
#7253 = CARTESIAN_POINT('',(-17.44382103084,19.908524886628,
    24.273954399755));
#7254 = CARTESIAN_POINT('',(-17.43029448075,19.812896498589,
    24.144121345627));
#7255 = CARTESIAN_POINT('',(-16.97112298548,20.891626181035,
    24.365462726574));
#7256 = CARTESIAN_POINT('',(-17.05475333811,20.798956795438,
    24.441798303153));
#7257 = CARTESIAN_POINT('',(-17.11145196182,20.668667948035,
    24.513922758527));
#7258 = CARTESIAN_POINT('',(-17.17686473163,20.526345314324,
    24.549962146775));
#7259 = CARTESIAN_POINT('',(-17.23462360509,20.364021223423,
    24.557715506733));
#7260 = CARTESIAN_POINT('',(-17.27740152368,20.184200038304,
    24.519489610015));
#7261 = CARTESIAN_POINT('',(-17.29933799552,20.016636293481,
    24.437184915797));
#7262 = CARTESIAN_POINT('',(-17.28696391315,19.869818064844,
    24.337929884816));
#7263 = CARTESIAN_POINT('',(-17.28392070111,19.773391518007,
    24.210329198948));
#7264 = CARTESIAN_POINT('',(-16.97112298548,20.891626036075,
    24.365462851958));
#7265 = CARTESIAN_POINT('',(-17.00101887643,20.776999524465,
    24.459885429484));
#7266 = CARTESIAN_POINT('',(-17.03098638349,20.64191577412,
    24.530427453673));
#7267 = CARTESIAN_POINT('',(-17.05907757528,20.490498847489,
    24.57290833842));
#7268 = CARTESIAN_POINT('',(-17.08392342801,20.325362771441,
    24.584996058477));
#7269 = CARTESIAN_POINT('',(-17.10369851596,20.152403952131,
    24.554246990075));
#7270 = CARTESIAN_POINT('',(-17.11774129189,19.993908780203,
    24.480650137779));
#7271 = CARTESIAN_POINT('',(-17.12556973706,19.86224583374,
    24.375803330294));
#7272 = CARTESIAN_POINT('',(-17.12752268978,19.76260020627,
    24.25373489686));
#7273 = CARTESIAN_POINT('',(-16.97112298548,20.891625962129,
    24.365462912871));
#7274 = CARTESIAN_POINT('',(-16.97112317999,20.772532198217,
    24.463565325191));
#7275 = CARTESIAN_POINT('',(-16.97112335743,20.631582501857,
    24.535595892135));
#7276 = CARTESIAN_POINT('',(-16.97112352513,20.476048284608,
    24.575371578176));
#7277 = CARTESIAN_POINT('',(-16.97112368892,20.313849420685,
    24.580397559258));
#7278 = CARTESIAN_POINT('',(-16.97112385272,20.15470184736,
    24.548683530177));
#7279 = CARTESIAN_POINT('',(-16.97112402042,20.007860061024,
    24.483795307546));
#7280 = CARTESIAN_POINT('',(-16.97112419785,19.880723869432,
    24.389500088767));
#7281 = CARTESIAN_POINT('',(-16.97112439237,19.779445099766,
    24.273095540925));
#7282 = DEFINITIONAL_REPRESENTATION('',(#7283),#7286);
#7283 = B_SPLINE_CURVE_WITH_KNOTS('',1,(#7284,#7285),.UNSPECIFIED.,.F.,
  .F.,(2,2),(0.,1.),.PIECEWISE_BEZIER_KNOTS.);
#7284 = CARTESIAN_POINT('',(0.,0.));
#7285 = CARTESIAN_POINT('',(0.,1.));
#7286 = ( GEOMETRIC_REPRESENTATION_CONTEXT(2) 
PARAMETRIC_REPRESENTATION_CONTEXT() REPRESENTATION_CONTEXT('2D SPACE',''
  ) );
#7287 = ORIENTED_EDGE('',*,*,#7288,.T.);
#7288 = EDGE_CURVE('',#7179,#5381,#7289,.T.);
#7289 = SURFACE_CURVE('',#7290,(#7475,#7482),.PCURVE_S1.);
#7290 = B_SPLINE_CURVE_WITH_KNOTS('',14,(#7291,#7292,#7293,#7294,#7295,
    #7296,#7297,#7298,#7299,#7300,#7301,#7302,#7303,#7304,#7305,#7306,
    #7307,#7308,#7309,#7310,#7311,#7312,#7313,#7314,#7315,#7316,#7317,
    #7318,#7319,#7320,#7321,#7322,#7323,#7324,#7325,#7326,#7327,#7328,
    #7329,#7330,#7331,#7332,#7333,#7334,#7335,#7336,#7337,#7338,#7339,
    #7340,#7341,#7342,#7343,#7344,#7345,#7346,#7347,#7348,#7349,#7350,
    #7351,#7352,#7353,#7354,#7355,#7356,#7357,#7358,#7359,#7360,#7361,
    #7362,#7363,#7364,#7365,#7366,#7367,#7368,#7369,#7370,#7371,#7372,
    #7373,#7374,#7375,#7376,#7377,#7378,#7379,#7380,#7381,#7382,#7383,
    #7384,#7385,#7386,#7387,#7388,#7389,#7390,#7391,#7392,#7393,#7394,
    #7395,#7396,#7397,#7398,#7399,#7400,#7401,#7402,#7403,#7404,#7405,
    #7406,#7407,#7408,#7409,#7410,#7411,#7412,#7413,#7414,#7415,#7416,
    #7417,#7418,#7419,#7420,#7421,#7422,#7423,#7424,#7425,#7426,#7427,
    #7428,#7429,#7430,#7431,#7432,#7433,#7434,#7435,#7436,#7437,#7438,
    #7439,#7440,#7441,#7442,#7443,#7444,#7445,#7446,#7447,#7448,#7449,
    #7450,#7451,#7452,#7453,#7454,#7455,#7456,#7457,#7458,#7459,#7460,
    #7461,#7462,#7463,#7464,#7465,#7466,#7467,#7468,#7469,#7470,#7471,
    #7472,#7473,#7474),.UNSPECIFIED.,.F.,.F.,(15,13,13,13,13,13,13,13,13
    ,13,13,13,13,13,15),(-0.184190631153,-0.120787341778,0.,
    0.260528547851,0.69128060459,1.352824139101,1.521463336334,
    1.884870738381,2.053624737714,2.521497392285,3.445943959977,
    4.254835876882,5.483558152022,9.061632329473,12.113521670061),
  .UNSPECIFIED.);
#7291 = CARTESIAN_POINT('',(-17.55336223671,19.413448946845,
    24.408196262853));
#7292 = CARTESIAN_POINT('',(-17.55630381198,19.425215247936,
    24.397959031228));
#7293 = CARTESIAN_POINT('',(-17.55924309434,19.436972377383,
    24.387729779359));
#7294 = CARTESIAN_POINT('',(-17.5621800838,19.448720335189,
    24.377508507246));
#7295 = CARTESIAN_POINT('',(-17.56511478034,19.460459121351,
    24.367295214891));
#7296 = CARTESIAN_POINT('',(-17.56804718397,19.472188735871,
    24.357089902292));
#7297 = CARTESIAN_POINT('',(-17.57097729469,19.483909178749,
    24.34689256945));
#7298 = CARTESIAN_POINT('',(-17.5739051125,19.495620449984,
    24.336703216365));
#7299 = CARTESIAN_POINT('',(-17.5768306374,19.507322549577,
    24.326521843036));
#7300 = CARTESIAN_POINT('',(-17.57975386938,19.519015477527,
    24.316348449464));
#7301 = CARTESIAN_POINT('',(-17.58267480846,19.530699233835,
    24.306183035649));
#7302 = CARTESIAN_POINT('',(-17.58559345462,19.5423738185,24.29602560159
    ));
#7303 = CARTESIAN_POINT('',(-17.58850980788,19.554039231522,
    24.285876147288));
#7304 = CARTESIAN_POINT('',(-17.59142386822,19.565695472902,
    24.275734672743));
#7305 = CARTESIAN_POINT('',(-17.59988273978,19.599530959155,
    24.246296219009));
#7306 = CARTESIAN_POINT('',(-17.60441097055,19.617643882149,
    24.230608698065));
#7307 = CARTESIAN_POINT('',(-17.6080872207,19.632348882956,
    24.217894469301));
#7308 = CARTESIAN_POINT('',(-17.61107745511,19.644309820228,
    24.207565348968));
#7309 = CARTESIAN_POINT('',(-17.61352352949,19.654094118301,
    24.199125970117));
#7310 = CARTESIAN_POINT('',(-17.61555405097,19.66221620357,
    24.192126298999));
#7311 = CARTESIAN_POINT('',(-17.61729254669,19.669170187054,
    24.186135066544));
#7312 = CARTESIAN_POINT('',(-17.61885183027,19.675407320901,
    24.180761436154));
#7313 = CARTESIAN_POINT('',(-17.62031991325,19.681279653091,
    24.175702858188));
#7314 = CARTESIAN_POINT('',(-17.62175018588,19.687000743515,
    24.170776382383));
#7315 = CARTESIAN_POINT('',(-17.62316679996,19.692667199875,
    24.165898575451));
#7316 = CARTESIAN_POINT('',(-17.62458530417,19.698341216714,
    24.161015744849));
#7317 = CARTESIAN_POINT('',(-17.62602855078,19.704114203156,
    24.156051307052));
#7318 = CARTESIAN_POINT('',(-17.63063827796,19.722553111863,
    24.140202353773));
#7319 = CARTESIAN_POINT('',(-17.63387141212,19.735485648467,
    24.129098554504));
#7320 = CARTESIAN_POINT('',(-17.63718017335,19.748720693462,
    24.117746826673));
#7321 = CARTESIAN_POINT('',(-17.6405449129,19.762179651486,
    24.106215582506));
#7322 = CARTESIAN_POINT('',(-17.64396398211,19.775855928647,
    24.094511556015));
#7323 = CARTESIAN_POINT('',(-17.64743417824,19.789736712697,
    24.082646247373));
#7324 = CARTESIAN_POINT('',(-17.65093960682,19.803758427625,
    24.070674389036));
#7325 = CARTESIAN_POINT('',(-17.65446258383,19.817850335033,
    24.05865738351));
#7326 = CARTESIAN_POINT('',(-17.65800341511,19.832013660695,
    24.046596066348));
#7327 = CARTESIAN_POINT('',(-17.66158639018,19.846345560607,
    24.034409865802));
#7328 = CARTESIAN_POINT('',(-17.66523704605,19.860948184286,
    24.022013374466));
#7329 = CARTESIAN_POINT('',(-17.66894076745,19.875763069803,
    24.009456614245));
#7330 = CARTESIAN_POINT('',(-17.67263502246,19.890540089847,
    23.996951773441));
#7331 = CARTESIAN_POINT('',(-17.68248442098,19.929937683965,
    23.963665746209));
#7332 = CARTESIAN_POINT('',(-17.68863675216,19.954547008585,
    23.942928042401));
#7333 = CARTESIAN_POINT('',(-17.69482133113,19.979285324787,
    23.922140420345));
#7334 = CARTESIAN_POINT('',(-17.70096541459,20.003861657815,
    23.901539799531));
#7335 = CARTESIAN_POINT('',(-17.70704172123,20.028166885869,
    23.881220394617));
#7336 = CARTESIAN_POINT('',(-17.7130758186,20.052303273158,
    23.861097048714));
#7337 = CARTESIAN_POINT('',(-17.7190987743,20.076395098622,
    23.841058751789));
#7338 = CARTESIAN_POINT('',(-17.72511255593,20.100450222494,
    23.821090331344));
#7339 = CARTESIAN_POINT('',(-17.73109812877,20.12439251599,
    23.801252350022));
#7340 = CARTESIAN_POINT('',(-17.73705089405,20.148203575707,
    23.781562864278));
#7341 = CARTESIAN_POINT('',(-17.74299822762,20.171992910744,
    23.761932697093));
#7342 = CARTESIAN_POINT('',(-17.74896338538,20.195853541483,
    23.742282132939));
#7343 = CARTESIAN_POINT('',(-17.75491213722,20.21964854893,
    23.722724270842));
#7344 = CARTESIAN_POINT('',(-17.77003786392,20.280151455689,
    23.67309418863));
#7345 = CARTESIAN_POINT('',(-17.77923557011,20.316942280525,
    23.64300525128));
#7346 = CARTESIAN_POINT('',(-17.78849213113,20.3539685244,
    23.612821301384));
#7347 = CARTESIAN_POINT('',(-17.79775907943,20.391036317987,
    23.582688133419));
#7348 = CARTESIAN_POINT('',(-17.80702973796,20.428118951492,
    23.552637208707));
#7349 = CARTESIAN_POINT('',(-17.81632167543,20.465286702104,
    23.522623868483));
#7350 = CARTESIAN_POINT('',(-17.82564098186,20.502563927133,
    23.492627981496));
#7351 = CARTESIAN_POINT('',(-17.83497359865,20.539894394827,23.462687778
    ));
#7352 = CARTESIAN_POINT('',(-17.84430386528,20.577215461034,
    23.432856416603));
#7353 = CARTESIAN_POINT('',(-17.85363654464,20.614546178606,
    23.403137324597));
#7354 = CARTESIAN_POINT('',(-17.86299598524,20.651983940977,
    23.373468696106));
#7355 = CARTESIAN_POINT('',(-17.87239465652,20.689578626092,
    23.343789589679));
#7356 = CARTESIAN_POINT('',(-17.88180314427,20.727212577113,
    23.314129943889));
#7357 = CARTESIAN_POINT('',(-17.89361394161,20.774455766438,
    23.27697749117));
#7358 = CARTESIAN_POINT('',(-17.89601274175,20.78405096714,
    23.269435497433));
#7359 = CARTESIAN_POINT('',(-17.89841054431,20.793642176924,
    23.261900086738));
#7360 = CARTESIAN_POINT('',(-17.90080681282,20.803227252015,
    23.254372631534));
#7361 = CARTESIAN_POINT('',(-17.90320108865,20.812804353459,
    23.24685426894));
#7362 = CARTESIAN_POINT('',(-17.90559298452,20.822371939571,
    23.239345892336));
#7363 = CARTESIAN_POINT('',(-17.90798219486,20.831928777951,
    23.231848164777));
#7364 = CARTESIAN_POINT('',(-17.91036848208,20.841473929626,
    23.224361501227));
#7365 = CARTESIAN_POINT('',(-17.91275169188,20.851006766657,
    23.216886088372));
#7366 = CARTESIAN_POINT('',(-17.91513173877,20.86052695557,
    23.20942186588));
#7367 = CARTESIAN_POINT('',(-17.9175086177,20.870034470601,
    23.201968541464));
#7368 = CARTESIAN_POINT('',(-17.91988239616,20.879529584732,
    23.194525580628));
#7369 = CARTESIAN_POINT('',(-17.92225321869,20.889012874771,
    23.187092212514));
#7370 = CARTESIAN_POINT('',(-17.92972438882,20.918897555302,
    23.163667458049));
#7371 = CARTESIAN_POINT('',(-17.93478982297,20.93915929192,
    23.14778656351));
#7372 = CARTESIAN_POINT('',(-17.9400808835,20.960323533866,
    23.131209207301));
#7373 = CARTESIAN_POINT('',(-17.94411959056,20.976478362592,
    23.118583518227));
#7374 = CARTESIAN_POINT('',(-17.95229014733,21.00916058875,
    23.093025004954));
#7375 = CARTESIAN_POINT('',(-17.95065520786,21.002620832255,
    23.098282683664));
#7376 = CARTESIAN_POINT('',(-17.96607362617,21.064294503793,
    23.050060578905));
#7377 = CARTESIAN_POINT('',(-17.95963519509,21.038540781217,
    23.070548529234));
#7378 = CARTESIAN_POINT('',(-17.97313519412,21.09254077587,
    23.028436465413));
#7379 = CARTESIAN_POINT('',(-17.97435250388,21.097410015922,
    23.025075036455));
#7380 = CARTESIAN_POINT('',(-17.98084910274,21.123396410803,
    23.00516842538));
#7381 = CARTESIAN_POINT('',(-17.98588889943,21.143555597806,
    22.989964384831));
#7382 = CARTESIAN_POINT('',(-17.99129241749,21.165169669956,
    22.973751704463));
#7383 = CARTESIAN_POINT('',(-17.9992556724,21.197022689614,
    22.950034005485));
#7384 = CARTESIAN_POINT('',(-18.0017942317,21.207176926806,
    22.942498007976));
#7385 = CARTESIAN_POINT('',(-18.00434664896,21.217386595859,
    22.934945585063));
#7386 = CARTESIAN_POINT('',(-18.00691329939,21.227653197659,
    22.927375646062));
#7387 = CARTESIAN_POINT('',(-18.00949440272,21.237977610714,
    22.919787570591));
#7388 = CARTESIAN_POINT('',(-18.01209002251,21.248360090333,
    22.912181207656));
#7389 = CARTESIAN_POINT('',(-18.01470006768,21.258800270389,
    22.90455687756));
#7390 = CARTESIAN_POINT('',(-18.01732429001,21.269297160393,
    22.896915368792));
#7391 = CARTESIAN_POINT('',(-18.01996228741,21.279849149404,
    22.889257942126));
#7392 = CARTESIAN_POINT('',(-18.02261350039,21.290454001732,
    22.88158632617));
#7393 = CARTESIAN_POINT('',(-18.02527721523,21.301108860865,
    22.873902721389));
#7394 = CARTESIAN_POINT('',(-18.02795256161,21.311810246476,
    22.866209797072));
#7395 = CARTESIAN_POINT('',(-18.03063851407,21.322554056312,
    22.858510693226));
#7396 = CARTESIAN_POINT('',(-18.04080685967,21.363227438707,
    22.829456029515));
#7397 = CARTESIAN_POINT('',(-18.04833829481,21.39335317925,
    22.808127101352));
#7398 = CARTESIAN_POINT('',(-18.05582178886,21.423287155529,
    22.787125056435));
#7399 = CARTESIAN_POINT('',(-18.06325076706,21.453003068134,
    22.76646121207));
#7400 = CARTESIAN_POINT('',(-18.07065740847,21.482629634107,
    22.746033968826));
#7401 = CARTESIAN_POINT('',(-18.07807556111,21.512302244143,
    22.725737332584));
#7402 = CARTESIAN_POINT('',(-18.08552284465,21.542091378968,
    22.70551338574));
#7403 = CARTESIAN_POINT('',(-18.0929971449,21.571988579271,
    22.685362736905));
#7404 = CARTESIAN_POINT('',(-18.10048268778,21.601930751402,
    22.665326956144));
#7405 = CARTESIAN_POINT('',(-18.1079609019,21.631843607445,
    22.645457031657));
#7406 = CARTESIAN_POINT('',(-18.11542125475,21.661685019105,
    22.625781851355));
#7407 = CARTESIAN_POINT('',(-18.12286727105,21.691469084192,
    22.606290744415));
#7408 = CARTESIAN_POINT('',(-18.13031292193,21.721251687735,
    22.586944091294));
#7409 = CARTESIAN_POINT('',(-18.15248796857,21.809951874285,
    22.529754007345));
#7410 = CARTESIAN_POINT('',(-18.16722720935,21.868908837391,
    22.492303950883));
#7411 = CARTESIAN_POINT('',(-18.18206492536,21.928259701517,
    22.455153496708));
#7412 = CARTESIAN_POINT('',(-18.19698707541,21.987948301538,
    22.4183551039));
#7413 = CARTESIAN_POINT('',(-18.21197612855,22.047904514426,
    22.381969007171));
#7414 = CARTESIAN_POINT('',(-18.22703268723,22.108130748609,
    22.345997708177));
#7415 = CARTESIAN_POINT('',(-18.24216395595,22.168655824225,
    22.310415956767));
#7416 = CARTESIAN_POINT('',(-18.25736654223,22.22946616856,
    22.275219877159));
#7417 = CARTESIAN_POINT('',(-18.27262013954,22.290480558491,
    22.240448556037));
#7418 = CARTESIAN_POINT('',(-18.28789775402,22.351591015873,
    22.206161129995));
#7419 = CARTESIAN_POINT('',(-18.30318718885,22.412748755538,
    22.172382058899));
#7420 = CARTESIAN_POINT('',(-18.31850761602,22.474030464034,
    22.139056996736));
#7421 = CARTESIAN_POINT('',(-18.33389412187,22.535576487523,
    22.106091325949));
#7422 = CARTESIAN_POINT('',(-18.36280307102,22.65121228405,
    22.045119673233));
#7423 = CARTESIAN_POINT('',(-18.37632182928,22.705287317304,
    22.016996366145));
#7424 = CARTESIAN_POINT('',(-18.38987152732,22.759486108784,
    21.989195050501));
#7425 = CARTESIAN_POINT('',(-18.40345374085,22.813814964502,
    21.961710373896));
#7426 = CARTESIAN_POINT('',(-18.41706884576,22.868275381308,
    21.934539293379));
#7427 = CARTESIAN_POINT('',(-18.43071626209,22.922865050735,
    21.907680557869));
#7428 = CARTESIAN_POINT('',(-18.44439472482,22.977578896748,
    21.8811342223));
#7429 = CARTESIAN_POINT('',(-18.45810251533,23.03241006359,
    21.854901115106));
#7430 = CARTESIAN_POINT('',(-18.47183774191,23.087350965997,
    21.828982363982));
#7431 = CARTESIAN_POINT('',(-18.48559856795,23.142394272794,
    21.803378859433));
#7432 = CARTESIAN_POINT('',(-18.49938348796,23.197533951415,
    21.77809077519));
#7433 = CARTESIAN_POINT('',(-18.51319156617,23.252766264834,
    21.753117044222));
#7434 = CARTESIAN_POINT('',(-18.5270227,23.308090800017,21.728454864155)
  );
#7435 = CARTESIAN_POINT('',(-18.56192413724,23.44769654897,
    21.66710244662));
#7436 = CARTESIAN_POINT('',(-18.58302715338,23.532108613555,
    21.630811709839));
#7437 = CARTESIAN_POINT('',(-18.60418442264,23.616737690455,
    21.595222548083));
#7438 = CARTESIAN_POINT('',(-18.6253935555,23.701574222316,
    21.560330329323));
#7439 = CARTESIAN_POINT('',(-18.64665226972,23.786609078396,
    21.526130219056));
#7440 = CARTESIAN_POINT('',(-18.66795838757,23.871833550941,
    21.49261717703));
#7441 = CARTESIAN_POINT('',(-18.68930984042,23.957239361064,
    21.459785962568));
#7442 = CARTESIAN_POINT('',(-18.71070466261,24.042818650989,
    21.427631127518));
#7443 = CARTESIAN_POINT('',(-18.73214099822,24.128563992564,
    21.396147024025));
#7444 = CARTESIAN_POINT('',(-18.75361709479,24.214468379388,
    21.365327797312));
#7445 = CARTESIAN_POINT('',(-18.77513130826,24.300525232982,
    21.335167391367));
#7446 = CARTESIAN_POINT('',(-18.79668209966,24.386728398687,
    21.305659545136));
#7447 = CARTESIAN_POINT('',(-18.81826803699,24.473072147967,
    21.27679779468));
#7448 = CARTESIAN_POINT('',(-18.90284514199,24.811380567999,
    21.166391267061));
#7449 = CARTESIAN_POINT('',(-18.96608264471,25.064330578787,
    21.089637360497));
#7450 = CARTESIAN_POINT('',(-19.0295861606,25.318344642649,
    21.018171903545));
#7451 = CARTESIAN_POINT('',(-19.09302107256,25.572084289788,
    20.951992156701));
#7452 = CARTESIAN_POINT('',(-19.15760784919,25.83043139754,
    20.89003676022));
#7453 = CARTESIAN_POINT('',(-19.22046361187,26.081854446504,
    20.83439986521));
#7454 = CARTESIAN_POINT('',(-19.28527150637,26.341086026619,
    20.781840885485));
#7455 = CARTESIAN_POINT('',(-19.34979933324,26.599197331963,
    20.73405664861));
#7456 = CARTESIAN_POINT('',(-19.41275958046,26.8510383226,20.69187986907
    ));
#7457 = CARTESIAN_POINT('',(-19.47816934473,27.112677378478,
    20.651761882022));
#7458 = CARTESIAN_POINT('',(-19.54171797744,27.366871910013,
    20.61708238195));
#7459 = CARTESIAN_POINT('',(-19.60611028109,27.624441124292,
    20.58537463522));
#7460 = CARTESIAN_POINT('',(-19.67021535794,27.880861431782,
    20.557348922111));
#7461 = CARTESIAN_POINT('',(-19.78893575555,28.355743022203,
    20.511432927761));
#7462 = CARTESIAN_POINT('',(-19.84354506009,28.574180240485,
    20.492673327274));
#7463 = CARTESIAN_POINT('',(-19.89809306457,28.792372257982,
    20.476162211539));
#7464 = CARTESIAN_POINT('',(-19.95257300552,29.010292022735,
    20.461762314109));
#7465 = CARTESIAN_POINT('',(-20.00697964858,29.227918593342,
    20.449333001854));
#7466 = CARTESIAN_POINT('',(-20.0613051756,29.445220703731,
    20.438731951101));
#7467 = CARTESIAN_POINT('',(-20.11554017597,29.662160702457,
    20.429814759566));
#7468 = CARTESIAN_POINT('',(-20.16967655056,29.878706203547,
    20.422434113739));
#7469 = CARTESIAN_POINT('',(-20.22371010342,30.094840412734,
    20.416439623425));
#7470 = CARTESIAN_POINT('',(-20.2776413553,30.310565421803,
    20.411678701249));
#7471 = CARTESIAN_POINT('',(-20.33147410772,30.525896430624,
    20.407998387272));
#7472 = CARTESIAN_POINT('',(-20.38521204702,30.740848188188,
    20.405247287246));
#7473 = CARTESIAN_POINT('',(-20.43885464152,30.955418566075,
    20.403276281312));
#7474 = CARTESIAN_POINT('',(-20.49239439517,31.169577580679,
    20.4019359824));
#7475 = PCURVE('',#4389,#7476);
#7476 = DEFINITIONAL_REPRESENTATION('',(#7477),#7481);
#7477 = LINE('',#7478,#7479);
#7478 = CARTESIAN_POINT('',(12.234309011839,0.));
#7479 = VECTOR('',#7480,1.);
#7480 = DIRECTION('',(0.,1.));
#7481 = ( GEOMETRIC_REPRESENTATION_CONTEXT(2) 
PARAMETRIC_REPRESENTATION_CONTEXT() REPRESENTATION_CONTEXT('2D SPACE',''
  ) );
#7482 = PCURVE('',#5396,#7483);
#7483 = DEFINITIONAL_REPRESENTATION('',(#7484),#7656);
#7484 = B_SPLINE_CURVE_WITH_KNOTS('',14,(#7485,#7486,#7487,#7488,#7489,
    #7490,#7491,#7492,#7493,#7494,#7495,#7496,#7497,#7498,#7499,#7500,
    #7501,#7502,#7503,#7504,#7505,#7506,#7507,#7508,#7509,#7510,#7511,
    #7512,#7513,#7514,#7515,#7516,#7517,#7518,#7519,#7520,#7521,#7522,
    #7523,#7524,#7525,#7526,#7527,#7528,#7529,#7530,#7531,#7532,#7533,
    #7534,#7535,#7536,#7537,#7538,#7539,#7540,#7541,#7542,#7543,#7544,
    #7545,#7546,#7547,#7548,#7549,#7550,#7551,#7552,#7553,#7554,#7555,
    #7556,#7557,#7558,#7559,#7560,#7561,#7562,#7563,#7564,#7565,#7566,
    #7567,#7568,#7569,#7570,#7571,#7572,#7573,#7574,#7575,#7576,#7577,
    #7578,#7579,#7580,#7581,#7582,#7583,#7584,#7585,#7586,#7587,#7588,
    #7589,#7590,#7591,#7592,#7593,#7594,#7595,#7596,#7597,#7598,#7599,
    #7600,#7601,#7602,#7603,#7604,#7605,#7606,#7607,#7608,#7609,#7610,
    #7611,#7612,#7613,#7614,#7615,#7616,#7617,#7618,#7619,#7620,#7621,
    #7622,#7623,#7624,#7625,#7626,#7627,#7628,#7629,#7630,#7631,#7632,
    #7633,#7634,#7635,#7636,#7637,#7638,#7639,#7640,#7641,#7642,#7643,
    #7644,#7645,#7646,#7647,#7648,#7649,#7650,#7651,#7652,#7653,#7654,
    #7655),.UNSPECIFIED.,.F.,.F.,(15,13,13,13,13,13,13,13,13,13,13,13,13
    ,15),(-0.120787341778,0.,0.260528547851,0.69128060459,1.352824139101
    ,1.521463336334,1.884870738381,2.053624737714,2.521497392285,
    3.445943959977,4.254835876882,5.483558152022,9.061632329473,
    12.113521670061),.UNSPECIFIED.);
#7485 = CARTESIAN_POINT('',(10.743429399082,-8.165601177954));
#7486 = CARTESIAN_POINT('',(10.720558102836,-8.146296219012));
#7487 = CARTESIAN_POINT('',(10.701887729197,-8.130608698048));
#7488 = CARTESIAN_POINT('',(10.686730161213,-8.117894469343));
#7489 = CARTESIAN_POINT('',(10.674401109463,-8.107565348893));
#7490 = CARTESIAN_POINT('',(10.66431568558,-8.099125970218));
#7491 = CARTESIAN_POINT('',(10.655943632022,-8.092126298893));
#7492 = CARTESIAN_POINT('',(10.648775629655,-8.086135066629));
#7493 = CARTESIAN_POINT('',(10.642346539401,-8.080761436103));
#7494 = CARTESIAN_POINT('',(10.636293477872,-8.075702858209));
#7495 = CARTESIAN_POINT('',(10.63039631284,-8.070776382378));
#7496 = CARTESIAN_POINT('',(10.624555463337,-8.065898575451));
#7497 = CARTESIAN_POINT('',(10.618706820635,-8.06101574485));
#7498 = CARTESIAN_POINT('',(10.612756162422,-8.056051307052));
#7499 = CARTESIAN_POINT('',(10.593749770365,-8.040202353774));
#7500 = CARTESIAN_POINT('',(10.580419216766,-8.029098554503));
#7501 = CARTESIAN_POINT('',(10.566776844625,-8.017746826678));
#7502 = CARTESIAN_POINT('',(10.55290366829,-8.006215582496));
#7503 = CARTESIAN_POINT('',(10.538806484369,-7.994511556032));
#7504 = CARTESIAN_POINT('',(10.524498499818,-7.982646247348));
#7505 = CARTESIAN_POINT('',(10.510045246701,-7.970674389062));
#7506 = CARTESIAN_POINT('',(10.495519641223,-7.958657383488));
#7507 = CARTESIAN_POINT('',(10.480920419128,-7.946596066362));
#7508 = CARTESIAN_POINT('',(10.466147434949,-7.934409865797));
#7509 = CARTESIAN_POINT('',(10.451095394935,-7.922013374467));
#7510 = CARTESIAN_POINT('',(10.435824560498,-7.909456614246));
#7511 = CARTESIAN_POINT('',(10.420592756879,-7.89695177344));
#7512 = CARTESIAN_POINT('',(10.379982646383,-7.863665746212));
#7513 = CARTESIAN_POINT('',(10.354615935242,-7.842928042378));
#7514 = CARTESIAN_POINT('',(10.329116262375,-7.822140420414));
#7515 = CARTESIAN_POINT('',(10.3037835586,-7.801539799381));
#7516 = CARTESIAN_POINT('',(10.2787303021,-7.781220394872));
#7517 = CARTESIAN_POINT('',(10.253851084842,-7.761097048367));
#7518 = CARTESIAN_POINT('',(10.229017798001,-7.741058752168));
#7519 = CARTESIAN_POINT('',(10.204222345405,-7.72109033101));
#7520 = CARTESIAN_POINT('',(10.179543192908,-7.701252350259));
#7521 = CARTESIAN_POINT('',(10.154999315159,-7.681562864143));
#7522 = CARTESIAN_POINT('',(10.130477829446,-7.661932697154));
#7523 = CARTESIAN_POINT('',(10.105882854416,-7.64228213292));
#7524 = CARTESIAN_POINT('',(10.081355522098,-7.622724270846));
#7525 = CARTESIAN_POINT('',(10.018990553311,-7.573094188625));
#7526 = CARTESIAN_POINT('',(9.981067439047,-7.543005251303));
#7527 = CARTESIAN_POINT('',(9.942901660584,-7.512821301324));
#7528 = CARTESIAN_POINT('',(9.904693053232,-7.482688133532));
#7529 = CARTESIAN_POINT('',(9.866469149968,-7.452637208545));
#7530 = CARTESIAN_POINT('',(9.828157509016,-7.422623868669));
#7531 = CARTESIAN_POINT('',(9.789733025505,-7.39262798132));
#7532 = CARTESIAN_POINT('',(9.751253659713,-7.362687778138));
#7533 = CARTESIAN_POINT('',(9.712783985514,-7.332856416515));
#7534 = CARTESIAN_POINT('',(9.674304362441,-7.30313732464));
#7535 = CARTESIAN_POINT('',(9.63571440034,-7.273468696093));
#7536 = CARTESIAN_POINT('',(9.596962685913,-7.243789589679));
#7537 = CARTESIAN_POINT('',(9.558170497108,-7.214129943893));
#7538 = CARTESIAN_POINT('',(9.509473332204,-7.176977491166));
#7539 = CARTESIAN_POINT('',(9.499582825632,-7.169435497466));
#7540 = CARTESIAN_POINT('',(9.48969643315,-7.161900086635));
#7541 = CARTESIAN_POINT('',(9.479816363251,-7.154372631749));
#7542 = CARTESIAN_POINT('',(9.469944514174,-7.146854268598));
#7543 = CARTESIAN_POINT('',(9.460082470559,-7.139345892767));
#7544 = CARTESIAN_POINT('',(9.450231508835,-7.131848164338));
#7545 = CARTESIAN_POINT('',(9.440392590016,-7.124361501592));
#7546 = CARTESIAN_POINT('',(9.430566367808,-7.116886088125));
#7547 = CARTESIAN_POINT('',(9.420753180879,-7.109421866015));
#7548 = CARTESIAN_POINT('',(9.410953059113,-7.101968541408));
#7549 = CARTESIAN_POINT('',(9.401165719332,-7.094525580644));
#7550 = CARTESIAN_POINT('',(9.391390567743,-7.087092212513));
#7551 = CARTESIAN_POINT('',(9.360586144138,-7.063667458046));
#7552 = CARTESIAN_POINT('',(9.339700824052,-7.04778656353));
#7553 = CARTESIAN_POINT('',(9.317885222909,-7.031209207233));
#7554 = CARTESIAN_POINT('',(9.301233206316,-7.01858351838));
#7555 = CARTESIAN_POINT('',(9.267545139244,-6.993025004686));
#7556 = CARTESIAN_POINT('',(9.274286165088,-6.998282684037));
#7557 = CARTESIAN_POINT('',(9.210714400631,-6.950060578482));
#7558 = CARTESIAN_POINT('',(9.237260729157,-6.970548529626));
#7559 = CARTESIAN_POINT('',(9.181598809634,-6.928436465116));
#7560 = CARTESIAN_POINT('',(9.176579711244,-6.925075036635));
#7561 = CARTESIAN_POINT('',(9.14979354886,-6.905168425295));
#7562 = CARTESIAN_POINT('',(9.129013934378,-6.88996438486));
#7563 = CARTESIAN_POINT('',(9.106734658802,-6.873751704457));
#7564 = CARTESIAN_POINT('',(9.073901317658,-6.850034005486));
#7565 = CARTESIAN_POINT('',(9.06343456953,-6.842498007975));
#7566 = CARTESIAN_POINT('',(9.052910683594,-6.83494558506));
#7567 = CARTESIAN_POINT('',(9.042328112558,-6.827375646083));
#7568 = CARTESIAN_POINT('',(9.031685951446,-6.819787570539));
#7569 = CARTESIAN_POINT('',(9.020983935956,-6.812181207747));
#7570 = CARTESIAN_POINT('',(9.010222445279,-6.804556877442));
#7571 = CARTESIAN_POINT('',(8.999402498085,-6.796915368911));
#7572 = CARTESIAN_POINT('',(8.988525757318,-6.789257942031));
#7573 = CARTESIAN_POINT('',(8.977594525365,-6.78158632623));
#7574 = CARTESIAN_POINT('',(8.966611748168,-6.773902721361));
#7575 = CARTESIAN_POINT('',(8.955581012275,-6.766209797081));
#7576 = CARTESIAN_POINT('',(8.944506546606,-6.758510693224));
#7577 = CARTESIAN_POINT('',(8.902581383658,-6.729456029516));
#7578 = CARTESIAN_POINT('',(8.871528481094,-6.708127101351));
#7579 = CARTESIAN_POINT('',(8.840673244562,-6.687125056436));
#7580 = CARTESIAN_POINT('',(8.810042783028,-6.666461212068));
#7581 = CARTESIAN_POINT('',(8.779504417683,-6.646033968833));
#7582 = CARTESIAN_POINT('',(8.748918591559,-6.625737332568));
#7583 = CARTESIAN_POINT('',(8.718212653924,-6.605513385767));
#7584 = CARTESIAN_POINT('',(8.687395325555,-6.585362736872));
#7585 = CARTESIAN_POINT('',(8.656531640675,-6.565326956174));
#7586 = CARTESIAN_POINT('',(8.625698174632,-6.545457031636));
#7587 = CARTESIAN_POINT('',(8.594938351435,-6.525781851366));
#7588 = CARTESIAN_POINT('',(8.564237639909,-6.506290744411));
#7589 = CARTESIAN_POINT('',(8.533538434842,-6.486944091294));
#7590 = CARTESIAN_POINT('',(8.442108375303,-6.429754007346));
#7591 = CARTESIAN_POINT('',(8.381336928751,-6.392303950879));
#7592 = CARTESIAN_POINT('',(8.320159458263,-6.355153496725));
#7593 = CARTESIAN_POINT('',(8.258633857755,-6.31835510386));
#7594 = CARTESIAN_POINT('',(8.196832407845,-6.281969007245));
#7595 = CARTESIAN_POINT('',(8.134752626992,-6.245997708065));
#7596 = CARTESIAN_POINT('',(8.072364806551,-6.210415956904));
#7597 = CARTESIAN_POINT('',(8.009682938879,-6.175219877021));
#7598 = CARTESIAN_POINT('',(7.946790744811,-6.140448556152));
#7599 = CARTESIAN_POINT('',(7.883799527511,-6.106161129918));
#7600 = CARTESIAN_POINT('',(7.820759572177,-6.072382058942));
#7601 = CARTESIAN_POINT('',(7.757591833027,-6.039056996717));
#7602 = CARTESIAN_POINT('',(7.694151644059,-6.006091325956));
#7603 = CARTESIAN_POINT('',(7.574956993293,-5.945119673223));
#7604 = CARTESIAN_POINT('',(7.519217724721,-5.916996366202));
#7605 = CARTESIAN_POINT('',(7.463350889613,-5.889195050331));
#7606 = CARTESIAN_POINT('',(7.407349985999,-5.861710374259));
#7607 = CARTESIAN_POINT('',(7.351213474994,-5.834539292775));
#7608 = CARTESIAN_POINT('',(7.294943729212,-5.807680558676));
#7609 = CARTESIAN_POINT('',(7.238545990625,-5.781134221419));
#7610 = CARTESIAN_POINT('',(7.182027314564,-5.754901115894));
#7611 = CARTESIAN_POINT('',(7.125395531014,-5.728982363408));
#7612 = CARTESIAN_POINT('',(7.068658187439,-5.703378859769));
#7613 = CARTESIAN_POINT('',(7.011821508513,-5.678090775038));
#7614 = CARTESIAN_POINT('',(6.954889342622,-5.65311704427));
#7615 = CARTESIAN_POINT('',(6.897862117153,-5.628454864149));
#7616 = CARTESIAN_POINT('',(6.753959804922,-5.567102446622));
#7617 = CARTESIAN_POINT('',(6.666949840311,-5.530811709847));
#7618 = CARTESIAN_POINT('',(6.579716184659,-5.495222548047));
#7619 = CARTESIAN_POINT('',(6.492268688924,-5.460330329405));
#7620 = CARTESIAN_POINT('',(6.404616766085,-5.426130218925));
#7621 = CARTESIAN_POINT('',(6.316769389797,-5.392617177192));
#7622 = CARTESIAN_POINT('',(6.228735096579,-5.359785962411));
#7623 = CARTESIAN_POINT('',(6.140521982892,-5.327631127641));
#7624 = CARTESIAN_POINT('',(6.052137708407,-5.296147023947));
#7625 = CARTESIAN_POINT('',(5.963589492909,-5.265327797353));
#7626 = CARTESIAN_POINT('',(5.874884118794,-5.23516739135));
#7627 = CARTESIAN_POINT('',(5.786027929356,-5.205659545142));
#7628 = CARTESIAN_POINT('',(5.697026829778,-5.176797794678));
#7629 = CARTESIAN_POINT('',(5.348306492307,-5.066391267068));
#7630 = CARTESIAN_POINT('',(5.087571589246,-4.989637360463));
#7631 = CARTESIAN_POINT('',(4.825739885144,-4.918171903642));
#7632 = CARTESIAN_POINT('',(4.564191043899,-4.851992156501));
#7633 = CARTESIAN_POINT('',(4.297892939877,-4.790036760549));
#7634 = CARTESIAN_POINT('',(4.038731993955,-4.734399864772));
#7635 = CARTESIAN_POINT('',(3.771522196226,-4.681840885967));
#7636 = CARTESIAN_POINT('',(3.505467153589,-4.634056648169));
#7637 = CARTESIAN_POINT('',(3.245875401333,-4.591879869402));
#7638 = CARTESIAN_POINT('',(2.976184036189,-4.551761881818));
#7639 = CARTESIAN_POINT('',(2.714166310079,-4.517082382049));
#7640 = CARTESIAN_POINT('',(2.448670041149,-4.485374635184));
#7641 = CARTESIAN_POINT('',(2.184358038009,-4.45734892212));
#7642 = CARTESIAN_POINT('',(1.694861298791,-4.411432927753));
#7643 = CARTESIAN_POINT('',(1.469701367831,-4.392673327313));
#7644 = CARTESIAN_POINT('',(1.24479418437,-4.376162211429));
#7645 = CARTESIAN_POINT('',(1.020167631829,-4.361762314336));
#7646 = CARTESIAN_POINT('',(0.795843298396,-4.349333001487));
#7647 = CARTESIAN_POINT('',(0.571853408583,-4.338731951583));
#7648 = CARTESIAN_POINT('',(0.348236777901,-4.329814759041));
#7649 = CARTESIAN_POINT('',(0.125026782873,-4.322434114211));
#7650 = CARTESIAN_POINT('',(-9.77592592617E-02,-4.316439623076));
#7651 = CARTESIAN_POINT('',(-0.320123509775,-4.311678701457));
#7652 = CARTESIAN_POINT('',(-0.542081632741,-4.307998387174));
#7653 = CARTESIAN_POINT('',(-0.763648833168,-4.30524728728));
#7654 = CARTESIAN_POINT('',(-0.984822916139,-4.303276281305));
#7655 = CARTESIAN_POINT('',(-1.205572975624,-4.3019359824));
#7656 = ( GEOMETRIC_REPRESENTATION_CONTEXT(2) 
PARAMETRIC_REPRESENTATION_CONTEXT() REPRESENTATION_CONTEXT('2D SPACE',''
  ) );
#7657 = ORIENTED_EDGE('',*,*,#7658,.T.);
#7658 = EDGE_CURVE('',#5381,#4004,#7659,.T.);
#7659 = SURFACE_CURVE('',#7660,(#7669,#7683),.PCURVE_S1.);
#7660 = B_SPLINE_CURVE_WITH_KNOTS('',7,(#7661,#7662,#7663,#7664,#7665,
    #7666,#7667,#7668),.UNSPECIFIED.,.F.,.F.,(8,8),(0.,1.),
  .PIECEWISE_BEZIER_KNOTS.);
#7661 = CARTESIAN_POINT('',(-20.17611400011,29.904456000465,
    20.42397365165));
#7662 = CARTESIAN_POINT('',(-20.17752200994,29.910088039761,
    20.604167250949));
#7663 = CARTESIAN_POINT('',(-20.13289582672,29.927328854756,
    20.784744371499));
#7664 = CARTESIAN_POINT('',(-20.04224410915,29.955539057803,
    20.949715128791));
#7665 = CARTESIAN_POINT('',(-19.91059894338,29.992918992478,
    21.085377517005));
#7666 = CARTESIAN_POINT('',(-19.75044605577,30.035850135046,
    21.178848886301));
#7667 = CARTESIAN_POINT('',(-19.57507570533,30.080783686418,
    21.22492286408));
#7668 = CARTESIAN_POINT('',(-19.4,30.123796597541,21.22356131906));
#7669 = PCURVE('',#4389,#7670);
#7670 = DEFINITIONAL_REPRESENTATION('',(#7671),#7682);
#7671 = B_SPLINE_CURVE_WITH_KNOTS('',9,(#7672,#7673,#7674,#7675,#7676,
    #7677,#7678,#7679,#7680,#7681),.UNSPECIFIED.,.F.,.F.,(10,10),(0.,1.)
  ,.PIECEWISE_BEZIER_KNOTS.);
#7672 = CARTESIAN_POINT('',(12.234309011839,10.832206413458));
#7673 = CARTESIAN_POINT('',(10.723719239126,10.831674860149));
#7674 = CARTESIAN_POINT('',(9.334759782885,10.831186106678));
#7675 = CARTESIAN_POINT('',(8.021475297333,10.830723982063));
#7676 = CARTESIAN_POINT('',(6.748530197076,10.830276052261));
#7677 = CARTESIAN_POINT('',(5.485589430373,10.829831642827));
#7678 = CARTESIAN_POINT('',(4.212692973177,10.82938373014));
#7679 = CARTESIAN_POINT('',(2.899399799603,10.828921602469));
#7680 = CARTESIAN_POINT('',(1.510508123536,10.828432872848));
#7681 = CARTESIAN_POINT('',(-8.881784197001E-16,10.82790134827));
#7682 = ( GEOMETRIC_REPRESENTATION_CONTEXT(2) 
PARAMETRIC_REPRESENTATION_CONTEXT() REPRESENTATION_CONTEXT('2D SPACE',''
  ) );
#7683 = PCURVE('',#5194,#7684);
#7684 = DEFINITIONAL_REPRESENTATION('',(#7685),#7688);
#7685 = B_SPLINE_CURVE_WITH_KNOTS('',1,(#7686,#7687),.UNSPECIFIED.,.F.,
  .F.,(2,2),(0.,1.),.PIECEWISE_BEZIER_KNOTS.);
#7686 = CARTESIAN_POINT('',(1.,0.));
#7687 = CARTESIAN_POINT('',(1.,1.));
#7688 = ( GEOMETRIC_REPRESENTATION_CONTEXT(2) 
PARAMETRIC_REPRESENTATION_CONTEXT() REPRESENTATION_CONTEXT('2D SPACE',''
  ) );
#7689 = ORIENTED_EDGE('',*,*,#4003,.F.);
#7690 = ADVANCED_FACE('',(#7691),#3481,.T.);
#7691 = FACE_BOUND('',#7692,.T.);
#7692 = EDGE_LOOP('',(#7693,#7725,#7726,#7834));
#7693 = ORIENTED_EDGE('',*,*,#7694,.T.);
#7694 = EDGE_CURVE('',#5819,#3079,#7695,.T.);
#7695 = SURFACE_CURVE('',#7696,(#7705,#7719),.PCURVE_S1.);
#7696 = B_SPLINE_CURVE_WITH_KNOTS('',7,(#7697,#7698,#7699,#7700,#7701,
    #7702,#7703,#7704),.UNSPECIFIED.,.F.,.F.,(8,8),(0.,1.),
  .PIECEWISE_BEZIER_KNOTS.);
#7697 = CARTESIAN_POINT('',(20.176114000116,29.904456000465,
    20.423973695524));
#7698 = CARTESIAN_POINT('',(20.177522017102,29.910088068409,
    20.604167290711));
#7699 = CARTESIAN_POINT('',(20.132895840046,29.927328892225,
    20.784744406442));
#7700 = CARTESIAN_POINT('',(20.042244124799,29.955539118277,
    20.949715157068));
#7701 = CARTESIAN_POINT('',(19.910598958841,29.992919061292,
    21.085377534936));
#7702 = CARTESIAN_POINT('',(19.750446070866,30.035850186297,
    21.178848895367));
#7703 = CARTESIAN_POINT('',(19.575075716284,30.080783671058,
    21.224922869425));
#7704 = CARTESIAN_POINT('',(19.4,30.123796508637,21.223561326492));
#7705 = PCURVE('',#3481,#7706);
#7706 = DEFINITIONAL_REPRESENTATION('',(#7707),#7718);
#7707 = B_SPLINE_CURVE_WITH_KNOTS('',9,(#7708,#7709,#7710,#7711,#7712,
    #7713,#7714,#7715,#7716,#7717),.UNSPECIFIED.,.F.,.F.,(10,10),(0.,1.)
  ,.PIECEWISE_BEZIER_KNOTS.);
#7708 = CARTESIAN_POINT('',(-8.881784197001E-16,6.940385101108E-02));
#7709 = CARTESIAN_POINT('',(1.510704267122,6.993549961783E-02));
#7710 = CARTESIAN_POINT('',(2.899769595817,7.042434092369E-02));
#7711 = CARTESIAN_POINT('',(4.213150198354,7.088654718248E-02));
#7712 = CARTESIAN_POINT('',(5.486200476883,7.133456035203E-02));
#7713 = CARTESIAN_POINT('',(6.749223315941,7.177904465465E-02));
#7714 = CARTESIAN_POINT('',(8.022229734739,7.222704238902E-02));
#7715 = CARTESIAN_POINT('',(9.33561383672,7.268924987935E-02));
#7716 = CARTESIAN_POINT('',(10.724613489448,7.317806807245E-02));
#7717 = CARTESIAN_POINT('',(12.235235995809,7.370968790587E-02));
#7718 = ( GEOMETRIC_REPRESENTATION_CONTEXT(2) 
PARAMETRIC_REPRESENTATION_CONTEXT() REPRESENTATION_CONTEXT('2D SPACE',''
  ) );
#7719 = PCURVE('',#5637,#7720);
#7720 = DEFINITIONAL_REPRESENTATION('',(#7721),#7724);
#7721 = B_SPLINE_CURVE_WITH_KNOTS('',1,(#7722,#7723),.UNSPECIFIED.,.F.,
  .F.,(2,2),(0.,1.),.PIECEWISE_BEZIER_KNOTS.);
#7722 = CARTESIAN_POINT('',(1.,0.));
#7723 = CARTESIAN_POINT('',(1.,1.));
#7724 = ( GEOMETRIC_REPRESENTATION_CONTEXT(2) 
PARAMETRIC_REPRESENTATION_CONTEXT() REPRESENTATION_CONTEXT('2D SPACE',''
  ) );
#7725 = ORIENTED_EDGE('',*,*,#3168,.T.);
#7726 = ORIENTED_EDGE('',*,*,#7727,.T.);
#7727 = EDGE_CURVE('',#3169,#7728,#7730,.T.);
#7728 = VERTEX_POINT('',#7729);
#7729 = CARTESIAN_POINT('',(17.747240277097,20.188961108387,
    23.747991716705));
#7730 = SURFACE_CURVE('',#7731,(#7741,#7755),.PCURVE_S1.);
#7731 = B_SPLINE_CURVE_WITH_KNOTS('',8,(#7732,#7733,#7734,#7735,#7736,
    #7737,#7738,#7739,#7740),.UNSPECIFIED.,.F.,.F.,(9,9),(0.,1.),
  .PIECEWISE_BEZIER_KNOTS.);
#7732 = CARTESIAN_POINT('',(16.971122512727,20.891625708437,
    24.365463132305));
#7733 = CARTESIAN_POINT('',(17.140558543537,20.866977685303,
    24.385766718733));
#7734 = CARTESIAN_POINT('',(17.310496021937,20.815001520433,
    24.373524460511));
#7735 = CARTESIAN_POINT('',(17.467299373016,20.737580929056,
    24.326852420514));
#7736 = CARTESIAN_POINT('',(17.601385406817,20.639367166637,
    24.248416755047));
#7737 = CARTESIAN_POINT('',(17.699976095101,20.526634308946,
    24.141889158466));
#7738 = CARTESIAN_POINT('',(17.758440589084,20.4089874003,
    24.017387101573));
#7739 = CARTESIAN_POINT('',(17.773404710159,20.293618840636,
    23.882492612268));
#7740 = CARTESIAN_POINT('',(17.747240277097,20.188961108387,
    23.747991716705));
#7741 = PCURVE('',#3481,#7742);
#7742 = DEFINITIONAL_REPRESENTATION('',(#7743),#7754);
#7743 = B_SPLINE_CURVE_WITH_KNOTS('',9,(#7744,#7745,#7746,#7747,#7748,
    #7749,#7750,#7751,#7752,#7753),.UNSPECIFIED.,.F.,.F.,(10,10),(0.,1.)
  ,.PIECEWISE_BEZIER_KNOTS.);
#7744 = CARTESIAN_POINT('',(12.235235995809,10.286250169284));
#7745 = CARTESIAN_POINT('',(10.69251474451,10.285711223689));
#7746 = CARTESIAN_POINT('',(9.298400220294,10.285224193462));
#7747 = CARTESIAN_POINT('',(7.998482318905,10.284770070574));
#7748 = CARTESIAN_POINT('',(6.737016079035,10.284329380678));
#7749 = CARTESIAN_POINT('',(5.498370169439,10.283896662997));
#7750 = CARTESIAN_POINT('',(4.236893905679,10.283455969599));
#7751 = CARTESIAN_POINT('',(2.93695244382,10.28300183848));
#7752 = CARTESIAN_POINT('',(1.542793911349,10.28251479288));
#7753 = CARTESIAN_POINT('',(-8.881784197001E-16,10.281975821901));
#7754 = ( GEOMETRIC_REPRESENTATION_CONTEXT(2) 
PARAMETRIC_REPRESENTATION_CONTEXT() REPRESENTATION_CONTEXT('2D SPACE',''
  ) );
#7755 = PCURVE('',#7756,#7829);
#7756 = B_SPLINE_SURFACE_WITH_KNOTS('',7,8,(
    (#7757,#7758,#7759,#7760,#7761,#7762,#7763,#7764,#7765)
    ,(#7766,#7767,#7768,#7769,#7770,#7771,#7772,#7773,#7774)
    ,(#7775,#7776,#7777,#7778,#7779,#7780,#7781,#7782,#7783)
    ,(#7784,#7785,#7786,#7787,#7788,#7789,#7790,#7791,#7792)
    ,(#7793,#7794,#7795,#7796,#7797,#7798,#7799,#7800,#7801)
    ,(#7802,#7803,#7804,#7805,#7806,#7807,#7808,#7809,#7810)
    ,(#7811,#7812,#7813,#7814,#7815,#7816,#7817,#7818,#7819)
    ,(#7820,#7821,#7822,#7823,#7824,#7825,#7826,#7827,#7828
  )),.UNSPECIFIED.,.F.,.F.,.F.,(8,8),(9,9),(0.,1.),(0.,1.),
  .PIECEWISE_BEZIER_KNOTS.);
#7757 = CARTESIAN_POINT('',(16.971122512727,20.891625708437,
    24.365463132305));
#7758 = CARTESIAN_POINT('',(17.140558543537,20.866977685303,
    24.385766718733));
#7759 = CARTESIAN_POINT('',(17.310496021937,20.815001520433,
    24.373524460511));
#7760 = CARTESIAN_POINT('',(17.467299373016,20.737580929056,
    24.326852420514));
#7761 = CARTESIAN_POINT('',(17.601385406817,20.639367166637,
    24.248416755047));
#7762 = CARTESIAN_POINT('',(17.699976095101,20.526634308946,
    24.141889158466));
#7763 = CARTESIAN_POINT('',(17.758440589084,20.4089874003,
    24.017387101573));
#7764 = CARTESIAN_POINT('',(17.773404710159,20.293618840636,
    23.882492612268));
#7765 = CARTESIAN_POINT('',(17.747240277097,20.188961108387,
    23.747991716705));
#7766 = CARTESIAN_POINT('',(16.971122512727,20.891625708438,
    24.365463132304));
#7767 = CARTESIAN_POINT('',(17.126635514976,20.847428240605,
    24.40187039787));
#7768 = CARTESIAN_POINT('',(17.283336042937,20.778600805816,
    24.409213238276));
#7769 = CARTESIAN_POINT('',(17.431949358887,20.686899112133,
    24.384636488444));
#7770 = CARTESIAN_POINT('',(17.567336955282,20.574722145724,
    24.327701476486));
#7771 = CARTESIAN_POINT('',(17.672373894015,20.442906740889,
    24.232196540696));
#7772 = CARTESIAN_POINT('',(17.730843342335,20.308099397643,
    24.112200018132));
#7773 = CARTESIAN_POINT('',(17.743642585855,20.18244498338,
    23.981873632532));
#7774 = CARTESIAN_POINT('',(17.718623231804,20.074492927271,
    23.853808126768));
#7775 = CARTESIAN_POINT('',(16.971122512727,20.89162570844,
    24.365463132301));
#7776 = CARTESIAN_POINT('',(17.083549513561,20.815416330567,
    24.428239919833));
#7777 = CARTESIAN_POINT('',(17.228638134723,20.730889229094,
    24.448317955619));
#7778 = CARTESIAN_POINT('',(17.357381890526,20.61975802736,
    24.448902996406));
#7779 = CARTESIAN_POINT('',(17.481472676507,20.489942758317,
    24.417530577961));
#7780 = CARTESIAN_POINT('',(17.584071337877,20.340385514648,
    24.339150903909));
#7781 = CARTESIAN_POINT('',(17.64489399587,20.194531223082,
    24.225656867876));
#7782 = CARTESIAN_POINT('',(17.680132263748,20.074997611312,
    24.08535311941));
#7783 = CARTESIAN_POINT('',(17.654467700323,19.968909590165,
    23.959624343275));
#7784 = CARTESIAN_POINT('',(16.971122512727,20.891625708441,
    24.365463132301));
#7785 = CARTESIAN_POINT('',(17.075152126959,20.806615370959,
    24.43548963073));
#7786 = CARTESIAN_POINT('',(17.196307753258,20.703628500132,
    24.476335557701));
#7787 = CARTESIAN_POINT('',(17.309689524529,20.578628936447,
    24.493848314049));
#7788 = CARTESIAN_POINT('',(17.41888362244,20.433629204923,
    24.481089366224));
#7789 = CARTESIAN_POINT('',(17.508333906639,20.267589614751,
    24.418517544629));
#7790 = CARTESIAN_POINT('',(17.559383985197,20.109631717527,
    24.31477037235));
#7791 = CARTESIAN_POINT('',(17.579669785734,19.979862598408,
    24.186157767792));
#7792 = CARTESIAN_POINT('',(17.556610681202,19.879546864359,
    24.058658245268));
#7793 = CARTESIAN_POINT('',(16.971122512727,20.891625708441,
    24.365463132301));
#7794 = CARTESIAN_POINT('',(17.068474502297,20.802729782826,
    24.438690348599));
#7795 = CARTESIAN_POINT('',(17.158709559677,20.683681749063,
    24.49829813925));
#7796 = CARTESIAN_POINT('',(17.250677171951,20.548025493765,
    24.528003281382));
#7797 = CARTESIAN_POINT('',(17.336607669953,20.391438493603,
    24.528990608036));
#7798 = CARTESIAN_POINT('',(17.404560622336,20.214338911901,
    24.480670833874));
#7799 = CARTESIAN_POINT('',(17.44169264615,20.048513480534,
    24.387719148797));
#7800 = CARTESIAN_POINT('',(17.443820904482,19.908524865311,
    24.273954450394));
#7801 = CARTESIAN_POINT('',(17.430294481642,19.812896502172,
    24.144121349743));
#7802 = CARTESIAN_POINT('',(16.971122512727,20.891625708441,
    24.3654631323));
#7803 = CARTESIAN_POINT('',(17.054752896842,20.798956235893,
    24.441798773499));
#7804 = CARTESIAN_POINT('',(17.111451570882,20.668667381127,
    24.513923181213));
#7805 = CARTESIAN_POINT('',(17.176864392875,20.52634476578,
    24.54996244547));
#7806 = CARTESIAN_POINT('',(17.234623307913,20.364020820871,
    24.557715680846));
#7807 = CARTESIAN_POINT('',(17.277401269266,20.184199793179,
    24.519489718649));
#7808 = CARTESIAN_POINT('',(17.299337814764,20.016636192511,
    24.437184989833));
#7809 = CARTESIAN_POINT('',(17.286963822177,19.869818059208,
    24.337929907786));
#7810 = CARTESIAN_POINT('',(17.283920701707,19.773391520396,
    24.210329201692));
#7811 = CARTESIAN_POINT('',(16.971122512727,20.891625708444,
    24.365463132298));
#7812 = CARTESIAN_POINT('',(17.001018457722,20.776999151205,
    24.45988572347));
#7813 = CARTESIAN_POINT('',(17.030986018528,20.641915430657,
    24.530427672053));
#7814 = CARTESIAN_POINT('',(17.059077264283,20.490498533334,
    24.572908485634));
#7815 = CARTESIAN_POINT('',(17.083923174532,20.32536254353,24.5849961363
    ));
#7816 = CARTESIAN_POINT('',(17.103698321135,20.152403815212,
    24.554247051079));
#7817 = CARTESIAN_POINT('',(17.117741158734,19.993908705952,
    24.480650191323));
#7818 = CARTESIAN_POINT('',(17.125569668494,19.862245832453,
    24.375803338278));
#7819 = CARTESIAN_POINT('',(17.127522690078,19.762600207463,
    24.253734898232));
#7820 = CARTESIAN_POINT('',(16.971122512727,20.891625708445,
    24.365463132297));
#7821 = CARTESIAN_POINT('',(16.971122772602,20.772531944533,
    24.463565544617));
#7822 = CARTESIAN_POINT('',(16.971123009659,20.631582311571,
    24.535596056678));
#7823 = CARTESIAN_POINT('',(16.97112323371,20.476048125998,
    24.575371715252));
#7824 = CARTESIAN_POINT('',(16.971123452549,20.313849293752,
    24.580397668865));
#7825 = CARTESIAN_POINT('',(16.971123671388,20.154701752113,
    24.54868361233));
#7826 = CARTESIAN_POINT('',(16.97112389544,20.007859997489,
    24.48379536227));
#7827 = CARTESIAN_POINT('',(16.971124132496,19.880723869351,
    24.389500088675));
#7828 = CARTESIAN_POINT('',(16.971124392371,19.779445099766,
    24.273095540925));
#7829 = DEFINITIONAL_REPRESENTATION('',(#7830),#7833);
#7830 = B_SPLINE_CURVE_WITH_KNOTS('',1,(#7831,#7832),.UNSPECIFIED.,.F.,
  .F.,(2,2),(0.,1.),.PIECEWISE_BEZIER_KNOTS.);
#7831 = CARTESIAN_POINT('',(0.,0.));
#7832 = CARTESIAN_POINT('',(0.,1.));
#7833 = ( GEOMETRIC_REPRESENTATION_CONTEXT(2) 
PARAMETRIC_REPRESENTATION_CONTEXT() REPRESENTATION_CONTEXT('2D SPACE',''
  ) );
#7834 = ORIENTED_EDGE('',*,*,#7835,.F.);
#7835 = EDGE_CURVE('',#5819,#7728,#7836,.T.);
#7836 = SURFACE_CURVE('',#7837,(#7996,#8003),.PCURVE_S1.);
#7837 = B_SPLINE_CURVE_WITH_KNOTS('',14,(#7838,#7839,#7840,#7841,#7842,
    #7843,#7844,#7845,#7846,#7847,#7848,#7849,#7850,#7851,#7852,#7853,
    #7854,#7855,#7856,#7857,#7858,#7859,#7860,#7861,#7862,#7863,#7864,
    #7865,#7866,#7867,#7868,#7869,#7870,#7871,#7872,#7873,#7874,#7875,
    #7876,#7877,#7878,#7879,#7880,#7881,#7882,#7883,#7884,#7885,#7886,
    #7887,#7888,#7889,#7890,#7891,#7892,#7893,#7894,#7895,#7896,#7897,
    #7898,#7899,#7900,#7901,#7902,#7903,#7904,#7905,#7906,#7907,#7908,
    #7909,#7910,#7911,#7912,#7913,#7914,#7915,#7916,#7917,#7918,#7919,
    #7920,#7921,#7922,#7923,#7924,#7925,#7926,#7927,#7928,#7929,#7930,
    #7931,#7932,#7933,#7934,#7935,#7936,#7937,#7938,#7939,#7940,#7941,
    #7942,#7943,#7944,#7945,#7946,#7947,#7948,#7949,#7950,#7951,#7952,
    #7953,#7954,#7955,#7956,#7957,#7958,#7959,#7960,#7961,#7962,#7963,
    #7964,#7965,#7966,#7967,#7968,#7969,#7970,#7971,#7972,#7973,#7974,
    #7975,#7976,#7977,#7978,#7979,#7980,#7981,#7982,#7983,#7984,#7985,
    #7986,#7987,#7988,#7989,#7990,#7991,#7992,#7993,#7994,#7995),
  .UNSPECIFIED.,.F.,.F.,(15,13,13,13,13,13,13,13,13,13,13,13,15),(
    -1.212049220076,5.28496849973,6.501045195026,8.378291763032,
    8.859220671985,9.040973161955,9.261639705683,9.547126948079,
    10.286057592298,10.560016229159,10.901604051755,11.023186775732,
    11.088562197923),.UNSPECIFIED.);
#7838 = CARTESIAN_POINT('',(20.49239144079,31.169565763162,
    20.401936113384));
#7839 = CARTESIAN_POINT('',(20.378421890678,30.713687562713,
    20.404789318999));
#7840 = CARTESIAN_POINT('',(20.263997220999,30.255988883991,
    20.410503977674));
#7841 = CARTESIAN_POINT('',(20.149210596856,29.796842387432,
    20.420490977138));
#7842 = CARTESIAN_POINT('',(20.033815549429,29.335262197705,
    20.436276053814));
#7843 = CARTESIAN_POINT('',(19.918022220036,28.872088880154,
    20.459278410724));
#7844 = CARTESIAN_POINT('',(19.801876383318,28.407505533264,
    20.490972884829));
#7845 = CARTESIAN_POINT('',(19.685377453333,27.941509813332,
    20.532756516419));
#7846 = CARTESIAN_POINT('',(19.568684516798,27.474738067195,
    20.585871522003));
#7847 = CARTESIAN_POINT('',(19.451978709759,27.007914839036,
    20.651511696256));
#7848 = CARTESIAN_POINT('',(19.335310539659,26.541242158632,
    20.730889899157));
#7849 = CARTESIAN_POINT('',(19.218796762496,26.075187049993,
    20.825106400268));
#7850 = CARTESIAN_POINT('',(19.102797964612,25.611191858439,
    20.935071318812));
#7851 = CARTESIAN_POINT('',(18.987380012431,25.14952004973,
    21.061843244217));
#7852 = CARTESIAN_POINT('',(18.851395160115,24.605580640453,
    21.233336701041));
#7853 = CARTESIAN_POINT('',(18.829985701801,24.51994280725,
    21.260994459013));
#7854 = CARTESIAN_POINT('',(18.808608277461,24.434433109699,
    21.2892775794));
#7855 = CARTESIAN_POINT('',(18.787264502499,24.349058010285,
    21.318191934009));
#7856 = CARTESIAN_POINT('',(18.765956021612,24.263824086008,
    21.347743333039));
#7857 = CARTESIAN_POINT('',(18.74468450612,24.178738025009,
    21.377937522088));
#7858 = CARTESIAN_POINT('',(18.723451658065,24.093806631751,
    21.408780186755));
#7859 = CARTESIAN_POINT('',(18.702259205015,24.009036820453,
    21.440276946806));
#7860 = CARTESIAN_POINT('',(18.681108905571,23.924435622045,
    21.472433362349));
#7861 = CARTESIAN_POINT('',(18.660002544471,23.84001017799,
    21.505254928357));
#7862 = CARTESIAN_POINT('',(18.638941936224,23.755767744866,
    21.53874707872));
#7863 = CARTESIAN_POINT('',(18.617928922893,23.67171569157,
    21.572915183784));
#7864 = CARTESIAN_POINT('',(18.596965375166,23.58786150067,
    21.607764551531));
#7865 = CARTESIAN_POINT('',(18.54377124443,23.375084977694,
    21.698156836207));
#7866 = CARTESIAN_POINT('',(18.51159407574,23.246376303098,
    21.754692820731));
#7867 = CARTESIAN_POINT('',(18.47973344238,23.118933769114,
    21.812421875323));
#7868 = CARTESIAN_POINT('',(18.44703118335,22.988124734236,
    21.874232421367));
#7869 = CARTESIAN_POINT('',(18.41779167733,22.871166707991,
    21.929591767995));
#7870 = CARTESIAN_POINT('',(18.380569069448,22.722276279476,
    22.00654231387));
#7871 = CARTESIAN_POINT('',(18.358339297848,22.633357189658,
    22.049128777128));
#7872 = CARTESIAN_POINT('',(18.316058763557,22.464235055684,
    22.142698910309));
#7873 = CARTESIAN_POINT('',(18.294783785123,22.3791351395,
    22.187207608722));
#7874 = CARTESIAN_POINT('',(18.257785218371,22.23114087402,
    22.27221223629));
#7875 = CARTESIAN_POINT('',(18.229226136382,22.116904545311,
    22.338903419623));
#7876 = CARTESIAN_POINT('',(18.198265393188,21.993061572804,
    22.414093019483));
#7877 = CARTESIAN_POINT('',(18.168248690575,21.872994762306,
    22.489149573033));
#7878 = CARTESIAN_POINT('',(18.130687469597,21.722749878372,
    22.585968732057));
#7879 = CARTESIAN_POINT('',(18.123039065301,21.692156261345,
    22.6058350247));
#7880 = CARTESIAN_POINT('',(18.115391113021,21.661564451624,
    22.625853600203));
#7881 = CARTESIAN_POINT('',(18.10773898907,21.630955957284,
    22.646035636969));
#7882 = CARTESIAN_POINT('',(18.100081796853,21.600327185735,
    22.66638239466));
#7883 = CARTESIAN_POINT('',(18.092420066,21.569680266235,22.686892814424
    ));
#7884 = CARTESIAN_POINT('',(18.084754258771,21.539017032661,
    22.707568468604));
#7885 = CARTESIAN_POINT('',(18.077084022902,21.508336093763,
    22.728415783161));
#7886 = CARTESIAN_POINT('',(18.069408272531,21.477633088556,
    22.74944563579));
#7887 = CARTESIAN_POINT('',(18.061726003451,21.446904014721,
    22.770670211516));
#7888 = CARTESIAN_POINT('',(18.054037935287,21.416151740731,
    22.792097232477));
#7889 = CARTESIAN_POINT('',(18.04634890187,21.385395607614,
    22.813721462723));
#7890 = CARTESIAN_POINT('',(18.038671047244,21.354684188956,
    22.835513560335));
#7891 = CARTESIAN_POINT('',(18.028139255082,21.312557020328,
    22.865679903027));
#7892 = CARTESIAN_POINT('',(18.025252979504,21.301011918053,
    22.873976390078));
#7893 = CARTESIAN_POINT('',(18.022376450951,21.289505803655,
    22.882273318778));
#7894 = CARTESIAN_POINT('',(18.019514746866,21.278058987829,
    22.89055546161));
#7895 = CARTESIAN_POINT('',(18.016670916936,21.266683667072,
    22.898813619536));
#7896 = CARTESIAN_POINT('',(18.013846359151,21.255385437568,
    22.907043497486));
#7897 = CARTESIAN_POINT('',(18.011041205017,21.244164818966,
    22.915244591619));
#7898 = CARTESIAN_POINT('',(18.008254690387,21.233018762569,
    22.923419058081));
#7899 = CARTESIAN_POINT('',(18.005485545202,21.221942180039,
    22.931570606095));
#7900 = CARTESIAN_POINT('',(18.002732362209,21.210929449297,
    22.939703363996));
#7901 = CARTESIAN_POINT('',(17.999993985543,21.199975941956,
    22.947820770837));
#7902 = CARTESIAN_POINT('',(17.997269883347,21.189079533462,
    22.955924447432));
#7903 = CARTESIAN_POINT('',(17.994560531252,21.178242124997,
    22.964013081411));
#7904 = CARTESIAN_POINT('',(17.988598519589,21.154394078367,
    22.981876971191));
#7905 = CARTESIAN_POINT('',(17.985355038647,21.141420154546,
    22.991638412488));
#7906 = CARTESIAN_POINT('',(17.982133225132,21.128532900634,
    23.001375695749));
#7907 = CARTESIAN_POINT('',(17.978932105944,21.115728423556,
    23.011089068865));
#7908 = CARTESIAN_POINT('',(17.975752500343,21.103010001719,
    23.0207732093));
#7909 = CARTESIAN_POINT('',(17.972595868687,21.090383474313,
    23.03042084256));
#7910 = CARTESIAN_POINT('',(17.96946335857,21.077853434714,
    23.040025719856));
#7911 = CARTESIAN_POINT('',(17.966355059782,21.065420238776,
    23.049584970052));
#7912 = CARTESIAN_POINT('',(17.963269453537,21.053077814385,
    23.059100806643));
#7913 = CARTESIAN_POINT('',(17.960203071767,21.040812286939,
    23.068581610695));
#7914 = CARTESIAN_POINT('',(17.957150351795,21.028601407238,
    23.078042370256));
#7915 = CARTESIAN_POINT('',(17.95410369813,21.016414792499,
    23.087504491837));
#7916 = CARTESIAN_POINT('',(17.951053743293,21.004214973177,
    23.096994973227));
#7917 = CARTESIAN_POINT('',(17.944025853343,20.976103413364,
    23.11890021436));
#7918 = CARTESIAN_POINT('',(17.940046841103,20.960187364436,
    23.131326320959));
#7919 = CARTESIAN_POINT('',(17.936059651926,20.944238607644,
    23.143803858201));
#7920 = CARTESIAN_POINT('',(17.932066628632,20.928266514626,
    23.156317655378));
#7921 = CARTESIAN_POINT('',(17.928067757138,20.91227102844,
    23.168857919165));
#7922 = CARTESIAN_POINT('',(17.924062116213,20.896248464931,
    23.181420156588));
#7923 = CARTESIAN_POINT('',(17.920048741253,20.88019496499,
    23.194004201708));
#7924 = CARTESIAN_POINT('',(17.916027037334,20.864108149311,
    23.206612664051));
#7925 = CARTESIAN_POINT('',(17.911996881792,20.847987527207,
    23.219249120655));
#7926 = CARTESIAN_POINT('',(17.907958553713,20.831834214815,
    23.231916373065));
#7927 = CARTESIAN_POINT('',(17.903912627615,20.815650510484,
    23.244615087193));
#7928 = CARTESIAN_POINT('',(17.89985997123,20.799439884902,
    23.257343140307));
#7929 = CARTESIAN_POINT('',(17.895801983445,20.783207933787,
    23.27009599212));
#7930 = CARTESIAN_POINT('',(17.88123066096,20.724922643807,
    23.315927415135));
#7931 = CARTESIAN_POINT('',(17.870709270408,20.682837081816,
    23.349093537787));
#7932 = CARTESIAN_POINT('',(17.860156213474,20.64062485336,
    23.382453903661));
#7933 = CARTESIAN_POINT('',(17.849857094903,20.599428380736,
    23.415098803426));
#7934 = CARTESIAN_POINT('',(17.839409558951,20.557638233969,
    23.44844717111));
#7935 = CARTESIAN_POINT('',(17.828892000865,20.515568005869,
    23.482168986589));
#7936 = CARTESIAN_POINT('',(17.818520648927,20.474082593114,
    23.515489285972));
#7937 = CARTESIAN_POINT('',(17.80819453839,20.432778155864,
    23.548795103286));
#7938 = CARTESIAN_POINT('',(17.797767249396,20.3910689959,
    23.582611296883));
#7939 = CARTESIAN_POINT('',(17.78738264808,20.349530593318,
    23.616393179695));
#7940 = CARTESIAN_POINT('',(17.777141776151,20.308567104137,
    23.649766032303));
#7941 = CARTESIAN_POINT('',(17.76677776514,20.267111060719,
    23.68371664095));
#7942 = CARTESIAN_POINT('',(17.756632242793,20.226528971137,
    23.717036384916));
#7943 = CARTESIAN_POINT('',(17.742679266222,20.170717064898,
    23.763024035453));
#7944 = CARTESIAN_POINT('',(17.738904289791,20.155617159112,
    23.77548179709));
#7945 = CARTESIAN_POINT('',(17.735126046068,20.140504184407,
    23.787966246612));
#7946 = CARTESIAN_POINT('',(17.731343082183,20.125372328477,
    23.800482160719));
#7947 = CARTESIAN_POINT('',(17.727554267943,20.110217072129,
    23.813033303759));
#7948 = CARTESIAN_POINT('',(17.723758512127,20.095034048134,
    23.825623500671));
#7949 = CARTESIAN_POINT('',(17.719954596148,20.079818384878,
    23.838257241139));
#7950 = CARTESIAN_POINT('',(17.716141138881,20.064564555378,
    23.850939832207));
#7951 = CARTESIAN_POINT('',(17.712316676739,20.04926670699,
    23.863677079638));
#7952 = CARTESIAN_POINT('',(17.708479874161,20.033919496662,
    23.876474516505));
#7953 = CARTESIAN_POINT('',(17.704629852671,20.018519410661,
    23.889336164962));
#7954 = CARTESIAN_POINT('',(17.700766645946,20.003066583799,
    23.902262839603));
#7955 = CARTESIAN_POINT('',(17.696891777302,19.987567109202,
    23.915249988751));
#7956 = CARTESIAN_POINT('',(17.688167635557,19.952670542238,
    23.944537989911));
#7957 = CARTESIAN_POINT('',(17.683314073594,19.933256294317,
    23.960865828307));
#7958 = CARTESIAN_POINT('',(17.678455581152,19.91382232479,
    23.977242196748));
#7959 = CARTESIAN_POINT('',(17.673601509328,19.894406036921,
    23.99364257798));
#7960 = CARTESIAN_POINT('',(17.66875975016,19.875039001295,
    24.01003389911));
#7961 = CARTESIAN_POINT('',(17.663938298861,19.855753194564,
    24.026387360225));
#7962 = CARTESIAN_POINT('',(17.659146116859,19.8365844684,
    24.042677643453));
#7963 = CARTESIAN_POINT('',(17.654392972901,19.817571890742,
    24.058872697187));
#7964 = CARTESIAN_POINT('',(17.649689578065,19.798758312881,
    24.074927907196));
#7965 = CARTESIAN_POINT('',(17.645048799563,19.780195197898,
    24.090790124046));
#7966 = CARTESIAN_POINT('',(17.640487172562,19.7619486904,
    24.106403497883));
#7967 = CARTESIAN_POINT('',(17.636025029451,19.744100117762,
    24.121703970235));
#7968 = CARTESIAN_POINT('',(17.631684471923,19.726737887694,
    24.136605377665));
#7969 = CARTESIAN_POINT('',(17.625995348194,19.703981392782,
    24.156165462637));
#7970 = CARTESIAN_POINT('',(17.624519134201,19.698076536742,
    24.161243394397));
#7971 = CARTESIAN_POINT('',(17.623068109804,19.692272439425,
    24.166238206504));
#7972 = CARTESIAN_POINT('',(17.621619711598,19.686478845916,
    24.171225662613));
#7973 = CARTESIAN_POINT('',(17.620158481088,19.680633925177,
    24.176259128743));
#7974 = CARTESIAN_POINT('',(17.618661308491,19.674645232804,
    24.181418368211));
#7975 = CARTESIAN_POINT('',(17.617077297294,19.668309190514,
    24.186877701716));
#7976 = CARTESIAN_POINT('',(17.615321817067,19.661287267001,
    24.192928065975));
#7977 = CARTESIAN_POINT('',(17.613285221821,19.653140888264,
    24.199949349986));
#7978 = CARTESIAN_POINT('',(17.610846285259,19.643385140422,
    24.2083647994));
#7979 = CARTESIAN_POINT('',(17.607878297062,19.631513188548,
    24.218617809304));
#7980 = CARTESIAN_POINT('',(17.604242357076,19.616969428198,
    24.231193567205));
#7981 = CARTESIAN_POINT('',(17.599777328962,19.599109315873,
    24.246663285329));
#7982 = CARTESIAN_POINT('',(17.59138477995,19.565539119789,
    24.275870866644));
#7983 = CARTESIAN_POINT('',(17.588447606423,19.553790425668,
    24.286092759241));
#7984 = CARTESIAN_POINT('',(17.585507961311,19.542031845214,
    24.296323253392));
#7985 = CARTESIAN_POINT('',(17.582565844616,19.530263378425,
    24.306562349096));
#7986 = CARTESIAN_POINT('',(17.579621256337,19.518485025303,
    24.316810046355));
#7987 = CARTESIAN_POINT('',(17.576674196474,19.506696785847,
    24.327066345167));
#7988 = CARTESIAN_POINT('',(17.573724665027,19.494898660057,
    24.337331245533));
#7989 = CARTESIAN_POINT('',(17.570772661996,19.483090647934,
    24.347604747453));
#7990 = CARTESIAN_POINT('',(17.567818187381,19.471272749476,
    24.357886850926));
#7991 = CARTESIAN_POINT('',(17.564861241182,19.459444964685,
    24.368177555954));
#7992 = CARTESIAN_POINT('',(17.561901823399,19.44760729356,
    24.378476862535));
#7993 = CARTESIAN_POINT('',(17.558939934032,19.435759736101,
    24.388784770671));
#7994 = CARTESIAN_POINT('',(17.555975573082,19.423902292308,
    24.39910128036));
#7995 = CARTESIAN_POINT('',(17.553008740547,19.412034962181,
    24.409426391602));
#7996 = PCURVE('',#3481,#7997);
#7997 = DEFINITIONAL_REPRESENTATION('',(#7998),#8002);
#7998 = LINE('',#7999,#8000);
#7999 = CARTESIAN_POINT('',(0.,0.));
#8000 = VECTOR('',#8001,1.);
#8001 = DIRECTION('',(0.,1.));
#8002 = ( GEOMETRIC_REPRESENTATION_CONTEXT(2) 
PARAMETRIC_REPRESENTATION_CONTEXT() REPRESENTATION_CONTEXT('2D SPACE',''
  ) );
#8003 = PCURVE('',#5834,#8004);
#8004 = DEFINITIONAL_REPRESENTATION('',(#8005),#8151);
#8005 = B_SPLINE_CURVE_WITH_KNOTS('',14,(#8006,#8007,#8008,#8009,#8010,
    #8011,#8012,#8013,#8014,#8015,#8016,#8017,#8018,#8019,#8020,#8021,
    #8022,#8023,#8024,#8025,#8026,#8027,#8028,#8029,#8030,#8031,#8032,
    #8033,#8034,#8035,#8036,#8037,#8038,#8039,#8040,#8041,#8042,#8043,
    #8044,#8045,#8046,#8047,#8048,#8049,#8050,#8051,#8052,#8053,#8054,
    #8055,#8056,#8057,#8058,#8059,#8060,#8061,#8062,#8063,#8064,#8065,
    #8066,#8067,#8068,#8069,#8070,#8071,#8072,#8073,#8074,#8075,#8076,
    #8077,#8078,#8079,#8080,#8081,#8082,#8083,#8084,#8085,#8086,#8087,
    #8088,#8089,#8090,#8091,#8092,#8093,#8094,#8095,#8096,#8097,#8098,
    #8099,#8100,#8101,#8102,#8103,#8104,#8105,#8106,#8107,#8108,#8109,
    #8110,#8111,#8112,#8113,#8114,#8115,#8116,#8117,#8118,#8119,#8120,
    #8121,#8122,#8123,#8124,#8125,#8126,#8127,#8128,#8129,#8130,#8131,
    #8132,#8133,#8134,#8135,#8136,#8137,#8138,#8139,#8140,#8141,#8142,
    #8143,#8144,#8145,#8146,#8147,#8148,#8149,#8150),.UNSPECIFIED.,.F.,
  .F.,(15,13,13,13,13,13,13,13,13,13,13,15),(-1.212049220076,
    5.28496849973,6.501045195026,8.378291763032,8.859220671985,
    9.040973161955,9.261639705683,9.547126948079,10.286057592298,
    10.560016229159,10.901604051755,11.023186775732),.UNSPECIFIED.);
#8006 = CARTESIAN_POINT('',(-1.205560794405,-4.301936113384));
#8007 = CARTESIAN_POINT('',(-0.735652301189,-4.304789318999));
#8008 = CARTESIAN_POINT('',(-0.26386730192,-4.310503977676));
#8009 = CARTESIAN_POINT('',(0.209410073819,-4.320490977129));
#8010 = CARTESIAN_POINT('',(0.685196043043,-4.336276053833));
#8011 = CARTESIAN_POINT('',(1.162624170877,-4.35927841069));
#8012 = CARTESIAN_POINT('',(1.641505723613,-4.390972884878));
#8013 = CARTESIAN_POINT('',(2.121843117267,-4.432756516363));
#8014 = CARTESIAN_POINT('',(2.602980420294,-4.485871522056));
#8015 = CARTESIAN_POINT('',(3.084170789896,-4.551511696217));
#8016 = CARTESIAN_POINT('',(3.565205978339,-4.630889899179));
#8017 = CARTESIAN_POINT('',(4.045604588418,-4.72510640026));
#8018 = CARTESIAN_POINT('',(4.523879884561,-4.835071318813));
#8019 = CARTESIAN_POINT('',(4.999760292472,-4.961843244219));
#8020 = CARTESIAN_POINT('',(5.560440202076,-5.133336701039));
#8021 = CARTESIAN_POINT('',(5.648713660005,-5.160994459029));
#8022 = CARTESIAN_POINT('',(5.736855038873,-5.18927757935));
#8023 = CARTESIAN_POINT('',(5.824857676785,-5.218191934111));
#8024 = CARTESIAN_POINT('',(5.912714795391,-5.24774333288));
#8025 = CARTESIAN_POINT('',(6.000419499005,-5.277937522281));
#8026 = CARTESIAN_POINT('',(6.087964775958,-5.308780186566));
#8027 = CARTESIAN_POINT('',(6.175343496879,-5.340276946955));
#8028 = CARTESIAN_POINT('',(6.262548416531,-5.372433362256));
#8029 = CARTESIAN_POINT('',(6.349572172153,-5.405254928401));
#8030 = CARTESIAN_POINT('',(6.43640728472,-5.438747078706));
#8031 = CARTESIAN_POINT('',(6.52304615815,-5.472915183785));
#8032 = CARTESIAN_POINT('',(6.609481079702,-5.507764551533));
#8033 = CARTESIAN_POINT('',(6.828806099441,-5.5981568362));
#8034 = CARTESIAN_POINT('',(6.961475964418,-5.654692820775));
#8035 = CARTESIAN_POINT('',(7.092840721945,-5.712421875195));
#8036 = CARTESIAN_POINT('',(7.227675588105,-5.774232421632));
#8037 = CARTESIAN_POINT('',(7.348233163376,-5.829591767573));
#8038 = CARTESIAN_POINT('',(7.501705902461,-5.906542314403));
#8039 = CARTESIAN_POINT('',(7.593361604315,-5.949128776581));
#8040 = CARTESIAN_POINT('',(7.76768870797,-6.042698910766));
#8041 = CARTESIAN_POINT('',(7.85540769517,-6.087207608412));
#8042 = CARTESIAN_POINT('',(8.007956691432,-6.172212236456));
#8043 = CARTESIAN_POINT('',(8.125708804252,-6.238903419557));
#8044 = CARTESIAN_POINT('',(8.253363218257,-6.314093019498));
#8045 = CARTESIAN_POINT('',(8.377125253737,-6.389149573036));
#8046 = CARTESIAN_POINT('',(8.531994135291,-6.485968732052));
#8047 = CARTESIAN_POINT('',(8.563529313817,-6.505835024749));
#8048 = CARTESIAN_POINT('',(8.595062629859,-6.525853600044));
#8049 = CARTESIAN_POINT('',(8.626613142803,-6.546035637318));
#8050 = CARTESIAN_POINT('',(8.658184559439,-6.566382394075));
#8051 = CARTESIAN_POINT('',(8.68977467871,-6.586892815209));
#8052 = CARTESIAN_POINT('',(8.721381619129,-6.607568467746));
#8053 = CARTESIAN_POINT('',(8.753006804419,-6.62841578393));
#8054 = CARTESIAN_POINT('',(8.78465473994,-6.649445635228));
#8055 = CARTESIAN_POINT('',(8.816329542811,-6.670670211846));
#8056 = CARTESIAN_POINT('',(8.848028262049,-6.692097232326));
#8057 = CARTESIAN_POINT('',(8.879730958102,-6.713721462772));
#8058 = CARTESIAN_POINT('',(8.911387563952,-6.735513560327));
#8059 = CARTESIAN_POINT('',(8.954811255428,-6.765679903028));
#8060 = CARTESIAN_POINT('',(8.966711674449,-6.77397639009));
#8061 = CARTESIAN_POINT('',(8.978571905783,-6.782273318729));
#8062 = CARTESIAN_POINT('',(8.990371013221,-6.790555461732));
#8063 = CARTESIAN_POINT('',(9.00209642598,-6.798813619312));
#8064 = CARTESIAN_POINT('',(9.013742373574,-6.807043497807));
#8065 = CARTESIAN_POINT('',(9.025308323532,-6.815244591253));
#8066 = CARTESIAN_POINT('',(9.036797414416,-6.82341905842));
#8067 = CARTESIAN_POINT('',(9.048214895262,-6.831570605841));
#8068 = CARTESIAN_POINT('',(9.05956655765,-6.83970336415));
#8069 = CARTESIAN_POINT('',(9.070857174935,-6.847820770765));
#8070 = CARTESIAN_POINT('',(9.082088935576,-6.855924447456));
#8071 = CARTESIAN_POINT('',(9.093259880572,-6.864013081406));
#8072 = CARTESIAN_POINT('',(9.117841884365,-6.881876971194));
#8073 = CARTESIAN_POINT('',(9.131215098962,-6.891638412475));
#8074 = CARTESIAN_POINT('',(9.14449897617,-6.901375695784));
#8075 = CARTESIAN_POINT('',(9.157697529191,-6.911089068795));
#8076 = CARTESIAN_POINT('',(9.170807378076,-6.920773209409));
#8077 = CARTESIAN_POINT('',(9.183822505005,-6.930420842426));
#8078 = CARTESIAN_POINT('',(9.196738173755,-6.940025719988));
#8079 = CARTESIAN_POINT('',(9.209554019199,-6.949584969946));
#8080 = CARTESIAN_POINT('',(9.222276298735,-6.959100806714));
#8081 = CARTESIAN_POINT('',(9.234919315248,-6.968581610656));
#8082 = CARTESIAN_POINT('',(9.247506001834,-6.978042370273));
#8083 = CARTESIAN_POINT('',(9.260067676828,-6.987504491831));
#8084 = CARTESIAN_POINT('',(9.272642962732,-6.996994973229));
#8085 = CARTESIAN_POINT('',(9.301619695341,-7.018900214358));
#8086 = CARTESIAN_POINT('',(9.31802558304,-7.03132632097));
#8087 = CARTESIAN_POINT('',(9.334465185308,-7.043803858173));
#8088 = CARTESIAN_POINT('',(9.350928841849,-7.056317655426));
#8089 = CARTESIAN_POINT('',(9.367416611754,-7.068857919103));
#8090 = CARTESIAN_POINT('',(9.383932292062,-7.081420156649));
#8091 = CARTESIAN_POINT('',(9.40047986112,-7.094004201661));
#8092 = CARTESIAN_POINT('',(9.417061771157,-7.10661266408));
#8093 = CARTESIAN_POINT('',(9.433678528057,-7.11924912064));
#8094 = CARTESIAN_POINT('',(9.45032898139,-7.131916373071));
#8095 = CARTESIAN_POINT('',(9.467010761952,-7.144615087193));
#8096 = CARTESIAN_POINT('',(9.483720292357,-7.157343140304));
#8097 = CARTESIAN_POINT('',(9.500451804583,-7.170095992123));
#8098 = CARTESIAN_POINT('',(9.56053090636,-7.215927415124));
#8099 = CARTESIAN_POINT('',(9.603911710581,-7.249093537846));
#8100 = CARTESIAN_POINT('',(9.647423080163,-7.282453903488));
#8101 = CARTESIAN_POINT('',(9.689887431182,-7.315098803791));
#8102 = CARTESIAN_POINT('',(9.732963730257,-7.348447170512));
#8103 = CARTESIAN_POINT('',(9.776328726252,-7.382168987378));
#8104 = CARTESIAN_POINT('',(9.819090913934,-7.41548928512));
#8105 = CARTESIAN_POINT('',(9.861666550385,-7.448795104045));
#8106 = CARTESIAN_POINT('',(9.904659370808,-7.482611296327));
#8107 = CARTESIAN_POINT('',(9.947476174533,-7.516393180026));
#8108 = CARTESIAN_POINT('',(9.989700373589,-7.549766032147));
#8109 = CARTESIAN_POINT('',(10.032432284667,-7.583716641005));
#8110 = CARTESIAN_POINT('',(10.074263345249,-7.617036384904));
#8111 = CARTESIAN_POINT('',(10.131792941369,-7.663024035458));
#8112 = CARTESIAN_POINT('',(10.147357568031,-7.675481797067));
#8113 = CARTESIAN_POINT('',(10.162935665676,-7.687966246678));
#8114 = CARTESIAN_POINT('',(10.178533225985,-7.700482160586));
#8115 = CARTESIAN_POINT('',(10.194154906302,-7.71303330396));
#8116 = CARTESIAN_POINT('',(10.209805209635,-7.725623500433));
#8117 = CARTESIAN_POINT('',(10.225489155961,-7.738257241362));
#8118 = CARTESIAN_POINT('',(10.24121244374,-7.750939832041));
#8119 = CARTESIAN_POINT('',(10.256981104851,-7.763677079737));
#8120 = CARTESIAN_POINT('',(10.272800647148,-7.776474516457));
#8121 = CARTESIAN_POINT('',(10.288674692493,-7.789336164979));
#8122 = CARTESIAN_POINT('',(10.304603101806,-7.8022628396));
#8123 = CARTESIAN_POINT('',(10.320579594546,-7.815249988751));
#8124 = CARTESIAN_POINT('',(10.356550152426,-7.844537989914));
#8125 = CARTESIAN_POINT('',(10.376561901178,-7.860865828289));
#8126 = CARTESIAN_POINT('',(10.39659397829,-7.877242196805));
#8127 = CARTESIAN_POINT('',(10.416607830101,-7.893642577855));
#8128 = CARTESIAN_POINT('',(10.436570912802,-7.910033899321));
#8129 = CARTESIAN_POINT('',(10.456450268359,-7.926387359941));
#8130 = CARTESIAN_POINT('',(10.476208937836,-7.942677643763));
#8131 = CARTESIAN_POINT('',(10.495806655481,-7.958872696912));
#8132 = CARTESIAN_POINT('',(10.515199246719,-7.974927907393));
#8133 = CARTESIAN_POINT('',(10.534333668288,-7.990790123933));
#8134 = CARTESIAN_POINT('',(10.553141737398,-8.006403497932));
#8135 = CARTESIAN_POINT('',(10.571539625084,-8.021703970221));
#8136 = CARTESIAN_POINT('',(10.589436202172,-8.036605377666));
#8137 = CARTESIAN_POINT('',(10.612893060218,-8.056165462638));
#8138 = CARTESIAN_POINT('',(10.618979646547,-8.06124339438));
#8139 = CARTESIAN_POINT('',(10.624962372963,-8.066238206562));
#8140 = CARTESIAN_POINT('',(10.630934272862,-8.071225662483));
#8141 = CARTESIAN_POINT('',(10.636959078486,-8.076259128971));
#8142 = CARTESIAN_POINT('',(10.64313208248,-8.081418367888));
#8143 = CARTESIAN_POINT('',(10.64966312387,-8.086877702093));
#8144 = CARTESIAN_POINT('',(10.656901158545,-8.092928065614));
#8145 = CARTESIAN_POINT('',(10.665298252162,-8.09994935027));
#8146 = CARTESIAN_POINT('',(10.675354247852,-8.108364799221));
#8147 = CARTESIAN_POINT('',(10.687591575173,-8.118617809393));
#8148 = CARTESIAN_POINT('',(10.702582940457,-8.131193567173));
#8149 = CARTESIAN_POINT('',(10.720992722775,-8.146663285336));
#8150 = CARTESIAN_POINT('',(10.743496002766,-8.165657575601));
#8151 = ( GEOMETRIC_REPRESENTATION_CONTEXT(2) 
PARAMETRIC_REPRESENTATION_CONTEXT() REPRESENTATION_CONTEXT('2D SPACE',''
  ) );
#8152 = ADVANCED_FACE('',(#8153),#3980,.T.);
#8153 = FACE_BOUND('',#8154,.T.);
#8154 = EDGE_LOOP('',(#8155,#8202,#8231,#8264));
#8155 = ORIENTED_EDGE('',*,*,#8156,.T.);
#8156 = EDGE_CURVE('',#3964,#8157,#8159,.T.);
#8157 = VERTEX_POINT('',#8158);
#8158 = CARTESIAN_POINT('',(-16.97112439237,19.779445099766,
    24.273095540925));
#8159 = SURFACE_CURVE('',#8160,(#8170,#8196),.PCURVE_S1.);
#8160 = B_SPLINE_CURVE_WITH_KNOTS('',8,(#8161,#8162,#8163,#8164,#8165,
    #8166,#8167,#8168,#8169),.UNSPECIFIED.,.F.,.F.,(9,9),(0.,1.),
  .PIECEWISE_BEZIER_KNOTS.);
#8161 = CARTESIAN_POINT('',(-16.97112298548,20.891625962129,
    24.365462912871));
#8162 = CARTESIAN_POINT('',(-16.97112317999,20.772532198217,
    24.463565325191));
#8163 = CARTESIAN_POINT('',(-16.97112335743,20.631582501857,
    24.535595892135));
#8164 = CARTESIAN_POINT('',(-16.97112352513,20.476048284608,
    24.575371578176));
#8165 = CARTESIAN_POINT('',(-16.97112368892,20.313849420685,
    24.580397559258));
#8166 = CARTESIAN_POINT('',(-16.97112385272,20.15470184736,
    24.548683530177));
#8167 = CARTESIAN_POINT('',(-16.97112402042,20.007860061024,
    24.483795307546));
#8168 = CARTESIAN_POINT('',(-16.97112419785,19.880723869432,
    24.389500088767));
#8169 = CARTESIAN_POINT('',(-16.97112439237,19.779445099766,
    24.273095540925));
#8170 = PCURVE('',#3980,#8171);
#8171 = DEFINITIONAL_REPRESENTATION('',(#8172),#8195);
#8172 = B_SPLINE_CURVE_WITH_KNOTS('',11,(#8173,#8174,#8175,#8176,#8177,
    #8178,#8179,#8180,#8181,#8182,#8183,#8184,#8185,#8186,#8187,#8188,
    #8189,#8190,#8191,#8192,#8193,#8194),.UNSPECIFIED.,.F.,.F.,(12,10,12
    ),(0.,0.5,1.),.UNSPECIFIED.);
#8173 = CARTESIAN_POINT('',(3.552713678801E-15,0.803218798821));
#8174 = CARTESIAN_POINT('',(1.802162117607,0.80321872809));
#8175 = CARTESIAN_POINT('',(3.548879707132,0.803218659534));
#8176 = CARTESIAN_POINT('',(5.24872026677,0.803218592818));
#8177 = CARTESIAN_POINT('',(6.906775875588,0.803218527742));
#8178 = CARTESIAN_POINT('',(8.534630634489,0.803218463852));
#8179 = CARTESIAN_POINT('',(10.132390208217,0.803218401142));
#8180 = CARTESIAN_POINT('',(11.712040823468,0.803218339144));
#8181 = CARTESIAN_POINT('',(13.274535205732,0.803218277818));
#8182 = CARTESIAN_POINT('',(14.827518359622,0.803218216867));
#8183 = CARTESIAN_POINT('',(16.375197838555,0.803218156123));
#8184 = CARTESIAN_POINT('',(19.470608536945,0.803218034633));
#8185 = CARTESIAN_POINT('',(21.01831992111,0.803217973888));
#8186 = CARTESIAN_POINT('',(22.571122258952,0.803217912943));
#8187 = CARTESIAN_POINT('',(24.134164866075,0.803217851597));
#8188 = CARTESIAN_POINT('',(25.712678212717,0.803217789642));
#8189 = CARTESIAN_POINT('',(27.312101262084,0.803217726868));
#8190 = CARTESIAN_POINT('',(28.938254922658,0.803217663044));
#8191 = CARTESIAN_POINT('',(30.597497147991,0.803217597922));
#8192 = CARTESIAN_POINT('',(32.296795217246,0.803217531227));
#8193 = CARTESIAN_POINT('',(34.043650730076,0.803217462666));
#8194 = CARTESIAN_POINT('',(35.84581284911,0.803217391934));
#8195 = ( GEOMETRIC_REPRESENTATION_CONTEXT(2) 
PARAMETRIC_REPRESENTATION_CONTEXT() REPRESENTATION_CONTEXT('2D SPACE',''
  ) );
#8196 = PCURVE('',#7209,#8197);
#8197 = DEFINITIONAL_REPRESENTATION('',(#8198),#8201);
#8198 = B_SPLINE_CURVE_WITH_KNOTS('',1,(#8199,#8200),.UNSPECIFIED.,.F.,
  .F.,(2,2),(0.,1.),.PIECEWISE_BEZIER_KNOTS.);
#8199 = CARTESIAN_POINT('',(1.,0.));
#8200 = CARTESIAN_POINT('',(1.,1.));
#8201 = ( GEOMETRIC_REPRESENTATION_CONTEXT(2) 
PARAMETRIC_REPRESENTATION_CONTEXT() REPRESENTATION_CONTEXT('2D SPACE',''
  ) );
#8202 = ORIENTED_EDGE('',*,*,#8203,.T.);
#8203 = EDGE_CURVE('',#8157,#8204,#8206,.T.);
#8204 = VERTEX_POINT('',#8205);
#8205 = CARTESIAN_POINT('',(16.971124392371,19.779445099766,
    24.273095540925));
#8206 = SURFACE_CURVE('',#8207,(#8213,#8220),.PCURVE_S1.);
#8207 = B_SPLINE_CURVE_WITH_KNOTS('',2,(#8208,#8209,#8210,#8211,#8212),
  .UNSPECIFIED.,.F.,.F.,(3,1,1,3),(-1.453912301181,-0.148564640541,
    35.697248208569,37.002595869208),.UNSPECIFIED.);
#8208 = CARTESIAN_POINT('',(-19.22825408548,19.779445099766,
    24.273095540925));
#8209 = CARTESIAN_POINT('',(-18.57558025516,19.779445099766,
    24.273095540925));
#8210 = CARTESIAN_POINT('',(-2.917666108715E-10,19.779445099766,
    24.273095540925));
#8211 = CARTESIAN_POINT('',(18.575580254583,19.779445099766,
    24.273095540925));
#8212 = CARTESIAN_POINT('',(19.228254084903,19.779445099766,
    24.273095540925));
#8213 = PCURVE('',#3980,#8214);
#8214 = DEFINITIONAL_REPRESENTATION('',(#8215),#8219);
#8215 = LINE('',#8216,#8217);
#8216 = CARTESIAN_POINT('',(35.84581284911,0.));
#8217 = VECTOR('',#8218,1.);
#8218 = DIRECTION('',(0.,1.));
#8219 = ( GEOMETRIC_REPRESENTATION_CONTEXT(2) 
PARAMETRIC_REPRESENTATION_CONTEXT() REPRESENTATION_CONTEXT('2D SPACE',''
  ) );
#8220 = PCURVE('',#8221,#8226);
#8221 = PLANE('',#8222);
#8222 = AXIS2_PLACEMENT_3D('',#8223,#8224,#8225);
#8223 = CARTESIAN_POINT('',(-20.2,20.297367137222,24.868368180852));
#8224 = DIRECTION('',(0.,0.754421212765,-0.656390610635));
#8225 = DIRECTION('',(0.,-0.656390610635,-0.754421212765));
#8226 = DEFINITIONAL_REPRESENTATION('',(#8227),#8230);
#8227 = B_SPLINE_CURVE_WITH_KNOTS('',1,(#8228,#8229),.UNSPECIFIED.,.F.,
  .F.,(2,2),(-0.148564640541,35.697248208569),.PIECEWISE_BEZIER_KNOTS.);
#8228 = CARTESIAN_POINT('',(0.789045469367,-2.277093575153));
#8229 = CARTESIAN_POINT('',(0.789045469367,-38.12290642426));
#8230 = ( GEOMETRIC_REPRESENTATION_CONTEXT(2) 
PARAMETRIC_REPRESENTATION_CONTEXT() REPRESENTATION_CONTEXT('2D SPACE',''
  ) );
#8231 = ORIENTED_EDGE('',*,*,#8232,.F.);
#8232 = EDGE_CURVE('',#3169,#8204,#8233,.T.);
#8233 = SURFACE_CURVE('',#8234,(#8244,#8258),.PCURVE_S1.);
#8234 = B_SPLINE_CURVE_WITH_KNOTS('',8,(#8235,#8236,#8237,#8238,#8239,
    #8240,#8241,#8242,#8243),.UNSPECIFIED.,.F.,.F.,(9,9),(0.,1.),
  .PIECEWISE_BEZIER_KNOTS.);
#8235 = CARTESIAN_POINT('',(16.971122512727,20.891625708445,
    24.365463132297));
#8236 = CARTESIAN_POINT('',(16.971122772602,20.772531944533,
    24.463565544617));
#8237 = CARTESIAN_POINT('',(16.971123009659,20.631582311571,
    24.535596056678));
#8238 = CARTESIAN_POINT('',(16.97112323371,20.476048125998,
    24.575371715252));
#8239 = CARTESIAN_POINT('',(16.971123452549,20.313849293752,
    24.580397668865));
#8240 = CARTESIAN_POINT('',(16.971123671388,20.154701752113,
    24.54868361233));
#8241 = CARTESIAN_POINT('',(16.97112389544,20.007859997489,
    24.48379536227));
#8242 = CARTESIAN_POINT('',(16.971124132496,19.880723869351,
    24.389500088675));
#8243 = CARTESIAN_POINT('',(16.971124392371,19.779445099766,
    24.273095540925));
#8244 = PCURVE('',#3980,#8245);
#8245 = DEFINITIONAL_REPRESENTATION('',(#8246),#8257);
#8246 = B_SPLINE_CURVE_WITH_KNOTS('',9,(#8247,#8248,#8249,#8250,#8251,
    #8252,#8253,#8254,#8255,#8256),.UNSPECIFIED.,.F.,.F.,(10,10),(0.,1.)
  ,.PIECEWISE_BEZIER_KNOTS.);
#8247 = CARTESIAN_POINT('',(3.552713678801E-15,34.745464297033));
#8248 = CARTESIAN_POINT('',(4.405285176376,34.745464528032));
#8249 = CARTESIAN_POINT('',(8.472633084177,34.745464741316));
#8250 = CARTESIAN_POINT('',(12.323285066309,34.74546494322));
#8251 = CARTESIAN_POINT('',(16.071597097948,34.745465139788));
#8252 = CARTESIAN_POINT('',(19.774215752318,34.745465333923));
#8253 = CARTESIAN_POINT('',(23.522527780825,34.745465530487));
#8254 = CARTESIAN_POINT('',(27.373179766312,34.745465732396));
#8255 = CARTESIAN_POINT('',(31.440527672733,34.745465945677));
#8256 = CARTESIAN_POINT('',(35.84581284911,34.745466176676));
#8257 = ( GEOMETRIC_REPRESENTATION_CONTEXT(2) 
PARAMETRIC_REPRESENTATION_CONTEXT() REPRESENTATION_CONTEXT('2D SPACE',''
  ) );
#8258 = PCURVE('',#7756,#8259);
#8259 = DEFINITIONAL_REPRESENTATION('',(#8260),#8263);
#8260 = B_SPLINE_CURVE_WITH_KNOTS('',1,(#8261,#8262),.UNSPECIFIED.,.F.,
  .F.,(2,2),(0.,1.),.PIECEWISE_BEZIER_KNOTS.);
#8261 = CARTESIAN_POINT('',(1.,0.));
#8262 = CARTESIAN_POINT('',(1.,1.));
#8263 = ( GEOMETRIC_REPRESENTATION_CONTEXT(2) 
PARAMETRIC_REPRESENTATION_CONTEXT() REPRESENTATION_CONTEXT('2D SPACE',''
  ) );
#8264 = ORIENTED_EDGE('',*,*,#3963,.F.);
#8265 = ADVANCED_FACE('',(#8266,#8318,#8321),#5078,.F.);
#8266 = FACE_BOUND('',#8267,.F.);
#8267 = EDGE_LOOP('',(#8268,#8289,#8290,#8291,#8292,#8293,#8314,#8315,
    #8316,#8317));
#8268 = ORIENTED_EDGE('',*,*,#8269,.T.);
#8269 = EDGE_CURVE('',#5041,#5494,#8270,.T.);
#8270 = SURFACE_CURVE('',#8271,(#8275,#8282),.PCURVE_S1.);
#8271 = LINE('',#8272,#8273);
#8272 = CARTESIAN_POINT('',(-20.2,36.9,5.));
#8273 = VECTOR('',#8274,1.);
#8274 = DIRECTION('',(1.,0.,0.));
#8275 = PCURVE('',#5078,#8276);
#8276 = DEFINITIONAL_REPRESENTATION('',(#8277),#8281);
#8277 = LINE('',#8278,#8279);
#8278 = CARTESIAN_POINT('',(0.,-0.));
#8279 = VECTOR('',#8280,1.);
#8280 = DIRECTION('',(0.,-1.));
#8281 = ( GEOMETRIC_REPRESENTATION_CONTEXT(2) 
PARAMETRIC_REPRESENTATION_CONTEXT() REPRESENTATION_CONTEXT('2D SPACE',''
  ) );
#8282 = PCURVE('',#5153,#8283);
#8283 = DEFINITIONAL_REPRESENTATION('',(#8284),#8288);
#8284 = LINE('',#8285,#8286);
#8285 = CARTESIAN_POINT('',(7.853981633974,0.));
#8286 = VECTOR('',#8287,1.);
#8287 = DIRECTION('',(0.,-1.));
#8288 = ( GEOMETRIC_REPRESENTATION_CONTEXT(2) 
PARAMETRIC_REPRESENTATION_CONTEXT() REPRESENTATION_CONTEXT('2D SPACE',''
  ) );
#8289 = ORIENTED_EDGE('',*,*,#5515,.T.);
#8290 = ORIENTED_EDGE('',*,*,#5997,.F.);
#8291 = ORIENTED_EDGE('',*,*,#6160,.F.);
#8292 = ORIENTED_EDGE('',*,*,#6527,.F.);
#8293 = ORIENTED_EDGE('',*,*,#8294,.T.);
#8294 = EDGE_CURVE('',#6506,#6321,#8295,.T.);
#8295 = SURFACE_CURVE('',#8296,(#8300,#8307),.PCURVE_S1.);
#8296 = LINE('',#8297,#8298);
#8297 = CARTESIAN_POINT('',(35.2,4.2,5.));
#8298 = VECTOR('',#8299,1.);
#8299 = DIRECTION('',(-1.,-0.,-0.));
#8300 = PCURVE('',#5078,#8301);
#8301 = DEFINITIONAL_REPRESENTATION('',(#8302),#8306);
#8302 = LINE('',#8303,#8304);
#8303 = CARTESIAN_POINT('',(32.7,-55.4));
#8304 = VECTOR('',#8305,1.);
#8305 = DIRECTION('',(0.,1.));
#8306 = ( GEOMETRIC_REPRESENTATION_CONTEXT(2) 
PARAMETRIC_REPRESENTATION_CONTEXT() REPRESENTATION_CONTEXT('2D SPACE',''
  ) );
#8307 = PCURVE('',#6459,#8308);
#8308 = DEFINITIONAL_REPRESENTATION('',(#8309),#8313);
#8309 = LINE('',#8310,#8311);
#8310 = CARTESIAN_POINT('',(-1.570796326795,0.));
#8311 = VECTOR('',#8312,1.);
#8312 = DIRECTION('',(-0.,1.));
#8313 = ( GEOMETRIC_REPRESENTATION_CONTEXT(2) 
PARAMETRIC_REPRESENTATION_CONTEXT() REPRESENTATION_CONTEXT('2D SPACE',''
  ) );
#8314 = ORIENTED_EDGE('',*,*,#6320,.F.);
#8315 = ORIENTED_EDGE('',*,*,#6058,.F.);
#8316 = ORIENTED_EDGE('',*,*,#5927,.F.);
#8317 = ORIENTED_EDGE('',*,*,#5062,.F.);
#8318 = FACE_BOUND('',#8319,.F.);
#8319 = EDGE_LOOP('',(#8320));
#8320 = ORIENTED_EDGE('',*,*,#7070,.T.);
#8321 = FACE_BOUND('',#8322,.F.);
#8322 = EDGE_LOOP('',(#8323));
#8323 = ORIENTED_EDGE('',*,*,#7124,.T.);
#8324 = ADVANCED_FACE('',(#8325),#5153,.F.);
#8325 = FACE_BOUND('',#8326,.F.);
#8326 = EDGE_LOOP('',(#8327,#8348,#8349,#8350));
#8327 = ORIENTED_EDGE('',*,*,#8328,.T.);
#8328 = EDGE_CURVE('',#5115,#5563,#8329,.T.);
#8329 = SURFACE_CURVE('',#8330,(#8334,#8341),.PCURVE_S1.);
#8330 = LINE('',#8331,#8332);
#8331 = CARTESIAN_POINT('',(-20.2,36.9,16.2));
#8332 = VECTOR('',#8333,1.);
#8333 = DIRECTION('',(1.,0.,0.));
#8334 = PCURVE('',#5153,#8335);
#8335 = DEFINITIONAL_REPRESENTATION('',(#8336),#8340);
#8336 = LINE('',#8337,#8338);
#8337 = CARTESIAN_POINT('',(4.712388980385,0.));
#8338 = VECTOR('',#8339,1.);
#8339 = DIRECTION('',(0.,-1.));
#8340 = ( GEOMETRIC_REPRESENTATION_CONTEXT(2) 
PARAMETRIC_REPRESENTATION_CONTEXT() REPRESENTATION_CONTEXT('2D SPACE',''
  ) );
#8341 = PCURVE('',#5306,#8342);
#8342 = DEFINITIONAL_REPRESENTATION('',(#8343),#8347);
#8343 = LINE('',#8344,#8345);
#8344 = CARTESIAN_POINT('',(4.788457850281,0.));
#8345 = VECTOR('',#8346,1.);
#8346 = DIRECTION('',(0.,-1.));
#8347 = ( GEOMETRIC_REPRESENTATION_CONTEXT(2) 
PARAMETRIC_REPRESENTATION_CONTEXT() REPRESENTATION_CONTEXT('2D SPACE',''
  ) );
#8348 = ORIENTED_EDGE('',*,*,#5586,.T.);
#8349 = ORIENTED_EDGE('',*,*,#8269,.F.);
#8350 = ORIENTED_EDGE('',*,*,#5138,.F.);
#8351 = ADVANCED_FACE('',(#8352),#5194,.T.);
#8352 = FACE_BOUND('',#8353,.T.);
#8353 = EDGE_LOOP('',(#8354,#8355,#8356));
#8354 = ORIENTED_EDGE('',*,*,#5408,.F.);
#8355 = ORIENTED_EDGE('',*,*,#7658,.T.);
#8356 = ORIENTED_EDGE('',*,*,#5170,.F.);
#8357 = ADVANCED_FACE('',(#8358),#5306,.F.);
#8358 = FACE_BOUND('',#8359,.F.);
#8359 = EDGE_LOOP('',(#8360,#8381,#8382,#8383));
#8360 = ORIENTED_EDGE('',*,*,#8361,.T.);
#8361 = EDGE_CURVE('',#5271,#5714,#8362,.T.);
#8362 = SURFACE_CURVE('',#8363,(#8367,#8374),.PCURVE_S1.);
#8363 = LINE('',#8364,#8365);
#8364 = CARTESIAN_POINT('',(-20.2,32.111542149719,16.2));
#8365 = VECTOR('',#8366,1.);
#8366 = DIRECTION('',(1.,0.,0.));
#8367 = PCURVE('',#5306,#8368);
#8368 = DEFINITIONAL_REPRESENTATION('',(#8369),#8373);
#8369 = LINE('',#8370,#8371);
#8370 = CARTESIAN_POINT('',(0.,0.));
#8371 = VECTOR('',#8372,1.);
#8372 = DIRECTION('',(0.,-1.));
#8373 = ( GEOMETRIC_REPRESENTATION_CONTEXT(2) 
PARAMETRIC_REPRESENTATION_CONTEXT() REPRESENTATION_CONTEXT('2D SPACE',''
  ) );
#8374 = PCURVE('',#5478,#8375);
#8375 = DEFINITIONAL_REPRESENTATION('',(#8376),#8380);
#8376 = LINE('',#8377,#8378);
#8377 = CARTESIAN_POINT('',(-4.712388980385,0.));
#8378 = VECTOR('',#8379,1.);
#8379 = DIRECTION('',(-0.,-1.));
#8380 = ( GEOMETRIC_REPRESENTATION_CONTEXT(2) 
PARAMETRIC_REPRESENTATION_CONTEXT() REPRESENTATION_CONTEXT('2D SPACE',''
  ) );
#8381 = ORIENTED_EDGE('',*,*,#5735,.T.);
#8382 = ORIENTED_EDGE('',*,*,#8328,.F.);
#8383 = ORIENTED_EDGE('',*,*,#5292,.F.);
#8384 = ADVANCED_FACE('',(#8385),#5340,.F.);
#8385 = FACE_BOUND('',#8386,.F.);
#8386 = EDGE_LOOP('',(#8387,#8498,#8499));
#8387 = ORIENTED_EDGE('',*,*,#8388,.F.);
#8388 = EDGE_CURVE('',#5436,#5325,#8389,.T.);
#8389 = SURFACE_CURVE('',#8390,(#8399,#8405),.PCURVE_S1.);
#8390 = B_SPLINE_CURVE_WITH_KNOTS('',7,(#8391,#8392,#8393,#8394,#8395,
    #8396,#8397,#8398),.UNSPECIFIED.,.F.,.F.,(8,8),(0.,1.),
  .PIECEWISE_BEZIER_KNOTS.);
#8391 = CARTESIAN_POINT('',(-19.4,30.010956148364,16.315253804888));
#8392 = CARTESIAN_POINT('',(-19.57088536792,29.967515878433,
    16.32003511168));
#8393 = CARTESIAN_POINT('',(-19.742241011,29.929502127117,
    16.369922545004));
#8394 = CARTESIAN_POINT('',(-19.89957257828,29.900420215382,
    16.464401499883));
#8395 = CARTESIAN_POINT('',(-20.03031490823,29.882743415382,
    16.598254547808));
#8396 = CARTESIAN_POINT('',(-20.12265386555,29.877957407472,
    16.75942462276));
#8397 = CARTESIAN_POINT('',(-20.17144074306,29.88576297227,
    16.935084029398));
#8398 = CARTESIAN_POINT('',(-20.17611400011,29.904456000465,
    17.11041340783));
#8399 = PCURVE('',#5340,#8400);
#8400 = DEFINITIONAL_REPRESENTATION('',(#8401),#8404);
#8401 = B_SPLINE_CURVE_WITH_KNOTS('',1,(#8402,#8403),.UNSPECIFIED.,.F.,
  .F.,(2,2),(0.,1.),.PIECEWISE_BEZIER_KNOTS.);
#8402 = CARTESIAN_POINT('',(0.,0.));
#8403 = CARTESIAN_POINT('',(0.,1.));
#8404 = ( GEOMETRIC_REPRESENTATION_CONTEXT(2) 
PARAMETRIC_REPRESENTATION_CONTEXT() REPRESENTATION_CONTEXT('2D SPACE',''
  ) );
#8405 = PCURVE('',#8406,#8485);
#8406 = ( BOUNDED_SURFACE() B_SPLINE_SURFACE(2,9,(
    (#8407,#8408,#8409,#8410,#8411,#8412,#8413,#8414,#8415,#8416,#8417
      ,#8418,#8419,#8420,#8421,#8422,#8423,#8424,#8425,#8426,#8427,#8428
      ,#8429,#8430,#8431,#8432)
    ,(#8433,#8434,#8435,#8436,#8437,#8438,#8439,#8440,#8441,#8442,#8443
      ,#8444,#8445,#8446,#8447,#8448,#8449,#8450,#8451,#8452,#8453,#8454
      ,#8455,#8456,#8457,#8458)
    ,(#8459,#8460,#8461,#8462,#8463,#8464,#8465,#8466,#8467,#8468,#8469
      ,#8470,#8471,#8472,#8473,#8474,#8475,#8476,#8477,#8478,#8479,#8480
      ,#8481,#8482,#8483,#8484
)),.UNSPECIFIED.,.F.,.F.,.F.) B_SPLINE_SURFACE_WITH_KNOTS((3,3),(10,8,8,
    10),(0.,13.577189060706),(1.906758529322,2.036213117836,
    15.349519975573,15.483947590028),.UNSPECIFIED.) 
GEOMETRIC_REPRESENTATION_ITEM() RATIONAL_B_SPLINE_SURFACE((
    (1.,1.,1.,1.,1.,1.,1.,1.,1.,1.,1.,1.,1.,1.,1.,1.,1.,1.,1.,1.,1.,1.
      ,1.,1.,1.,1.)
    ,(0.761314030811,0.761270059881,0.761226065537,0.761182124308
      ,0.761138156322,0.761094129968,0.761050123198,0.761006241436
      ,0.760962392132,0.756343915604,0.751405179769,0.746132515198
      ,0.74056185603,0.734723954052,0.728671736193,0.722437143852
      ,0.716079340548,0.709576793063,0.709511783494,0.709446765828
      ,0.709381740111,0.709316706388,0.709251664704,0.709186615104
      ,0.709121557632,0.709056492335)
    ,(1.,1.,1.,1.,1.,1.,1.,1.,1.,1.,1.,1.,1.,1.,1.,1.,1.,1.,1.,1.,1.,1.
,1.,1.,1.,1.))) REPRESENTATION_ITEM('') SURFACE() );
#8407 = CARTESIAN_POINT('',(-16.88386760338,19.508842425531,
    20.915112714903));
#8408 = CARTESIAN_POINT('',(-16.88640724111,19.519442652556,
    20.90588989697));
#8409 = CARTESIAN_POINT('',(-16.88894919706,19.530052358813,
    20.896674208628));
#8410 = CARTESIAN_POINT('',(-16.89149165566,19.54066351387,
    20.887472477483));
#8411 = CARTESIAN_POINT('',(-16.89403654603,19.551284635918,
    20.878277444262));
#8412 = CARTESIAN_POINT('',(-16.89658453087,19.561918692961,
    20.869086600635));
#8413 = CARTESIAN_POINT('',(-16.89913359175,19.572556828754,
    20.859907519547));
#8414 = CARTESIAN_POINT('',(-16.90168121076,19.583187913548,
    20.850749678034));
#8415 = CARTESIAN_POINT('',(-16.90423014865,19.593823919575,
    20.841602772555));
#8416 = CARTESIAN_POINT('',(-17.17086097988,20.706714457168,
    19.886131414405));
#8417 = CARTESIAN_POINT('',(-17.45417218148,21.88923126323,
    19.033826654465));
#8418 = CARTESIAN_POINT('',(-17.75447755066,23.142681181791,
    18.283626874008));
#8419 = CARTESIAN_POINT('',(-18.06926390167,24.456570606888,
    17.641785294976));
#8420 = CARTESIAN_POINT('',(-18.39624515267,25.821365229617,
    17.114240295801));
#8421 = CARTESIAN_POINT('',(-18.73210724732,27.223224275265,
    16.704893513204));
#8422 = CARTESIAN_POINT('',(-19.074666277,28.653039198251,
    16.416798773906));
#8423 = CARTESIAN_POINT('',(-19.42047544926,30.096418888903,
    16.251278280804));
#8424 = CARTESIAN_POINT('',(-19.77053685753,31.557547677992,
    16.207988546157));
#8425 = CARTESIAN_POINT('',(-19.77403625423,31.572153884691,
    16.207568315757));
#8426 = CARTESIAN_POINT('',(-19.77753572547,31.586760402658,
    16.207160592373));
#8427 = CARTESIAN_POINT('',(-19.78103526867,31.601367221041,
    16.20676537616));
#8428 = CARTESIAN_POINT('',(-19.78453488121,31.615974328986,
    16.206382667276));
#8429 = CARTESIAN_POINT('',(-19.78803456051,31.63058171564,
    16.206012465877));
#8430 = CARTESIAN_POINT('',(-19.79153430394,31.64518937015,
    16.20565477212));
#8431 = CARTESIAN_POINT('',(-19.79503410893,31.659797281663,
    16.205309586161));
#8432 = CARTESIAN_POINT('',(-19.79853397286,31.674405439326,
    16.204976908156));
#8433 = CARTESIAN_POINT('',(-17.55339423168,19.413576926719,
    20.997999274665));
#8434 = CARTESIAN_POINT('',(-17.55602600407,19.424104016287,
    20.988717591474));
#8435 = CARTESIAN_POINT('',(-17.55865956932,19.434638277295,
    20.979444946606));
#8436 = CARTESIAN_POINT('',(-17.56129492088,19.445179683551,
    20.970181451252));
#8437 = CARTESIAN_POINT('',(-17.56393206423,19.455728256954,
    20.960926987622));
#8438 = CARTESIAN_POINT('',(-17.5665710032,19.466284012822,
    20.951681506827));
#8439 = CARTESIAN_POINT('',(-17.56921173265,19.476846930608,
    20.942445125263));
#8440 = CARTESIAN_POINT('',(-17.57185424096,19.487416963858,
    20.933218007181));
#8441 = CARTESIAN_POINT('',(-17.57449852585,19.497994103416,
    20.924000021202));
#8442 = CARTESIAN_POINT('',(-17.85093539759,20.603741590382,
    19.961850230619));
#8443 = CARTESIAN_POINT('',(-18.14487899051,21.779515962059,
    19.102516407207));
#8444 = CARTESIAN_POINT('',(-18.45649983971,23.025999358866,
    18.345203449227));
#8445 = CARTESIAN_POINT('',(-18.78303346735,24.332133869403,
    17.696339377104));
#8446 = CARTESIAN_POINT('',(-19.12185900674,25.687436026988,
    17.161675768337));
#8447 = CARTESIAN_POINT('',(-19.46947952377,27.077918095089,
    16.744606161648));
#8448 = CARTESIAN_POINT('',(-19.8234794409,28.493917763603,
    16.447477108379));
#8449 = CARTESIAN_POINT('',(-20.18036191304,29.921447652178,
    16.270847770308));
#8450 = CARTESIAN_POINT('',(-20.54127077375,31.365083095,16.213544224192
    ));
#8451 = CARTESIAN_POINT('',(-20.54491131015,31.37964524061,
    16.21297865012));
#8452 = CARTESIAN_POINT('',(-20.54855189836,31.394207593452,
    16.212425521524));
#8453 = CARTESIAN_POINT('',(-20.55219253563,31.408770142527,
    16.211884838006));
#8454 = CARTESIAN_POINT('',(-20.5558332192,31.423332876832,
    16.211356599169));
#8455 = CARTESIAN_POINT('',(-20.55947394633,31.437895785348,
    16.210840804619));
#8456 = CARTESIAN_POINT('',(-20.56311471426,31.452458857058,
    16.21033745396));
#8457 = CARTESIAN_POINT('',(-20.56675552023,31.46702208093,
    16.209846546799));
#8458 = CARTESIAN_POINT('',(-20.57039636148,31.481585445928,
    16.209368082744));
#8459 = CARTESIAN_POINT('',(-17.6599816035,19.83992641401,
    21.518649685116));
#8460 = CARTESIAN_POINT('',(-17.66262786735,19.850511469433,
    21.509440067365));
#8461 = CARTESIAN_POINT('',(-17.6652726255,19.861090502001,
    21.50025096816));
#8462 = CARTESIAN_POINT('',(-17.66792835324,19.871713412998,
    21.491039066791));
#8463 = CARTESIAN_POINT('',(-17.6705818172,19.882327268826,
    21.481850371867));
#8464 = CARTESIAN_POINT('',(-17.67322840966,19.892913638639,
    21.472700843008));
#8465 = CARTESIAN_POINT('',(-17.67588189034,19.90352756139,
    21.463542565211));
#8466 = CARTESIAN_POINT('',(-17.67855953558,19.914238142323,
    21.454315475861));
#8467 = CARTESIAN_POINT('',(-17.68124269472,19.924970778889,
    21.445084644424));
#8468 = CARTESIAN_POINT('',(-17.94812156306,20.992486252274,
    20.529042545826));
#8469 = CARTESIAN_POINT('',(-18.23151565825,22.126062633003,
    19.712625528881));
#8470 = CARTESIAN_POINT('',(-18.53198643579,23.327945743167,
    18.993900912544));
#8471 = CARTESIAN_POINT('',(-18.8467357886,24.586943154404,
    18.379011483393));
#8472 = CARTESIAN_POINT('',(-19.17414708677,25.896588347113,
    17.873929714799));
#8473 = CARTESIAN_POINT('',(-19.50970193291,27.238807731666,
    17.481956959682));
#8474 = CARTESIAN_POINT('',(-19.85272614712,28.610904588507,
    17.206431811872));
#8475 = CARTESIAN_POINT('',(-20.19832522217,29.993300888692,
    17.048320482401));
#8476 = CARTESIAN_POINT('',(-20.54858594177,31.394343767082,
    17.007392362436));
#8477 = CARTESIAN_POINT('',(-20.55208736743,31.408349469746,
    17.006995225611));
#8478 = CARTESIAN_POINT('',(-20.55558890452,31.422355618103,
    17.00661008236));
#8479 = CARTESIAN_POINT('',(-20.55909055071,31.436362202848,
    17.006236933237));
#8480 = CARTESIAN_POINT('',(-20.56259230367,31.450369214679,
    17.005875778794));
#8481 = CARTESIAN_POINT('',(-20.56609416107,31.464376644294,
    17.005526619586));
#8482 = CARTESIAN_POINT('',(-20.56959612059,31.47838448239,
    17.005189456166));
#8483 = CARTESIAN_POINT('',(-20.57309817991,31.492392719663,
    17.004864289086));
#8484 = CARTESIAN_POINT('',(-20.5766003367,31.506401346812,
    17.004551118901));
#8485 = DEFINITIONAL_REPRESENTATION('',(#8486),#8497);
#8486 = B_SPLINE_CURVE_WITH_KNOTS('',9,(#8487,#8488,#8489,#8490,#8491,
    #8492,#8493,#8494,#8495,#8496),.UNSPECIFIED.,.F.,.F.,(10,10),(0.,1.)
  ,.PIECEWISE_BEZIER_KNOTS.);
#8487 = CARTESIAN_POINT('',(1.7763568394E-15,13.779714807937));
#8488 = CARTESIAN_POINT('',(1.668485615622,13.778751960431));
#8489 = CARTESIAN_POINT('',(3.208637187217,13.777863171771));
#8490 = CARTESIAN_POINT('',(4.668461009343,13.777020738534));
#8491 = CARTESIAN_POINT('',(6.085375296138,13.776203067493));
#8492 = CARTESIAN_POINT('',(7.491144644402,13.77539182794));
#8493 = CARTESIAN_POINT('',(8.908113118007,13.774574125624));
#8494 = CARTESIAN_POINT('',(10.368045865684,13.773731629534));
#8495 = CARTESIAN_POINT('',(11.908395339961,13.772842726666));
#8496 = CARTESIAN_POINT('',(13.577189060706,13.771879701359));
#8497 = ( GEOMETRIC_REPRESENTATION_CONTEXT(2) 
PARAMETRIC_REPRESENTATION_CONTEXT() REPRESENTATION_CONTEXT('2D SPACE',''
  ) );
#8498 = ORIENTED_EDGE('',*,*,#5435,.T.);
#8499 = ORIENTED_EDGE('',*,*,#5324,.F.);
#8500 = ADVANCED_FACE('',(#8501),#5396,.F.);
#8501 = FACE_BOUND('',#8502,.F.);
#8502 = EDGE_LOOP('',(#8503,#8504,#8505,#8533,#8561));
#8503 = ORIENTED_EDGE('',*,*,#5380,.T.);
#8504 = ORIENTED_EDGE('',*,*,#7288,.F.);
#8505 = ORIENTED_EDGE('',*,*,#8506,.T.);
#8506 = EDGE_CURVE('',#7179,#8507,#8509,.T.);
#8507 = VERTEX_POINT('',#8508);
#8508 = CARTESIAN_POINT('',(-17.43365523967,18.934620958691,
    22.306318417877));
#8509 = SURFACE_CURVE('',#8510,(#8514,#8521),.PCURVE_S1.);
#8510 = LINE('',#8511,#8512);
#8511 = CARTESIAN_POINT('',(-17.89438558613,20.777542344545,
    24.42447636289));
#8512 = VECTOR('',#8513,1.);
#8513 = DIRECTION('',(0.161931881734,-0.647727526938,-0.744464315145));
#8514 = PCURVE('',#5396,#8515);
#8515 = DEFINITIONAL_REPRESENTATION('',(#8516),#8520);
#8516 = LINE('',#8517,#8518);
#8517 = CARTESIAN_POINT('',(9.506291760306,-8.32447636289));
#8518 = VECTOR('',#8519,1.);
#8519 = DIRECTION('',(0.667662252546,0.744464315145));
#8520 = ( GEOMETRIC_REPRESENTATION_CONTEXT(2) 
PARAMETRIC_REPRESENTATION_CONTEXT() REPRESENTATION_CONTEXT('2D SPACE',''
  ) );
#8521 = PCURVE('',#8522,#8527);
#8522 = CYLINDRICAL_SURFACE('',#8523,0.8);
#8523 = AXIS2_PLACEMENT_3D('',#8524,#8525,#8526);
#8524 = CARTESIAN_POINT('',(-17.11827158602,20.971570844575,
    24.42447636289));
#8525 = DIRECTION('',(0.161931881734,-0.647727526938,-0.744464315145));
#8526 = DIRECTION('',(-0.970142500145,-0.242535625036,
    -1.949519121818E-18));
#8527 = DEFINITIONAL_REPRESENTATION('',(#8528),#8532);
#8528 = LINE('',#8529,#8530);
#8529 = CARTESIAN_POINT('',(-0.,0.));
#8530 = VECTOR('',#8531,1.);
#8531 = DIRECTION('',(-0.,1.));
#8532 = ( GEOMETRIC_REPRESENTATION_CONTEXT(2) 
PARAMETRIC_REPRESENTATION_CONTEXT() REPRESENTATION_CONTEXT('2D SPACE',''
  ) );
#8533 = ORIENTED_EDGE('',*,*,#8534,.T.);
#8534 = EDGE_CURVE('',#8507,#8535,#8537,.T.);
#8535 = VERTEX_POINT('',#8536);
#8536 = CARTESIAN_POINT('',(-17.6599816035,19.83992641401,
    21.518649685116));
#8537 = SURFACE_CURVE('',#8538,(#8542,#8549),.PCURVE_S1.);
#8538 = LINE('',#8539,#8540);
#8539 = CARTESIAN_POINT('',(-17.30658737182,18.426349487291,
    22.748544346623));
#8540 = VECTOR('',#8541,1.);
#8541 = DIRECTION('',(-0.18533769549,0.741350781959,-0.645018570833));
#8542 = PCURVE('',#5396,#8543);
#8543 = DEFINITIONAL_REPRESENTATION('',(#8544),#8548);
#8544 = LINE('',#8545,#8546);
#8545 = CARTESIAN_POINT('',(11.929845884471,-6.648544346623));
#8546 = VECTOR('',#8547,1.);
#8547 = DIRECTION('',(-0.764166894912,0.645018570833));
#8548 = ( GEOMETRIC_REPRESENTATION_CONTEXT(2) 
PARAMETRIC_REPRESENTATION_CONTEXT() REPRESENTATION_CONTEXT('2D SPACE',''
  ) );
#8549 = PCURVE('',#8550,#8555);
#8550 = CYLINDRICAL_SURFACE('',#8551,0.8);
#8551 = AXIS2_PLACEMENT_3D('',#8552,#8553,#8554);
#8552 = CARTESIAN_POINT('',(-16.5304733717,18.62037798732,
    22.748544346623));
#8553 = DIRECTION('',(-0.18533769549,0.741350781959,-0.645018570833));
#8554 = DIRECTION('',(1.537084008988E-17,-0.656390610635,-0.754421212765
    ));
#8555 = DEFINITIONAL_REPRESENTATION('',(#8556),#8560);
#8556 = LINE('',#8557,#8558);
#8557 = CARTESIAN_POINT('',(1.410917979042,0.));
#8558 = VECTOR('',#8559,1.);
#8559 = DIRECTION('',(0.,1.));
#8560 = ( GEOMETRIC_REPRESENTATION_CONTEXT(2) 
PARAMETRIC_REPRESENTATION_CONTEXT() REPRESENTATION_CONTEXT('2D SPACE',''
  ) );
#8561 = ORIENTED_EDGE('',*,*,#8562,.T.);
#8562 = EDGE_CURVE('',#8535,#5325,#8563,.T.);
#8563 = SURFACE_CURVE('',#8564,(#8591,#8621),.PCURVE_S1.);
#8564 = ( BOUNDED_CURVE() B_SPLINE_CURVE(9,(#8565,#8566,#8567,#8568,
    #8569,#8570,#8571,#8572,#8573,#8574,#8575,#8576,#8577,#8578,#8579,
    #8580,#8581,#8582,#8583,#8584,#8585,#8586,#8587,#8588,#8589,#8590),
.UNSPECIFIED.,.F.,.F.) B_SPLINE_CURVE_WITH_KNOTS((10,8,8,10),(
    1.906758529322,2.036213117836,15.349519975573,15.483947590028),
.UNSPECIFIED.) CURVE() GEOMETRIC_REPRESENTATION_ITEM() 
RATIONAL_B_SPLINE_CURVE((1.,1.,1.,1.,1.,1.,1.,1.,1.,1.,1.,1.,1.,1.,1.,1.
,1.,1.,1.,1.,1.,1.,1.,1.,1.,1.)) REPRESENTATION_ITEM('') );
#8565 = CARTESIAN_POINT('',(-17.6599816035,19.83992641401,
    21.518649685116));
#8566 = CARTESIAN_POINT('',(-17.66262786735,19.850511469433,
    21.509440067365));
#8567 = CARTESIAN_POINT('',(-17.6652726255,19.861090502001,
    21.50025096816));
#8568 = CARTESIAN_POINT('',(-17.66792835324,19.871713412998,
    21.491039066791));
#8569 = CARTESIAN_POINT('',(-17.6705818172,19.882327268826,
    21.481850371867));
#8570 = CARTESIAN_POINT('',(-17.67322840966,19.892913638639,
    21.472700843008));
#8571 = CARTESIAN_POINT('',(-17.67588189034,19.90352756139,
    21.463542565211));
#8572 = CARTESIAN_POINT('',(-17.67855953558,19.914238142323,
    21.454315475861));
#8573 = CARTESIAN_POINT('',(-17.68124269472,19.924970778889,
    21.445084644424));
#8574 = CARTESIAN_POINT('',(-17.94812156306,20.992486252274,
    20.529042545826));
#8575 = CARTESIAN_POINT('',(-18.23151565825,22.126062633003,
    19.712625528881));
#8576 = CARTESIAN_POINT('',(-18.53198643579,23.327945743167,
    18.993900912544));
#8577 = CARTESIAN_POINT('',(-18.8467357886,24.586943154404,
    18.379011483393));
#8578 = CARTESIAN_POINT('',(-19.17414708677,25.896588347113,
    17.873929714799));
#8579 = CARTESIAN_POINT('',(-19.50970193291,27.238807731666,
    17.481956959682));
#8580 = CARTESIAN_POINT('',(-19.85272614712,28.610904588507,
    17.206431811872));
#8581 = CARTESIAN_POINT('',(-20.19832522217,29.993300888692,
    17.048320482401));
#8582 = CARTESIAN_POINT('',(-20.54858594177,31.394343767082,
    17.007392362436));
#8583 = CARTESIAN_POINT('',(-20.55208736743,31.408349469746,
    17.006995225611));
#8584 = CARTESIAN_POINT('',(-20.55558890452,31.422355618103,
    17.00661008236));
#8585 = CARTESIAN_POINT('',(-20.55909055071,31.436362202848,
    17.006236933237));
#8586 = CARTESIAN_POINT('',(-20.56259230367,31.450369214679,
    17.005875778794));
#8587 = CARTESIAN_POINT('',(-20.56609416107,31.464376644294,
    17.005526619586));
#8588 = CARTESIAN_POINT('',(-20.56959612059,31.47838448239,
    17.005189456166));
#8589 = CARTESIAN_POINT('',(-20.57309817991,31.492392719663,
    17.004864289086));
#8590 = CARTESIAN_POINT('',(-20.5766003367,31.506401346812,
    17.004551118901));
#8591 = PCURVE('',#5396,#8592);
#8592 = DEFINITIONAL_REPRESENTATION('',(#8593),#8620);
#8593 = B_SPLINE_CURVE_WITH_KNOTS('',9,(#8594,#8595,#8596,#8597,#8598,
    #8599,#8600,#8601,#8602,#8603,#8604,#8605,#8606,#8607,#8608,#8609,
    #8610,#8611,#8612,#8613,#8614,#8615,#8616,#8617,#8618,#8619),
  .UNSPECIFIED.,.F.,.F.,(10,8,8,10),(1.906758529322,2.036213117836,
    15.349519975573,15.483947590028),.UNSPECIFIED.);
#8594 = CARTESIAN_POINT('',(10.472764139772,-5.418649685116));
#8595 = CARTESIAN_POINT('',(10.46185331438,-5.409440067364));
#8596 = CARTESIAN_POINT('',(10.450948697208,-5.400250968161));
#8597 = CARTESIAN_POINT('',(10.439998851181,-5.391039066789));
#8598 = CARTESIAN_POINT('',(10.42905833902,-5.381850371869));
#8599 = CARTESIAN_POINT('',(10.418146158779,-5.372700843006));
#8600 = CARTESIAN_POINT('',(10.407205577634,-5.363542565212));
#8601 = CARTESIAN_POINT('',(10.396165363506,-5.354315475861));
#8602 = CARTESIAN_POINT('',(10.385102414956,-5.345084644424));
#8603 = CARTESIAN_POINT('',(9.284732651519,-4.429042545826));
#8604 = CARTESIAN_POINT('',(8.116268863406,-3.612625528881));
#8605 = CARTESIAN_POINT('',(6.877396110194,-2.893900912544));
#8606 = CARTESIAN_POINT('',(5.579651282966,-2.279011483392));
#8607 = CARTESIAN_POINT('',(4.229699917561,-1.773929714799));
#8608 = CARTESIAN_POINT('',(2.846171843744,-1.381956959682));
#8609 = CARTESIAN_POINT('',(1.431846776412,-1.106431811872));
#8610 = CARTESIAN_POINT('',(6.905285879682E-03,-0.948320482401));
#8611 = CARTESIAN_POINT('',(-1.437256657525,-0.907392362436));
#8612 = CARTESIAN_POINT('',(-1.451693405387,-0.906995225611));
#8613 = CARTESIAN_POINT('',(-1.466130612657,-0.90661008236));
#8614 = CARTESIAN_POINT('',(-1.480568269747,-0.906236933237));
#8615 = CARTESIAN_POINT('',(-1.495006367067,-0.905875778794));
#8616 = CARTESIAN_POINT('',(-1.509444895028,-0.905526619586));
#8617 = CARTESIAN_POINT('',(-1.523883844042,-0.905189456165));
#8618 = CARTESIAN_POINT('',(-1.538323204518,-0.904864289086));
#8619 = CARTESIAN_POINT('',(-1.552762966869,-0.904551118901));
#8620 = ( GEOMETRIC_REPRESENTATION_CONTEXT(2) 
PARAMETRIC_REPRESENTATION_CONTEXT() REPRESENTATION_CONTEXT('2D SPACE',''
  ) );
#8621 = PCURVE('',#8406,#8622);
#8622 = DEFINITIONAL_REPRESENTATION('',(#8623),#8627);
#8623 = LINE('',#8624,#8625);
#8624 = CARTESIAN_POINT('',(13.577189060706,0.));
#8625 = VECTOR('',#8626,1.);
#8626 = DIRECTION('',(0.,1.));
#8627 = ( GEOMETRIC_REPRESENTATION_CONTEXT(2) 
PARAMETRIC_REPRESENTATION_CONTEXT() REPRESENTATION_CONTEXT('2D SPACE',''
  ) );
#8628 = ADVANCED_FACE('',(#8629),#5478,.T.);
#8629 = FACE_BOUND('',#8630,.F.);
#8630 = EDGE_LOOP('',(#8631,#8632,#8633,#8759,#8787,#8990));
#8631 = ORIENTED_EDGE('',*,*,#8361,.F.);
#8632 = ORIENTED_EDGE('',*,*,#5463,.F.);
#8633 = ORIENTED_EDGE('',*,*,#8634,.F.);
#8634 = EDGE_CURVE('',#8635,#5436,#8637,.T.);
#8635 = VERTEX_POINT('',#8636);
#8636 = CARTESIAN_POINT('',(-16.88386760338,19.508842425531,
    20.915112714903));
#8637 = SURFACE_CURVE('',#8638,(#8665,#8752),.PCURVE_S1.);
#8638 = ( BOUNDED_CURVE() B_SPLINE_CURVE(9,(#8639,#8640,#8641,#8642,
    #8643,#8644,#8645,#8646,#8647,#8648,#8649,#8650,#8651,#8652,#8653,
    #8654,#8655,#8656,#8657,#8658,#8659,#8660,#8661,#8662,#8663,#8664),
.UNSPECIFIED.,.F.,.F.) B_SPLINE_CURVE_WITH_KNOTS((10,8,8,10),(
    1.906758529322,2.036213117836,15.349519975573,15.483947590028),
.UNSPECIFIED.) CURVE() GEOMETRIC_REPRESENTATION_ITEM() 
RATIONAL_B_SPLINE_CURVE((1.,1.,1.,1.,1.,1.,1.,1.,1.,1.,1.,1.,1.,1.,1.,1.
,1.,1.,1.,1.,1.,1.,1.,1.,1.,1.)) REPRESENTATION_ITEM('') );
#8639 = CARTESIAN_POINT('',(-16.88386760338,19.508842425531,
    20.915112714903));
#8640 = CARTESIAN_POINT('',(-16.88640724111,19.519442652556,
    20.90588989697));
#8641 = CARTESIAN_POINT('',(-16.88894919706,19.530052358813,
    20.896674208628));
#8642 = CARTESIAN_POINT('',(-16.89149165566,19.54066351387,
    20.887472477483));
#8643 = CARTESIAN_POINT('',(-16.89403654603,19.551284635918,
    20.878277444262));
#8644 = CARTESIAN_POINT('',(-16.89658453087,19.561918692961,
    20.869086600635));
#8645 = CARTESIAN_POINT('',(-16.89913359175,19.572556828754,
    20.859907519547));
#8646 = CARTESIAN_POINT('',(-16.90168121076,19.583187913548,
    20.850749678034));
#8647 = CARTESIAN_POINT('',(-16.90423014865,19.593823919575,
    20.841602772555));
#8648 = CARTESIAN_POINT('',(-17.17086097988,20.706714457168,
    19.886131414405));
#8649 = CARTESIAN_POINT('',(-17.45417218148,21.88923126323,
    19.033826654465));
#8650 = CARTESIAN_POINT('',(-17.75447755066,23.142681181791,
    18.283626874008));
#8651 = CARTESIAN_POINT('',(-18.06926390167,24.456570606888,
    17.641785294976));
#8652 = CARTESIAN_POINT('',(-18.39624515267,25.821365229617,
    17.114240295801));
#8653 = CARTESIAN_POINT('',(-18.73210724732,27.223224275265,
    16.704893513204));
#8654 = CARTESIAN_POINT('',(-19.074666277,28.653039198251,
    16.416798773906));
#8655 = CARTESIAN_POINT('',(-19.42047544926,30.096418888903,
    16.251278280804));
#8656 = CARTESIAN_POINT('',(-19.77053685753,31.557547677992,
    16.207988546157));
#8657 = CARTESIAN_POINT('',(-19.77403625423,31.572153884691,
    16.207568315757));
#8658 = CARTESIAN_POINT('',(-19.77753572547,31.586760402658,
    16.207160592373));
#8659 = CARTESIAN_POINT('',(-19.78103526867,31.601367221041,
    16.20676537616));
#8660 = CARTESIAN_POINT('',(-19.78453488121,31.615974328986,
    16.206382667276));
#8661 = CARTESIAN_POINT('',(-19.78803456051,31.63058171564,
    16.206012465877));
#8662 = CARTESIAN_POINT('',(-19.79153430394,31.64518937015,
    16.20565477212));
#8663 = CARTESIAN_POINT('',(-19.79503410893,31.659797281663,
    16.205309586161));
#8664 = CARTESIAN_POINT('',(-19.79853397286,31.674405439326,
    16.204976908156));
#8665 = PCURVE('',#5478,#8666);
#8666 = DEFINITIONAL_REPRESENTATION('',(#8667),#8751);
#8667 = B_SPLINE_CURVE_WITH_KNOTS('',10,(#8668,#8669,#8670,#8671,#8672,
    #8673,#8674,#8675,#8676,#8677,#8678,#8679,#8680,#8681,#8682,#8683,
    #8684,#8685,#8686,#8687,#8688,#8689,#8690,#8691,#8692,#8693,#8694,
    #8695,#8696,#8697,#8698,#8699,#8700,#8701,#8702,#8703,#8704,#8705,
    #8706,#8707,#8708,#8709,#8710,#8711,#8712,#8713,#8714,#8715,#8716,
    #8717,#8718,#8719,#8720,#8721,#8722,#8723,#8724,#8725,#8726,#8727,
    #8728,#8729,#8730,#8731,#8732,#8733,#8734,#8735,#8736,#8737,#8738,
    #8739,#8740,#8741,#8742,#8743,#8744,#8745,#8746,#8747,#8748,#8749,
    #8750),.UNSPECIFIED.,.F.,.F.,(11,9,9,9,9,9,9,9,9,11),(1.906758529322
    ,1.999516000248,2.045894735712,2.092273471175,2.277788413028,
    2.648818296735,3.390878064149,4.874997598976,7.84323666863,
    13.779714807937),.UNSPECIFIED.);
#8668 = CARTESIAN_POINT('',(-3.996364553135,-3.316132396614));
#8669 = CARTESIAN_POINT('',(-3.996836479246,-3.314494653698));
#8670 = CARTESIAN_POINT('',(-3.997308396018,-3.3128561651));
#8671 = CARTESIAN_POINT('',(-3.997780311541,-3.311216902803));
#8672 = CARTESIAN_POINT('',(-3.998252223612,-3.309576874834));
#8673 = CARTESIAN_POINT('',(-3.998724123552,-3.307936111787));
#8674 = CARTESIAN_POINT('',(-3.999196000041,-3.30629465335));
#8675 = CARTESIAN_POINT('',(-3.999667842927,-3.304652534822));
#8676 = CARTESIAN_POINT('',(-4.000139647065,-3.303009773645));
#8677 = CARTESIAN_POINT('',(-4.000611416126,-3.301366355924));
#8678 = CARTESIAN_POINT('',(-4.001319041582,-3.298900156462));
#8679 = CARTESIAN_POINT('',(-4.00155481692,-3.298078230082));
#8680 = CARTESIAN_POINT('',(-4.001791386187,-3.29725345153));
#8681 = CARTESIAN_POINT('',(-4.002025595574,-3.296436380997));
#8682 = CARTESIAN_POINT('',(-4.002264475637,-3.295603475725));
#8683 = CARTESIAN_POINT('',(-4.002498297521,-3.294787322854));
#8684 = CARTESIAN_POINT('',(-4.002735584765,-3.293959361534));
#8685 = CARTESIAN_POINT('',(-4.002973452236,-3.293129285045));
#8686 = CARTESIAN_POINT('',(-4.00321048761,-3.292301802152));
#8687 = CARTESIAN_POINT('',(-4.003684911972,-3.290645279476));
#8688 = CARTESIAN_POINT('',(-4.003922124023,-3.289816831374));
#8689 = CARTESIAN_POINT('',(-4.004159335944,-3.288988196576));
#8690 = CARTESIAN_POINT('',(-4.004396547734,-3.288159375147));
#8691 = CARTESIAN_POINT('',(-4.004633759392,-3.287330367154));
#8692 = CARTESIAN_POINT('',(-4.004870970918,-3.286501172665));
#8693 = CARTESIAN_POINT('',(-4.005108182312,-3.285671791745));
#8694 = CARTESIAN_POINT('',(-4.005345393572,-3.284842224462));
#8695 = CARTESIAN_POINT('',(-4.005582604699,-3.284012470881));
#8696 = CARTESIAN_POINT('',(-4.006768659663,-3.279862771828));
#8697 = CARTESIAN_POINT('',(-4.007717501494,-3.276540032853));
#8698 = CARTESIAN_POINT('',(-4.00866634115,-3.273214318449));
#8699 = CARTESIAN_POINT('',(-4.009615178596,-3.26988563292));
#8700 = CARTESIAN_POINT('',(-4.010564013795,-3.266553980565));
#8701 = CARTESIAN_POINT('',(-4.011512846714,-3.263219365692));
#8702 = CARTESIAN_POINT('',(-4.012461677314,-3.2598817926));
#8703 = CARTESIAN_POINT('',(-4.013410505562,-3.256541265594));
#8704 = CARTESIAN_POINT('',(-4.014359331422,-3.253197788976));
#8705 = CARTESIAN_POINT('',(-4.017205801731,-3.243158523197));
#8706 = CARTESIAN_POINT('',(-4.019103438841,-3.236453898037));
#8707 = CARTESIAN_POINT('',(-4.021001065921,-3.22973752643));
#8708 = CARTESIAN_POINT('',(-4.022898682703,-3.223009443235));
#8709 = CARTESIAN_POINT('',(-4.024796288921,-3.216269683314));
#8710 = CARTESIAN_POINT('',(-4.026693884307,-3.209518281522));
#8711 = CARTESIAN_POINT('',(-4.028591468594,-3.202755272724));
#8712 = CARTESIAN_POINT('',(-4.030489041514,-3.195980691777));
#8713 = CARTESIAN_POINT('',(-4.032386602801,-3.189194573541));
#8714 = CARTESIAN_POINT('',(-4.038079250959,-3.168801711545));
#8715 = CARTESIAN_POINT('',(-4.041874301812,-3.15516045737));
#8716 = CARTESIAN_POINT('',(-4.045669303228,-3.141473474009));
#8717 = CARTESIAN_POINT('',(-4.0494642537,-3.127741045127));
#8718 = CARTESIAN_POINT('',(-4.053259151701,-3.113963454376));
#8719 = CARTESIAN_POINT('',(-4.05705399573,-3.100140985427));
#8720 = CARTESIAN_POINT('',(-4.06084878426,-3.086273921931));
#8721 = CARTESIAN_POINT('',(-4.064643515785,-3.072362547555));
#8722 = CARTESIAN_POINT('',(-4.068438188784,-3.058407145957));
#8723 = CARTESIAN_POINT('',(-4.07982202767,-3.016409710477));
#8724 = CARTESIAN_POINT('',(-4.087411010755,-2.988236398718));
#8725 = CARTESIAN_POINT('',(-4.094999745527,-2.95989040586));
#8726 = CARTESIAN_POINT('',(-4.102588226525,-2.931374072253));
#8727 = CARTESIAN_POINT('',(-4.110176448262,-2.902689738231));
#8728 = CARTESIAN_POINT('',(-4.11776440529,-2.873839744147));
#8729 = CARTESIAN_POINT('',(-4.125352092116,-2.844826430336));
#8730 = CARTESIAN_POINT('',(-4.132939503288,-2.815652137148));
#8731 = CARTESIAN_POINT('',(-4.140526633325,-2.786319204923));
#8732 = CARTESIAN_POINT('',(-4.163287163633,-2.69785151217));
#8733 = CARTESIAN_POINT('',(-4.178459713501,-2.638248102622));
#8734 = CARTESIAN_POINT('',(-4.193631109558,-2.578038869992));
#8735 = CARTESIAN_POINT('',(-4.208801331804,-2.517243172387));
#8736 = CARTESIAN_POINT('',(-4.223970357041,-2.455880601403));
#8737 = CARTESIAN_POINT('',(-4.239138158885,-2.393970982111));
#8738 = CARTESIAN_POINT('',(-4.254304707745,-2.331534373068));
#8739 = CARTESIAN_POINT('',(-4.269469970849,-2.26859106631));
#8740 = CARTESIAN_POINT('',(-4.284633912221,-2.205161587358));
#8741 = CARTESIAN_POINT('',(-4.330121653644,-2.013476910916));
#8742 = CARTESIAN_POINT('',(-4.360441413493,-1.883825154686));
#8743 = CARTESIAN_POINT('',(-4.390755302123,-1.752477819833));
#8744 = CARTESIAN_POINT('',(-4.421063052063,-1.619603352844));
#8745 = CARTESIAN_POINT('',(-4.451364437119,-1.485372585223));
#8746 = CARTESIAN_POINT('',(-4.481659175267,-1.349958769601));
#8747 = CARTESIAN_POINT('',(-4.511946895718,-1.21353732012));
#8748 = CARTESIAN_POINT('',(-4.542227170245,-1.076285257076));
#8749 = CARTESIAN_POINT('',(-4.572499608694,-0.938380355832));
#8750 = CARTESIAN_POINT('',(-4.602764018744,-0.8));
#8751 = ( GEOMETRIC_REPRESENTATION_CONTEXT(2) 
PARAMETRIC_REPRESENTATION_CONTEXT() REPRESENTATION_CONTEXT('2D SPACE',''
  ) );
#8752 = PCURVE('',#8406,#8753);
#8753 = DEFINITIONAL_REPRESENTATION('',(#8754),#8758);
#8754 = LINE('',#8755,#8756);
#8755 = CARTESIAN_POINT('',(0.,0.));
#8756 = VECTOR('',#8757,1.);
#8757 = DIRECTION('',(0.,1.));
#8758 = ( GEOMETRIC_REPRESENTATION_CONTEXT(2) 
PARAMETRIC_REPRESENTATION_CONTEXT() REPRESENTATION_CONTEXT('2D SPACE',''
  ) );
#8759 = ORIENTED_EDGE('',*,*,#8760,.T.);
#8760 = EDGE_CURVE('',#8635,#8761,#8763,.T.);
#8761 = VERTEX_POINT('',#8762);
#8762 = CARTESIAN_POINT('',(16.883867603386,19.508842425531,
    20.915112714903));
#8763 = SURFACE_CURVE('',#8764,(#8768,#8775),.PCURVE_S1.);
#8764 = LINE('',#8765,#8766);
#8765 = CARTESIAN_POINT('',(-20.2,19.508842425531,20.915112714903));
#8766 = VECTOR('',#8767,1.);
#8767 = DIRECTION('',(1.,0.,0.));
#8768 = PCURVE('',#5478,#8769);
#8769 = DEFINITIONAL_REPRESENTATION('',(#8770),#8774);
#8770 = LINE('',#8771,#8772);
#8771 = CARTESIAN_POINT('',(-3.996364553135,0.));
#8772 = VECTOR('',#8773,1.);
#8773 = DIRECTION('',(-0.,-1.));
#8774 = ( GEOMETRIC_REPRESENTATION_CONTEXT(2) 
PARAMETRIC_REPRESENTATION_CONTEXT() REPRESENTATION_CONTEXT('2D SPACE',''
  ) );
#8775 = PCURVE('',#8776,#8781);
#8776 = PLANE('',#8777);
#8777 = AXIS2_PLACEMENT_3D('',#8778,#8779,#8780);
#8778 = CARTESIAN_POINT('',(-20.2,18.,22.227893936173));
#8779 = DIRECTION('',(-0.,0.656390610635,0.754421212765));
#8780 = DIRECTION('',(0.,0.754421212765,-0.656390610635));
#8781 = DEFINITIONAL_REPRESENTATION('',(#8782),#8786);
#8782 = LINE('',#8783,#8784);
#8783 = CARTESIAN_POINT('',(2.,0.));
#8784 = VECTOR('',#8785,1.);
#8785 = DIRECTION('',(0.,-1.));
#8786 = ( GEOMETRIC_REPRESENTATION_CONTEXT(2) 
PARAMETRIC_REPRESENTATION_CONTEXT() REPRESENTATION_CONTEXT('2D SPACE',''
  ) );
#8787 = ORIENTED_EDGE('',*,*,#8788,.T.);
#8788 = EDGE_CURVE('',#8761,#5874,#8789,.T.);
#8789 = SURFACE_CURVE('',#8790,(#8817,#8904),.PCURVE_S1.);
#8790 = ( BOUNDED_CURVE() B_SPLINE_CURVE(9,(#8791,#8792,#8793,#8794,
    #8795,#8796,#8797,#8798,#8799,#8800,#8801,#8802,#8803,#8804,#8805,
    #8806,#8807,#8808,#8809,#8810,#8811,#8812,#8813,#8814,#8815,#8816),
.UNSPECIFIED.,.F.,.F.) B_SPLINE_CURVE_WITH_KNOTS((10,8,8,10),(
    1.906758529322,2.036213117836,15.349519975577,15.483947590028),
.UNSPECIFIED.) CURVE() GEOMETRIC_REPRESENTATION_ITEM() 
RATIONAL_B_SPLINE_CURVE((1.,1.,1.,1.,1.,1.,1.,1.,1.,1.,1.,1.,1.,1.,1.,1.
,1.,1.,1.,1.,1.,1.,1.,1.,1.,1.)) REPRESENTATION_ITEM('') );
#8791 = CARTESIAN_POINT('',(16.883867603386,19.508842425531,
    20.915112714903));
#8792 = CARTESIAN_POINT('',(16.886407241111,19.519442652557,
    20.90588989697));
#8793 = CARTESIAN_POINT('',(16.888949197067,19.530052358813,
    20.896674208628));
#8794 = CARTESIAN_POINT('',(16.891491655664,19.54066351387,
    20.887472477483));
#8795 = CARTESIAN_POINT('',(16.894036546031,19.551284635918,
    20.878277444262));
#8796 = CARTESIAN_POINT('',(16.896584530875,19.561918692961,
    20.869086600635));
#8797 = CARTESIAN_POINT('',(16.899133591753,19.572556828754,
    20.859907519547));
#8798 = CARTESIAN_POINT('',(16.901681210765,19.583187913548,
    20.850749678034));
#8799 = CARTESIAN_POINT('',(16.904230148657,19.593823919575,
    20.841602772555));
#8800 = CARTESIAN_POINT('',(17.170860979882,20.706714457168,
    19.886131414406));
#8801 = CARTESIAN_POINT('',(17.454172181486,21.889231263231,
    19.033826654464));
#8802 = CARTESIAN_POINT('',(17.754477550666,23.142681181787,
    18.28362687401));
#8803 = CARTESIAN_POINT('',(18.069263901676,24.456570606894,
    17.641785294974));
#8804 = CARTESIAN_POINT('',(18.396245152676,25.821365229611,
    17.114240295803));
#8805 = CARTESIAN_POINT('',(18.732107247325,27.223224275267,
    16.704893513203));
#8806 = CARTESIAN_POINT('',(19.074666277006,28.653039198249,
    16.416798773907));
#8807 = CARTESIAN_POINT('',(19.420475449262,30.096418888903,
    16.251278280804));
#8808 = CARTESIAN_POINT('',(19.770536857538,31.557547677992,
    16.207988546157));
#8809 = CARTESIAN_POINT('',(19.774036254232,31.57215388469,
    16.207568315757));
#8810 = CARTESIAN_POINT('',(19.777535725478,31.586760402657,
    16.207160592373));
#8811 = CARTESIAN_POINT('',(19.781035268673,31.601367221039,
    16.20676537616));
#8812 = CARTESIAN_POINT('',(19.784534881218,31.615974328983,
    16.206382667276));
#8813 = CARTESIAN_POINT('',(19.78803456051,31.630581715637,
    16.206012465878));
#8814 = CARTESIAN_POINT('',(19.791534303949,31.645189370147,
    16.20565477212));
#8815 = CARTESIAN_POINT('',(19.795034108932,31.65979728166,
    16.205309586161));
#8816 = CARTESIAN_POINT('',(19.798533972859,31.674405439322,
    16.204976908156));
#8817 = PCURVE('',#5478,#8818);
#8818 = DEFINITIONAL_REPRESENTATION('',(#8819),#8903);
#8819 = B_SPLINE_CURVE_WITH_KNOTS('',10,(#8820,#8821,#8822,#8823,#8824,
    #8825,#8826,#8827,#8828,#8829,#8830,#8831,#8832,#8833,#8834,#8835,
    #8836,#8837,#8838,#8839,#8840,#8841,#8842,#8843,#8844,#8845,#8846,
    #8847,#8848,#8849,#8850,#8851,#8852,#8853,#8854,#8855,#8856,#8857,
    #8858,#8859,#8860,#8861,#8862,#8863,#8864,#8865,#8866,#8867,#8868,
    #8869,#8870,#8871,#8872,#8873,#8874,#8875,#8876,#8877,#8878,#8879,
    #8880,#8881,#8882,#8883,#8884,#8885,#8886,#8887,#8888,#8889,#8890,
    #8891,#8892,#8893,#8894,#8895,#8896,#8897,#8898,#8899,#8900,#8901,
    #8902),.UNSPECIFIED.,.F.,.F.,(11,9,9,9,9,9,9,9,9,11),(1.906758529322
    ,1.999516000248,2.045894735712,2.092273471175,2.277788413029,
    2.648818296735,3.390878064149,4.874997598977,7.843236668631,
    13.779714807941),.UNSPECIFIED.);
#8820 = CARTESIAN_POINT('',(-3.996364553135,-37.08386760338));
#8821 = CARTESIAN_POINT('',(-3.996836479246,-37.0855053463));
#8822 = CARTESIAN_POINT('',(-3.997308396018,-37.08714383489));
#8823 = CARTESIAN_POINT('',(-3.997780311542,-37.0887830972));
#8824 = CARTESIAN_POINT('',(-3.998252223611,-37.09042312515));
#8825 = CARTESIAN_POINT('',(-3.998724123553,-37.09206388822));
#8826 = CARTESIAN_POINT('',(-3.99919600004,-37.09370534664));
#8827 = CARTESIAN_POINT('',(-3.999667842927,-37.09534746518));
#8828 = CARTESIAN_POINT('',(-4.000139647065,-37.09699022635));
#8829 = CARTESIAN_POINT('',(-4.000611416126,-37.09863364407));
#8830 = CARTESIAN_POINT('',(-4.001319041582,-37.10109984353));
#8831 = CARTESIAN_POINT('',(-4.001554816919,-37.10192176991));
#8832 = CARTESIAN_POINT('',(-4.001791386187,-37.10274654846));
#8833 = CARTESIAN_POINT('',(-4.002025595574,-37.103563619));
#8834 = CARTESIAN_POINT('',(-4.002264475636,-37.10439652426));
#8835 = CARTESIAN_POINT('',(-4.002498297521,-37.10521267715));
#8836 = CARTESIAN_POINT('',(-4.002735584764,-37.10604063846));
#8837 = CARTESIAN_POINT('',(-4.002973452235,-37.10687071495));
#8838 = CARTESIAN_POINT('',(-4.00321048761,-37.10769819784));
#8839 = CARTESIAN_POINT('',(-4.003684911972,-37.10935472052));
#8840 = CARTESIAN_POINT('',(-4.003922124023,-37.11018316861));
#8841 = CARTESIAN_POINT('',(-4.004159335945,-37.11101180343));
#8842 = CARTESIAN_POINT('',(-4.004396547732,-37.11184062483));
#8843 = CARTESIAN_POINT('',(-4.004633759393,-37.11266963286));
#8844 = CARTESIAN_POINT('',(-4.004870970917,-37.11349882731));
#8845 = CARTESIAN_POINT('',(-4.005108182312,-37.11432820826));
#8846 = CARTESIAN_POINT('',(-4.005345393571,-37.11515777553));
#8847 = CARTESIAN_POINT('',(-4.005582604699,-37.11598752911));
#8848 = CARTESIAN_POINT('',(-4.006768659662,-37.12013722817));
#8849 = CARTESIAN_POINT('',(-4.007717501494,-37.12345996715));
#8850 = CARTESIAN_POINT('',(-4.00866634115,-37.12678568154));
#8851 = CARTESIAN_POINT('',(-4.009615178597,-37.13011436709));
#8852 = CARTESIAN_POINT('',(-4.010564013795,-37.13344601941));
#8853 = CARTESIAN_POINT('',(-4.011512846714,-37.13678063432));
#8854 = CARTESIAN_POINT('',(-4.012461677314,-37.14011820739));
#8855 = CARTESIAN_POINT('',(-4.013410505562,-37.1434587344));
#8856 = CARTESIAN_POINT('',(-4.014359331422,-37.14680221102));
#8857 = CARTESIAN_POINT('',(-4.017205801731,-37.1568414768));
#8858 = CARTESIAN_POINT('',(-4.01910343884,-37.16354610196));
#8859 = CARTESIAN_POINT('',(-4.021001065921,-37.17026247357));
#8860 = CARTESIAN_POINT('',(-4.022898682702,-37.17699055675));
#8861 = CARTESIAN_POINT('',(-4.024796288922,-37.18373031669));
#8862 = CARTESIAN_POINT('',(-4.026693884306,-37.19048171847));
#8863 = CARTESIAN_POINT('',(-4.028591468594,-37.19724472727));
#8864 = CARTESIAN_POINT('',(-4.030489041514,-37.20401930822));
#8865 = CARTESIAN_POINT('',(-4.032386602801,-37.21080542645));
#8866 = CARTESIAN_POINT('',(-4.038079250959,-37.23119828845));
#8867 = CARTESIAN_POINT('',(-4.041874301811,-37.24483954263));
#8868 = CARTESIAN_POINT('',(-4.045669303229,-37.25852652598));
#8869 = CARTESIAN_POINT('',(-4.049464253698,-37.27225895487));
#8870 = CARTESIAN_POINT('',(-4.053259151703,-37.28603654562));
#8871 = CARTESIAN_POINT('',(-4.057053995728,-37.29985901457));
#8872 = CARTESIAN_POINT('',(-4.060848784261,-37.31372607806));
#8873 = CARTESIAN_POINT('',(-4.064643515784,-37.32763745244));
#8874 = CARTESIAN_POINT('',(-4.068438188784,-37.34159285404));
#8875 = CARTESIAN_POINT('',(-4.07982202767,-37.38359028952));
#8876 = CARTESIAN_POINT('',(-4.087411010755,-37.41176360128));
#8877 = CARTESIAN_POINT('',(-4.094999745528,-37.44010959414));
#8878 = CARTESIAN_POINT('',(-4.102588226523,-37.46862592774));
#8879 = CARTESIAN_POINT('',(-4.110176448264,-37.49731026176));
#8880 = CARTESIAN_POINT('',(-4.117764405288,-37.52616025585));
#8881 = CARTESIAN_POINT('',(-4.125352092117,-37.55517356966));
#8882 = CARTESIAN_POINT('',(-4.132939503288,-37.58434786285));
#8883 = CARTESIAN_POINT('',(-4.140526633325,-37.61368079507));
#8884 = CARTESIAN_POINT('',(-4.163287163633,-37.70214848783));
#8885 = CARTESIAN_POINT('',(-4.178459713501,-37.76175189738));
#8886 = CARTESIAN_POINT('',(-4.193631109558,-37.82196113));
#8887 = CARTESIAN_POINT('',(-4.208801331805,-37.88275682762));
#8888 = CARTESIAN_POINT('',(-4.223970357041,-37.94411939858));
#8889 = CARTESIAN_POINT('',(-4.239138158885,-38.00602901789));
#8890 = CARTESIAN_POINT('',(-4.254304707745,-38.06846562692));
#8891 = CARTESIAN_POINT('',(-4.269469970849,-38.13140893369));
#8892 = CARTESIAN_POINT('',(-4.284633912221,-38.19483841264));
#8893 = CARTESIAN_POINT('',(-4.330121653644,-38.38652308908));
#8894 = CARTESIAN_POINT('',(-4.360441413493,-38.51617484531));
#8895 = CARTESIAN_POINT('',(-4.390755302123,-38.64752218016));
#8896 = CARTESIAN_POINT('',(-4.421063052063,-38.78039664716));
#8897 = CARTESIAN_POINT('',(-4.451364437118,-38.91462741476));
#8898 = CARTESIAN_POINT('',(-4.481659175268,-39.0500412304));
#8899 = CARTESIAN_POINT('',(-4.511946895718,-39.18646267987));
#8900 = CARTESIAN_POINT('',(-4.542227170245,-39.32371474292));
#8901 = CARTESIAN_POINT('',(-4.572499608694,-39.46161964416));
#8902 = CARTESIAN_POINT('',(-4.602764018744,-39.6));
#8903 = ( GEOMETRIC_REPRESENTATION_CONTEXT(2) 
PARAMETRIC_REPRESENTATION_CONTEXT() REPRESENTATION_CONTEXT('2D SPACE',''
  ) );
#8904 = PCURVE('',#8905,#8984);
#8905 = ( BOUNDED_SURFACE() B_SPLINE_SURFACE(2,9,(
    (#8906,#8907,#8908,#8909,#8910,#8911,#8912,#8913,#8914,#8915,#8916
      ,#8917,#8918,#8919,#8920,#8921,#8922,#8923,#8924,#8925,#8926,#8927
      ,#8928,#8929,#8930,#8931)
    ,(#8932,#8933,#8934,#8935,#8936,#8937,#8938,#8939,#8940,#8941,#8942
      ,#8943,#8944,#8945,#8946,#8947,#8948,#8949,#8950,#8951,#8952,#8953
      ,#8954,#8955,#8956,#8957)
    ,(#8958,#8959,#8960,#8961,#8962,#8963,#8964,#8965,#8966,#8967,#8968
      ,#8969,#8970,#8971,#8972,#8973,#8974,#8975,#8976,#8977,#8978,#8979
      ,#8980,#8981,#8982,#8983
)),.UNSPECIFIED.,.F.,.F.,.F.) B_SPLINE_SURFACE_WITH_KNOTS((3,3),(10,8,8,
    10),(0.,13.577189060706),(1.906758529322,2.036213117836,
    15.349519975577,15.483947590028),.UNSPECIFIED.) 
GEOMETRIC_REPRESENTATION_ITEM() RATIONAL_B_SPLINE_SURFACE((
    (1.,1.,1.,1.,1.,1.,1.,1.,1.,1.,1.,1.,1.,1.,1.,1.,1.,1.,1.,1.,1.,1.
      ,1.,1.,1.,1.)
    ,(0.761314030811,0.761270059881,0.761226065537,0.761182124308
      ,0.761138156322,0.761094129969,0.761050123198,0.761006241436
      ,0.760962392132,0.756343915604,0.751405179769,0.746132515198
      ,0.74056185603,0.734723954052,0.728671736193,0.722437143852
      ,0.716079340548,0.709576793063,0.709511783494,0.709446765828
      ,0.709381740111,0.709316706388,0.709251664704,0.709186615104
      ,0.709121557632,0.709056492335)
    ,(1.,1.,1.,1.,1.,1.,1.,1.,1.,1.,1.,1.,1.,1.,1.,1.,1.,1.,1.,1.,1.,1.
,1.,1.,1.,1.))) REPRESENTATION_ITEM('') SURFACE() );
#8906 = CARTESIAN_POINT('',(16.883867603386,19.508842425531,
    20.915112714903));
#8907 = CARTESIAN_POINT('',(16.886407241111,19.519442652557,
    20.90588989697));
#8908 = CARTESIAN_POINT('',(16.888949197067,19.530052358813,
    20.896674208628));
#8909 = CARTESIAN_POINT('',(16.891491655664,19.54066351387,
    20.887472477483));
#8910 = CARTESIAN_POINT('',(16.894036546031,19.551284635918,
    20.878277444262));
#8911 = CARTESIAN_POINT('',(16.896584530875,19.561918692961,
    20.869086600635));
#8912 = CARTESIAN_POINT('',(16.899133591753,19.572556828754,
    20.859907519547));
#8913 = CARTESIAN_POINT('',(16.901681210765,19.583187913548,
    20.850749678034));
#8914 = CARTESIAN_POINT('',(16.904230148657,19.593823919575,
    20.841602772555));
#8915 = CARTESIAN_POINT('',(17.170860979882,20.706714457168,
    19.886131414406));
#8916 = CARTESIAN_POINT('',(17.454172181486,21.889231263231,
    19.033826654464));
#8917 = CARTESIAN_POINT('',(17.754477550666,23.142681181787,
    18.28362687401));
#8918 = CARTESIAN_POINT('',(18.069263901676,24.456570606894,
    17.641785294974));
#8919 = CARTESIAN_POINT('',(18.396245152676,25.821365229611,
    17.114240295803));
#8920 = CARTESIAN_POINT('',(18.732107247325,27.223224275267,
    16.704893513203));
#8921 = CARTESIAN_POINT('',(19.074666277006,28.653039198249,
    16.416798773907));
#8922 = CARTESIAN_POINT('',(19.420475449262,30.096418888903,
    16.251278280804));
#8923 = CARTESIAN_POINT('',(19.770536857538,31.557547677992,
    16.207988546157));
#8924 = CARTESIAN_POINT('',(19.774036254232,31.57215388469,
    16.207568315757));
#8925 = CARTESIAN_POINT('',(19.777535725478,31.586760402657,
    16.207160592373));
#8926 = CARTESIAN_POINT('',(19.781035268673,31.601367221039,
    16.20676537616));
#8927 = CARTESIAN_POINT('',(19.784534881218,31.615974328983,
    16.206382667276));
#8928 = CARTESIAN_POINT('',(19.78803456051,31.630581715637,
    16.206012465878));
#8929 = CARTESIAN_POINT('',(19.791534303949,31.645189370147,
    16.20565477212));
#8930 = CARTESIAN_POINT('',(19.795034108932,31.65979728166,
    16.205309586161));
#8931 = CARTESIAN_POINT('',(19.798533972859,31.674405439322,
    16.204976908156));
#8932 = CARTESIAN_POINT('',(17.55339423168,19.413576926719,
    20.997999274665));
#8933 = CARTESIAN_POINT('',(17.556026004072,19.424104016287,
    20.988717591474));
#8934 = CARTESIAN_POINT('',(17.558659569324,19.434638277294,
    20.979444946606));
#8935 = CARTESIAN_POINT('',(17.561294920888,19.445179683552,
    20.970181451252));
#8936 = CARTESIAN_POINT('',(17.563932064238,19.455728256952,
    20.960926987622));
#8937 = CARTESIAN_POINT('',(17.566571003206,19.466284012824,
    20.951681506826));
#8938 = CARTESIAN_POINT('',(17.569211732652,19.476846930607,
    20.942445125263));
#8939 = CARTESIAN_POINT('',(17.571854240964,19.487416963858,
    20.933218007181));
#8940 = CARTESIAN_POINT('',(17.574498525854,19.497994103416,
    20.924000021202));
#8941 = CARTESIAN_POINT('',(17.850935397595,20.603741590382,
    19.961850230619));
#8942 = CARTESIAN_POINT('',(18.144878990515,21.779515962059,
    19.102516407207));
#8943 = CARTESIAN_POINT('',(18.456499839717,23.025999358866,
    18.345203449227));
#8944 = CARTESIAN_POINT('',(18.78303346735,24.332133869402,
    17.696339377106));
#8945 = CARTESIAN_POINT('',(19.121859006747,25.68743602699,
    17.161675768336));
#8946 = CARTESIAN_POINT('',(19.469479523772,27.077918095087,
    16.744606161649));
#8947 = CARTESIAN_POINT('',(19.823479440901,28.493917763602,
    16.447477108378));
#8948 = CARTESIAN_POINT('',(20.180361913044,29.921447652178,
    16.270847770308));
#8949 = CARTESIAN_POINT('',(20.54127077375,31.365083095,16.213544224192)
  );
#8950 = CARTESIAN_POINT('',(20.544911310152,31.379645240609,
    16.21297865012));
#8951 = CARTESIAN_POINT('',(20.548551898363,31.39420759345,
    16.212425521525));
#8952 = CARTESIAN_POINT('',(20.552192535632,31.408770142526,
    16.211884838005));
#8953 = CARTESIAN_POINT('',(20.555833219207,31.423332876829,
    16.21135659917));
#8954 = CARTESIAN_POINT('',(20.559473946337,31.437895785346,
    16.210840804618));
#8955 = CARTESIAN_POINT('',(20.563114714264,31.452458857055,
    16.21033745396));
#8956 = CARTESIAN_POINT('',(20.566755520232,31.467022080927,
    16.209846546799));
#8957 = CARTESIAN_POINT('',(20.570396361481,31.481585445924,
    16.209368082744));
#8958 = CARTESIAN_POINT('',(17.659981603502,19.83992641401,
    21.518649685116));
#8959 = CARTESIAN_POINT('',(17.662627867358,19.850511469433,
    21.509440067365));
#8960 = CARTESIAN_POINT('',(17.6652726255,19.861090502001,21.50025096816
    ));
#8961 = CARTESIAN_POINT('',(17.66792835325,19.871713412998,
    21.491039066791));
#8962 = CARTESIAN_POINT('',(17.670581817206,19.882327268826,
    21.481850371867));
#8963 = CARTESIAN_POINT('',(17.67322840966,19.892913638639,
    21.472700843008));
#8964 = CARTESIAN_POINT('',(17.675881890347,19.903527561389,
    21.46354256521));
#8965 = CARTESIAN_POINT('',(17.678559535581,19.914238142323,
    21.454315475861));
#8966 = CARTESIAN_POINT('',(17.681242694722,19.924970778889,
    21.445084644424));
#8967 = CARTESIAN_POINT('',(17.948121563069,20.992486252275,
    20.529042545825));
#8968 = CARTESIAN_POINT('',(18.23151565825,22.126062633001,
    19.712625528883));
#8969 = CARTESIAN_POINT('',(18.531986435793,23.327945743172,
    18.993900912541));
#8970 = CARTESIAN_POINT('',(18.846735788599,24.586943154396,
    18.379011483396));
#8971 = CARTESIAN_POINT('',(19.174147086781,25.896588347122,
    17.873929714796));
#8972 = CARTESIAN_POINT('',(19.509701932915,27.238807731659,
    17.481956959685));
#8973 = CARTESIAN_POINT('',(19.852726147127,28.610904588507,
    17.206431811872));
#8974 = CARTESIAN_POINT('',(20.198325222173,29.993300888692,
    17.048320482401));
#8975 = CARTESIAN_POINT('',(20.54858594177,31.394343767081,
    17.007392362436));
#8976 = CARTESIAN_POINT('',(20.552087367436,31.408349469746,
    17.006995225611));
#8977 = CARTESIAN_POINT('',(20.555588904525,31.422355618102,
    17.00661008236));
#8978 = CARTESIAN_POINT('',(20.559090550712,31.436362202846,
    17.006236933237));
#8979 = CARTESIAN_POINT('',(20.562592303669,31.450369214678,
    17.005875778794));
#8980 = CARTESIAN_POINT('',(20.566094161073,31.464376644292,
    17.005526619586));
#8981 = CARTESIAN_POINT('',(20.569596120597,31.478384482387,
    17.005189456166));
#8982 = CARTESIAN_POINT('',(20.573098179915,31.49239271966,
    17.004864289086));
#8983 = CARTESIAN_POINT('',(20.576600336702,31.506401346808,
    17.004551118902));
#8984 = DEFINITIONAL_REPRESENTATION('',(#8985),#8989);
#8985 = LINE('',#8986,#8987);
#8986 = CARTESIAN_POINT('',(0.,0.));
#8987 = VECTOR('',#8988,1.);
#8988 = DIRECTION('',(0.,1.));
#8989 = ( GEOMETRIC_REPRESENTATION_CONTEXT(2) 
PARAMETRIC_REPRESENTATION_CONTEXT() REPRESENTATION_CONTEXT('2D SPACE',''
  ) );
#8990 = ORIENTED_EDGE('',*,*,#5901,.T.);
#8991 = ADVANCED_FACE('',(#8992),#5637,.F.);
#8992 = FACE_BOUND('',#8993,.F.);
#8993 = EDGE_LOOP('',(#8994,#8995,#8996));
#8994 = ORIENTED_EDGE('',*,*,#5846,.F.);
#8995 = ORIENTED_EDGE('',*,*,#7694,.T.);
#8996 = ORIENTED_EDGE('',*,*,#5613,.F.);
#8997 = ADVANCED_FACE('',(#8998),#5778,.T.);
#8998 = FACE_BOUND('',#8999,.T.);
#8999 = EDGE_LOOP('',(#9000,#9032,#9033));
#9000 = ORIENTED_EDGE('',*,*,#9001,.F.);
#9001 = EDGE_CURVE('',#5874,#5763,#9002,.T.);
#9002 = SURFACE_CURVE('',#9003,(#9012,#9018),.PCURVE_S1.);
#9003 = B_SPLINE_CURVE_WITH_KNOTS('',7,(#9004,#9005,#9006,#9007,#9008,
    #9009,#9010,#9011),.UNSPECIFIED.,.F.,.F.,(8,8),(0.,1.),
  .PIECEWISE_BEZIER_KNOTS.);
#9004 = CARTESIAN_POINT('',(19.4,30.010956148364,16.315253804888));
#9005 = CARTESIAN_POINT('',(19.570885367922,29.967515878433,
    16.32003511168));
#9006 = CARTESIAN_POINT('',(19.742241011004,29.929502127117,
    16.369922545004));
#9007 = CARTESIAN_POINT('',(19.899572578285,29.900420215382,
    16.464401499883));
#9008 = CARTESIAN_POINT('',(20.030314908232,29.882743415382,
    16.598254547808));
#9009 = CARTESIAN_POINT('',(20.122653865558,29.877957407472,
    16.75942462276));
#9010 = CARTESIAN_POINT('',(20.171440743068,29.88576297227,
    16.935084029398));
#9011 = CARTESIAN_POINT('',(20.176114000116,29.904456000465,
    17.11041340783));
#9012 = PCURVE('',#5778,#9013);
#9013 = DEFINITIONAL_REPRESENTATION('',(#9014),#9017);
#9014 = B_SPLINE_CURVE_WITH_KNOTS('',1,(#9015,#9016),.UNSPECIFIED.,.F.,
  .F.,(2,2),(0.,1.),.PIECEWISE_BEZIER_KNOTS.);
#9015 = CARTESIAN_POINT('',(0.,0.));
#9016 = CARTESIAN_POINT('',(0.,1.));
#9017 = ( GEOMETRIC_REPRESENTATION_CONTEXT(2) 
PARAMETRIC_REPRESENTATION_CONTEXT() REPRESENTATION_CONTEXT('2D SPACE',''
  ) );
#9018 = PCURVE('',#8905,#9019);
#9019 = DEFINITIONAL_REPRESENTATION('',(#9020),#9031);
#9020 = B_SPLINE_CURVE_WITH_KNOTS('',9,(#9021,#9022,#9023,#9024,#9025,
    #9026,#9027,#9028,#9029,#9030),.UNSPECIFIED.,.F.,.F.,(10,10),(0.,1.)
  ,.PIECEWISE_BEZIER_KNOTS.);
#9021 = CARTESIAN_POINT('',(-2.6645352591E-15,13.779714807941));
#9022 = CARTESIAN_POINT('',(1.668485615622,13.778751960435));
#9023 = CARTESIAN_POINT('',(3.208637187217,13.777863171775));
#9024 = CARTESIAN_POINT('',(4.668461009345,13.777020738538));
#9025 = CARTESIAN_POINT('',(6.085375296136,13.776203067498));
#9026 = CARTESIAN_POINT('',(7.491144644404,13.775391827942));
#9027 = CARTESIAN_POINT('',(8.908113118006,13.774574125629));
#9028 = CARTESIAN_POINT('',(10.368045865684,13.773731629537));
#9029 = CARTESIAN_POINT('',(11.908395339961,13.77284272667));
#9030 = CARTESIAN_POINT('',(13.577189060706,13.771879701363));
#9031 = ( GEOMETRIC_REPRESENTATION_CONTEXT(2) 
PARAMETRIC_REPRESENTATION_CONTEXT() REPRESENTATION_CONTEXT('2D SPACE',''
  ) );
#9032 = ORIENTED_EDGE('',*,*,#5873,.T.);
#9033 = ORIENTED_EDGE('',*,*,#5762,.F.);
#9034 = ADVANCED_FACE('',(#9035),#5834,.T.);
#9035 = FACE_BOUND('',#9036,.T.);
#9036 = EDGE_LOOP('',(#9037,#9038,#9039,#9067,#9095));
#9037 = ORIENTED_EDGE('',*,*,#5818,.T.);
#9038 = ORIENTED_EDGE('',*,*,#7835,.T.);
#9039 = ORIENTED_EDGE('',*,*,#9040,.T.);
#9040 = EDGE_CURVE('',#7728,#9041,#9043,.T.);
#9041 = VERTEX_POINT('',#9042);
#9042 = CARTESIAN_POINT('',(17.433655239673,18.934620958691,
    22.306318417877));
#9043 = SURFACE_CURVE('',#9044,(#9048,#9055),.PCURVE_S1.);
#9044 = LINE('',#9045,#9046);
#9045 = CARTESIAN_POINT('',(17.894385586136,20.777542344545,
    24.42447636289));
#9046 = VECTOR('',#9047,1.);
#9047 = DIRECTION('',(-0.161931881734,-0.647727526938,-0.744464315145));
#9048 = PCURVE('',#5834,#9049);
#9049 = DEFINITIONAL_REPRESENTATION('',(#9050),#9054);
#9050 = LINE('',#9051,#9052);
#9051 = CARTESIAN_POINT('',(9.506291760306,-8.32447636289));
#9052 = VECTOR('',#9053,1.);
#9053 = DIRECTION('',(0.667662252546,0.744464315145));
#9054 = ( GEOMETRIC_REPRESENTATION_CONTEXT(2) 
PARAMETRIC_REPRESENTATION_CONTEXT() REPRESENTATION_CONTEXT('2D SPACE',''
  ) );
#9055 = PCURVE('',#9056,#9061);
#9056 = CYLINDRICAL_SURFACE('',#9057,0.8);
#9057 = AXIS2_PLACEMENT_3D('',#9058,#9059,#9060);
#9058 = CARTESIAN_POINT('',(17.11827158602,20.971570844575,
    24.42447636289));
#9059 = DIRECTION('',(-0.161931881734,-0.647727526938,-0.744464315145));
#9060 = DIRECTION('',(0.970142500145,-0.242535625036,-1.949519121818E-18
    ));
#9061 = DEFINITIONAL_REPRESENTATION('',(#9062),#9066);
#9062 = LINE('',#9063,#9064);
#9063 = CARTESIAN_POINT('',(0.,0.));
#9064 = VECTOR('',#9065,1.);
#9065 = DIRECTION('',(0.,1.));
#9066 = ( GEOMETRIC_REPRESENTATION_CONTEXT(2) 
PARAMETRIC_REPRESENTATION_CONTEXT() REPRESENTATION_CONTEXT('2D SPACE',''
  ) );
#9067 = ORIENTED_EDGE('',*,*,#9068,.T.);
#9068 = EDGE_CURVE('',#9041,#9069,#9071,.T.);
#9069 = VERTEX_POINT('',#9070);
#9070 = CARTESIAN_POINT('',(17.659981603502,19.83992641401,
    21.518649685116));
#9071 = SURFACE_CURVE('',#9072,(#9076,#9083),.PCURVE_S1.);
#9072 = LINE('',#9073,#9074);
#9073 = CARTESIAN_POINT('',(17.306587371823,18.426349487291,
    22.748544346623));
#9074 = VECTOR('',#9075,1.);
#9075 = DIRECTION('',(0.18533769549,0.741350781959,-0.645018570833));
#9076 = PCURVE('',#5834,#9077);
#9077 = DEFINITIONAL_REPRESENTATION('',(#9078),#9082);
#9078 = LINE('',#9079,#9080);
#9079 = CARTESIAN_POINT('',(11.929845884471,-6.648544346623));
#9080 = VECTOR('',#9081,1.);
#9081 = DIRECTION('',(-0.764166894912,0.645018570833));
#9082 = ( GEOMETRIC_REPRESENTATION_CONTEXT(2) 
PARAMETRIC_REPRESENTATION_CONTEXT() REPRESENTATION_CONTEXT('2D SPACE',''
  ) );
#9083 = PCURVE('',#9084,#9089);
#9084 = CYLINDRICAL_SURFACE('',#9085,0.8);
#9085 = AXIS2_PLACEMENT_3D('',#9086,#9087,#9088);
#9086 = CARTESIAN_POINT('',(16.530473371706,18.62037798732,
    22.748544346623));
#9087 = DIRECTION('',(0.18533769549,0.741350781959,-0.645018570833));
#9088 = DIRECTION('',(-1.537084008988E-17,-0.656390610635,
    -0.754421212765));
#9089 = DEFINITIONAL_REPRESENTATION('',(#9090),#9094);
#9090 = LINE('',#9091,#9092);
#9091 = CARTESIAN_POINT('',(-1.410917979042,0.));
#9092 = VECTOR('',#9093,1.);
#9093 = DIRECTION('',(-0.,1.));
#9094 = ( GEOMETRIC_REPRESENTATION_CONTEXT(2) 
PARAMETRIC_REPRESENTATION_CONTEXT() REPRESENTATION_CONTEXT('2D SPACE',''
  ) );
#9095 = ORIENTED_EDGE('',*,*,#9096,.T.);
#9096 = EDGE_CURVE('',#9069,#5763,#9097,.T.);
#9097 = SURFACE_CURVE('',#9098,(#9125,#9155),.PCURVE_S1.);
#9098 = ( BOUNDED_CURVE() B_SPLINE_CURVE(9,(#9099,#9100,#9101,#9102,
    #9103,#9104,#9105,#9106,#9107,#9108,#9109,#9110,#9111,#9112,#9113,
    #9114,#9115,#9116,#9117,#9118,#9119,#9120,#9121,#9122,#9123,#9124),
.UNSPECIFIED.,.F.,.F.) B_SPLINE_CURVE_WITH_KNOTS((10,8,8,10),(
    1.906758529322,2.036213117836,15.349519975577,15.483947590028),
.UNSPECIFIED.) CURVE() GEOMETRIC_REPRESENTATION_ITEM() 
RATIONAL_B_SPLINE_CURVE((1.,1.,1.,1.,1.,1.,1.,1.,1.,1.,1.,1.,1.,1.,1.,1.
,1.,1.,1.,1.,1.,1.,1.,1.,1.,1.)) REPRESENTATION_ITEM('') );
#9099 = CARTESIAN_POINT('',(17.659981603502,19.83992641401,
    21.518649685116));
#9100 = CARTESIAN_POINT('',(17.662627867358,19.850511469433,
    21.509440067365));
#9101 = CARTESIAN_POINT('',(17.6652726255,19.861090502001,21.50025096816
    ));
#9102 = CARTESIAN_POINT('',(17.66792835325,19.871713412998,
    21.491039066791));
#9103 = CARTESIAN_POINT('',(17.670581817206,19.882327268826,
    21.481850371867));
#9104 = CARTESIAN_POINT('',(17.67322840966,19.892913638639,
    21.472700843008));
#9105 = CARTESIAN_POINT('',(17.675881890347,19.903527561389,
    21.46354256521));
#9106 = CARTESIAN_POINT('',(17.678559535581,19.914238142323,
    21.454315475861));
#9107 = CARTESIAN_POINT('',(17.681242694722,19.924970778889,
    21.445084644424));
#9108 = CARTESIAN_POINT('',(17.948121563069,20.992486252275,
    20.529042545825));
#9109 = CARTESIAN_POINT('',(18.23151565825,22.126062633001,
    19.712625528883));
#9110 = CARTESIAN_POINT('',(18.531986435793,23.327945743172,
    18.993900912541));
#9111 = CARTESIAN_POINT('',(18.846735788599,24.586943154396,
    18.379011483396));
#9112 = CARTESIAN_POINT('',(19.174147086781,25.896588347122,
    17.873929714796));
#9113 = CARTESIAN_POINT('',(19.509701932915,27.238807731659,
    17.481956959685));
#9114 = CARTESIAN_POINT('',(19.852726147127,28.610904588507,
    17.206431811872));
#9115 = CARTESIAN_POINT('',(20.198325222173,29.993300888692,
    17.048320482401));
#9116 = CARTESIAN_POINT('',(20.54858594177,31.394343767081,
    17.007392362436));
#9117 = CARTESIAN_POINT('',(20.552087367436,31.408349469746,
    17.006995225611));
#9118 = CARTESIAN_POINT('',(20.555588904525,31.422355618102,
    17.00661008236));
#9119 = CARTESIAN_POINT('',(20.559090550712,31.436362202846,
    17.006236933237));
#9120 = CARTESIAN_POINT('',(20.562592303669,31.450369214678,
    17.005875778794));
#9121 = CARTESIAN_POINT('',(20.566094161073,31.464376644292,
    17.005526619586));
#9122 = CARTESIAN_POINT('',(20.569596120597,31.478384482387,
    17.005189456166));
#9123 = CARTESIAN_POINT('',(20.573098179915,31.49239271966,
    17.004864289086));
#9124 = CARTESIAN_POINT('',(20.576600336702,31.506401346808,
    17.004551118902));
#9125 = PCURVE('',#5834,#9126);
#9126 = DEFINITIONAL_REPRESENTATION('',(#9127),#9154);
#9127 = B_SPLINE_CURVE_WITH_KNOTS('',9,(#9128,#9129,#9130,#9131,#9132,
    #9133,#9134,#9135,#9136,#9137,#9138,#9139,#9140,#9141,#9142,#9143,
    #9144,#9145,#9146,#9147,#9148,#9149,#9150,#9151,#9152,#9153),
  .UNSPECIFIED.,.F.,.F.,(10,8,8,10),(1.906758529322,2.036213117836,
    15.349519975577,15.483947590028),.UNSPECIFIED.);
#9128 = CARTESIAN_POINT('',(10.472764139772,-5.418649685116));
#9129 = CARTESIAN_POINT('',(10.461853314381,-5.409440067365));
#9130 = CARTESIAN_POINT('',(10.450948697207,-5.40025096816));
#9131 = CARTESIAN_POINT('',(10.439998851184,-5.391039066791));
#9132 = CARTESIAN_POINT('',(10.429058339015,-5.381850371867));
#9133 = CARTESIAN_POINT('',(10.418146158783,-5.372700843008));
#9134 = CARTESIAN_POINT('',(10.407205577632,-5.363542565211));
#9135 = CARTESIAN_POINT('',(10.396165363507,-5.354315475861));
#9136 = CARTESIAN_POINT('',(10.385102414956,-5.345084644424));
#9137 = CARTESIAN_POINT('',(9.284732651519,-4.429042545825));
#9138 = CARTESIAN_POINT('',(8.11626886341,-3.612625528883));
#9139 = CARTESIAN_POINT('',(6.877396110187,-2.89390091254));
#9140 = CARTESIAN_POINT('',(5.579651282976,-2.279011483397));
#9141 = CARTESIAN_POINT('',(4.22969991755,-1.773929714795));
#9142 = CARTESIAN_POINT('',(2.846171843753,-1.381956959685));
#9143 = CARTESIAN_POINT('',(1.431846776411,-1.106431811872));
#9144 = CARTESIAN_POINT('',(6.905285880505E-03,-0.948320482401));
#9145 = CARTESIAN_POINT('',(-1.437256657524,-0.907392362436));
#9146 = CARTESIAN_POINT('',(-1.451693405386,-0.906995225611));
#9147 = CARTESIAN_POINT('',(-1.466130612656,-0.90661008236));
#9148 = CARTESIAN_POINT('',(-1.480568269745,-0.906236933237));
#9149 = CARTESIAN_POINT('',(-1.495006367065,-0.905875778794));
#9150 = CARTESIAN_POINT('',(-1.509444895025,-0.905526619586));
#9151 = CARTESIAN_POINT('',(-1.523883844039,-0.905189456166));
#9152 = CARTESIAN_POINT('',(-1.538323204515,-0.904864289086));
#9153 = CARTESIAN_POINT('',(-1.552762966866,-0.904551118902));
#9154 = ( GEOMETRIC_REPRESENTATION_CONTEXT(2) 
PARAMETRIC_REPRESENTATION_CONTEXT() REPRESENTATION_CONTEXT('2D SPACE',''
  ) );
#9155 = PCURVE('',#8905,#9156);
#9156 = DEFINITIONAL_REPRESENTATION('',(#9157),#9161);
#9157 = LINE('',#9158,#9159);
#9158 = CARTESIAN_POINT('',(13.577189060706,0.));
#9159 = VECTOR('',#9160,1.);
#9160 = DIRECTION('',(0.,1.));
#9161 = ( GEOMETRIC_REPRESENTATION_CONTEXT(2) 
PARAMETRIC_REPRESENTATION_CONTEXT() REPRESENTATION_CONTEXT('2D SPACE',''
  ) );
#9162 = ADVANCED_FACE('',(#9163),#6042,.T.);
#9163 = FACE_BOUND('',#9164,.F.);
#9164 = EDGE_LOOP('',(#9165,#9166,#9167));
#9165 = ORIENTED_EDGE('',*,*,#6081,.F.);
#9166 = ORIENTED_EDGE('',*,*,#6300,.T.);
#9167 = ORIENTED_EDGE('',*,*,#6027,.F.);
#9168 = ADVANCED_FACE('',(#9169),#6123,.T.);
#9169 = FACE_BOUND('',#9170,.T.);
#9170 = EDGE_LOOP('',(#9171,#9172,#9173));
#9171 = ORIENTED_EDGE('',*,*,#6138,.F.);
#9172 = ORIENTED_EDGE('',*,*,#6548,.T.);
#9173 = ORIENTED_EDGE('',*,*,#6108,.F.);
#9174 = ADVANCED_FACE('',(#9175),#6200,.T.);
#9175 = FACE_BOUND('',#9176,.T.);
#9176 = EDGE_LOOP('',(#9177,#9178,#9179));
#9177 = ORIENTED_EDGE('',*,*,#6186,.F.);
#9178 = ORIENTED_EDGE('',*,*,#6872,.T.);
#9179 = ORIENTED_EDGE('',*,*,#6218,.F.);
#9180 = ADVANCED_FACE('',(#9181),#6285,.T.);
#9181 = FACE_BOUND('',#9182,.T.);
#9182 = EDGE_LOOP('',(#9183,#9208,#9209));
#9183 = ORIENTED_EDGE('',*,*,#9184,.F.);
#9184 = EDGE_CURVE('',#6368,#6243,#9185,.T.);
#9185 = SURFACE_CURVE('',#9186,(#9191,#9197),.PCURVE_S1.);
#9186 = CIRCLE('',#9187,0.8);
#9187 = AXIS2_PLACEMENT_3D('',#9188,#9189,#9190);
#9188 = CARTESIAN_POINT('',(-34.4,2.6,15.668629150102));
#9189 = DIRECTION('',(0.707106781187,0.,0.707106781187));
#9190 = DIRECTION('',(-0.707106781187,0.,0.707106781187));
#9191 = PCURVE('',#6285,#9192);
#9192 = DEFINITIONAL_REPRESENTATION('',(#9193),#9196);
#9193 = B_SPLINE_CURVE_WITH_KNOTS('',1,(#9194,#9195),.UNSPECIFIED.,.F.,
  .F.,(2,2),(4.712388980385,6.28318530718),.PIECEWISE_BEZIER_KNOTS.);
#9194 = CARTESIAN_POINT('',(0.,-1.570796326795));
#9195 = CARTESIAN_POINT('',(0.,0.));
#9196 = ( GEOMETRIC_REPRESENTATION_CONTEXT(2) 
PARAMETRIC_REPRESENTATION_CONTEXT() REPRESENTATION_CONTEXT('2D SPACE',''
  ) );
#9197 = PCURVE('',#9198,#9203);
#9198 = CYLINDRICAL_SURFACE('',#9199,0.8);
#9199 = AXIS2_PLACEMENT_3D('',#9200,#9201,#9202);
#9200 = CARTESIAN_POINT('',(-32.13431457505,2.6,17.934314575051));
#9201 = DIRECTION('',(-0.707106781187,-0.,-0.707106781187));
#9202 = DIRECTION('',(-0.707106781187,0.,0.707106781187));
#9203 = DEFINITIONAL_REPRESENTATION('',(#9204),#9207);
#9204 = B_SPLINE_CURVE_WITH_KNOTS('',1,(#9205,#9206),.UNSPECIFIED.,.F.,
  .F.,(2,2),(4.712388980385,6.28318530718),.PIECEWISE_BEZIER_KNOTS.);
#9205 = CARTESIAN_POINT('',(1.570796326795,3.204163056034));
#9206 = CARTESIAN_POINT('',(0.,3.204163056034));
#9207 = ( GEOMETRIC_REPRESENTATION_CONTEXT(2) 
PARAMETRIC_REPRESENTATION_CONTEXT() REPRESENTATION_CONTEXT('2D SPACE',''
  ) );
#9208 = ORIENTED_EDGE('',*,*,#6367,.T.);
#9209 = ORIENTED_EDGE('',*,*,#6270,.F.);
#9210 = ADVANCED_FACE('',(#9211),#6258,.T.);
#9211 = FACE_BOUND('',#9212,.T.);
#9212 = EDGE_LOOP('',(#9213,#9214,#9242,#9263));
#9213 = ORIENTED_EDGE('',*,*,#6851,.F.);
#9214 = ORIENTED_EDGE('',*,*,#9215,.T.);
#9215 = EDGE_CURVE('',#6825,#9216,#9218,.T.);
#9216 = VERTEX_POINT('',#9217);
#9217 = CARTESIAN_POINT('',(-32.93431457505,2.6,18.265685424949));
#9218 = SURFACE_CURVE('',#9219,(#9223,#9230),.PCURVE_S1.);
#9219 = LINE('',#9220,#9221);
#9220 = CARTESIAN_POINT('',(-32.93431457505,0.,18.265685424949));
#9221 = VECTOR('',#9222,1.);
#9222 = DIRECTION('',(-0.,1.,-0.));
#9223 = PCURVE('',#6258,#9224);
#9224 = DEFINITIONAL_REPRESENTATION('',(#9225),#9229);
#9225 = LINE('',#9226,#9227);
#9226 = CARTESIAN_POINT('',(0.331370849898,0.));
#9227 = VECTOR('',#9228,1.);
#9228 = DIRECTION('',(0.,-1.));
#9229 = ( GEOMETRIC_REPRESENTATION_CONTEXT(2) 
PARAMETRIC_REPRESENTATION_CONTEXT() REPRESENTATION_CONTEXT('2D SPACE',''
  ) );
#9230 = PCURVE('',#9231,#9236);
#9231 = CYLINDRICAL_SURFACE('',#9232,0.8);
#9232 = AXIS2_PLACEMENT_3D('',#9233,#9234,#9235);
#9233 = CARTESIAN_POINT('',(-32.3686291501,0.,17.7));
#9234 = DIRECTION('',(-0.,1.,-0.));
#9235 = DIRECTION('',(-0.707106781187,0.,0.707106781187));
#9236 = DEFINITIONAL_REPRESENTATION('',(#9237),#9241);
#9237 = LINE('',#9238,#9239);
#9238 = CARTESIAN_POINT('',(0.,0.));
#9239 = VECTOR('',#9240,1.);
#9240 = DIRECTION('',(0.,1.));
#9241 = ( GEOMETRIC_REPRESENTATION_CONTEXT(2) 
PARAMETRIC_REPRESENTATION_CONTEXT() REPRESENTATION_CONTEXT('2D SPACE',''
  ) );
#9242 = ORIENTED_EDGE('',*,*,#9243,.T.);
#9243 = EDGE_CURVE('',#9216,#6243,#9244,.T.);
#9244 = SURFACE_CURVE('',#9245,(#9249,#9256),.PCURVE_S1.);
#9245 = LINE('',#9246,#9247);
#9246 = CARTESIAN_POINT('',(-32.7,2.6,18.5));
#9247 = VECTOR('',#9248,1.);
#9248 = DIRECTION('',(-0.707106781187,-0.,-0.707106781187));
#9249 = PCURVE('',#6258,#9250);
#9250 = DEFINITIONAL_REPRESENTATION('',(#9251),#9255);
#9251 = LINE('',#9252,#9253);
#9252 = CARTESIAN_POINT('',(0.,-2.6));
#9253 = VECTOR('',#9254,1.);
#9254 = DIRECTION('',(1.,0.));
#9255 = ( GEOMETRIC_REPRESENTATION_CONTEXT(2) 
PARAMETRIC_REPRESENTATION_CONTEXT() REPRESENTATION_CONTEXT('2D SPACE',''
  ) );
#9256 = PCURVE('',#9198,#9257);
#9257 = DEFINITIONAL_REPRESENTATION('',(#9258),#9262);
#9258 = LINE('',#9259,#9260);
#9259 = CARTESIAN_POINT('',(0.,0.));
#9260 = VECTOR('',#9261,1.);
#9261 = DIRECTION('',(0.,1.));
#9262 = ( GEOMETRIC_REPRESENTATION_CONTEXT(2) 
PARAMETRIC_REPRESENTATION_CONTEXT() REPRESENTATION_CONTEXT('2D SPACE',''
  ) );
#9263 = ORIENTED_EDGE('',*,*,#6242,.F.);
#9264 = ADVANCED_FACE('',(#9265,#9367,#9370),#6405,.F.);
#9265 = FACE_BOUND('',#9266,.F.);
#9266 = EDGE_LOOP('',(#9267,#9268,#9296,#9324,#9345,#9346));
#9267 = ORIENTED_EDGE('',*,*,#6705,.T.);
#9268 = ORIENTED_EDGE('',*,*,#9269,.T.);
#9269 = EDGE_CURVE('',#6706,#9270,#9272,.T.);
#9270 = VERTEX_POINT('',#9271);
#9271 = CARTESIAN_POINT('',(32.368629150102,3.4,17.7));
#9272 = SURFACE_CURVE('',#9273,(#9277,#9284),.PCURVE_S1.);
#9273 = LINE('',#9274,#9275);
#9274 = CARTESIAN_POINT('',(34.634314575051,3.4,15.434314575051));
#9275 = VECTOR('',#9276,1.);
#9276 = DIRECTION('',(-0.707106781187,0.,0.707106781187));
#9277 = PCURVE('',#6405,#9278);
#9278 = DEFINITIONAL_REPRESENTATION('',(#9279),#9283);
#9279 = LINE('',#9280,#9281);
#9280 = CARTESIAN_POINT('',(34.634314575051,6.354047955629));
#9281 = VECTOR('',#9282,1.);
#9282 = DIRECTION('',(-0.707106781187,0.707106781187));
#9283 = ( GEOMETRIC_REPRESENTATION_CONTEXT(2) 
PARAMETRIC_REPRESENTATION_CONTEXT() REPRESENTATION_CONTEXT('2D SPACE',''
  ) );
#9284 = PCURVE('',#9285,#9290);
#9285 = CYLINDRICAL_SURFACE('',#9286,0.8);
#9286 = AXIS2_PLACEMENT_3D('',#9287,#9288,#9289);
#9287 = CARTESIAN_POINT('',(34.634314575051,2.6,15.434314575051));
#9288 = DIRECTION('',(-0.707106781187,0.,0.707106781187));
#9289 = DIRECTION('',(0.707106781187,0.,0.707106781187));
#9290 = DEFINITIONAL_REPRESENTATION('',(#9291),#9295);
#9291 = LINE('',#9292,#9293);
#9292 = CARTESIAN_POINT('',(1.570796326795,0.));
#9293 = VECTOR('',#9294,1.);
#9294 = DIRECTION('',(0.,1.));
#9295 = ( GEOMETRIC_REPRESENTATION_CONTEXT(2) 
PARAMETRIC_REPRESENTATION_CONTEXT() REPRESENTATION_CONTEXT('2D SPACE',''
  ) );
#9296 = ORIENTED_EDGE('',*,*,#9297,.T.);
#9297 = EDGE_CURVE('',#9270,#9298,#9300,.T.);
#9298 = VERTEX_POINT('',#9299);
#9299 = CARTESIAN_POINT('',(-32.3686291501,3.4,17.7));
#9300 = SURFACE_CURVE('',#9301,(#9305,#9312),.PCURVE_S1.);
#9301 = LINE('',#9302,#9303);
#9302 = CARTESIAN_POINT('',(32.7,3.4,17.7));
#9303 = VECTOR('',#9304,1.);
#9304 = DIRECTION('',(-1.,0.,0.));
#9305 = PCURVE('',#6405,#9306);
#9306 = DEFINITIONAL_REPRESENTATION('',(#9307),#9311);
#9307 = LINE('',#9308,#9309);
#9308 = CARTESIAN_POINT('',(32.7,8.619733380578));
#9309 = VECTOR('',#9310,1.);
#9310 = DIRECTION('',(-1.,0.));
#9311 = ( GEOMETRIC_REPRESENTATION_CONTEXT(2) 
PARAMETRIC_REPRESENTATION_CONTEXT() REPRESENTATION_CONTEXT('2D SPACE',''
  ) );
#9312 = PCURVE('',#9313,#9318);
#9313 = CYLINDRICAL_SURFACE('',#9314,0.8);
#9314 = AXIS2_PLACEMENT_3D('',#9315,#9316,#9317);
#9315 = CARTESIAN_POINT('',(32.7,2.6,17.7));
#9316 = DIRECTION('',(-1.,0.,0.));
#9317 = DIRECTION('',(0.,0.,1.));
#9318 = DEFINITIONAL_REPRESENTATION('',(#9319),#9323);
#9319 = LINE('',#9320,#9321);
#9320 = CARTESIAN_POINT('',(1.570796326795,0.));
#9321 = VECTOR('',#9322,1.);
#9322 = DIRECTION('',(0.,1.));
#9323 = ( GEOMETRIC_REPRESENTATION_CONTEXT(2) 
PARAMETRIC_REPRESENTATION_CONTEXT() REPRESENTATION_CONTEXT('2D SPACE',''
  ) );
#9324 = ORIENTED_EDGE('',*,*,#9325,.T.);
#9325 = EDGE_CURVE('',#9298,#6368,#9326,.T.);
#9326 = SURFACE_CURVE('',#9327,(#9331,#9338),.PCURVE_S1.);
#9327 = LINE('',#9328,#9329);
#9328 = CARTESIAN_POINT('',(-32.13431457505,3.4,17.934314575051));
#9329 = VECTOR('',#9330,1.);
#9330 = DIRECTION('',(-0.707106781187,-0.,-0.707106781187));
#9331 = PCURVE('',#6405,#9332);
#9332 = DEFINITIONAL_REPRESENTATION('',(#9333),#9337);
#9333 = LINE('',#9334,#9335);
#9334 = CARTESIAN_POINT('',(-32.13431457505,8.854047955629));
#9335 = VECTOR('',#9336,1.);
#9336 = DIRECTION('',(-0.707106781187,-0.707106781187));
#9337 = ( GEOMETRIC_REPRESENTATION_CONTEXT(2) 
PARAMETRIC_REPRESENTATION_CONTEXT() REPRESENTATION_CONTEXT('2D SPACE',''
  ) );
#9338 = PCURVE('',#9198,#9339);
#9339 = DEFINITIONAL_REPRESENTATION('',(#9340),#9344);
#9340 = LINE('',#9341,#9342);
#9341 = CARTESIAN_POINT('',(1.570796326795,0.));
#9342 = VECTOR('',#9343,1.);
#9343 = DIRECTION('',(0.,1.));
#9344 = ( GEOMETRIC_REPRESENTATION_CONTEXT(2) 
PARAMETRIC_REPRESENTATION_CONTEXT() REPRESENTATION_CONTEXT('2D SPACE',''
  ) );
#9345 = ORIENTED_EDGE('',*,*,#6389,.T.);
#9346 = ORIENTED_EDGE('',*,*,#9347,.F.);
#9347 = EDGE_CURVE('',#6656,#6390,#9348,.T.);
#9348 = SURFACE_CURVE('',#9349,(#9353,#9360),.PCURVE_S1.);
#9349 = LINE('',#9350,#9351);
#9350 = CARTESIAN_POINT('',(35.2,3.4,5.8));
#9351 = VECTOR('',#9352,1.);
#9352 = DIRECTION('',(-1.,-0.,-0.));
#9353 = PCURVE('',#6405,#9354);
#9354 = DEFINITIONAL_REPRESENTATION('',(#9355),#9359);
#9355 = LINE('',#9356,#9357);
#9356 = CARTESIAN_POINT('',(35.2,-3.280266619422));
#9357 = VECTOR('',#9358,1.);
#9358 = DIRECTION('',(-1.,-0.));
#9359 = ( GEOMETRIC_REPRESENTATION_CONTEXT(2) 
PARAMETRIC_REPRESENTATION_CONTEXT() REPRESENTATION_CONTEXT('2D SPACE',''
  ) );
#9360 = PCURVE('',#6459,#9361);
#9361 = DEFINITIONAL_REPRESENTATION('',(#9362),#9366);
#9362 = LINE('',#9363,#9364);
#9363 = CARTESIAN_POINT('',(-0.,0.));
#9364 = VECTOR('',#9365,1.);
#9365 = DIRECTION('',(-0.,1.));
#9366 = ( GEOMETRIC_REPRESENTATION_CONTEXT(2) 
PARAMETRIC_REPRESENTATION_CONTEXT() REPRESENTATION_CONTEXT('2D SPACE',''
  ) );
#9367 = FACE_BOUND('',#9368,.F.);
#9368 = EDGE_LOOP('',(#9369));
#9369 = ORIENTED_EDGE('',*,*,#7044,.F.);
#9370 = FACE_BOUND('',#9371,.F.);
#9371 = EDGE_LOOP('',(#9372));
#9372 = ORIENTED_EDGE('',*,*,#6994,.F.);
#9373 = ADVANCED_FACE('',(#9374),#6459,.F.);
#9374 = FACE_BOUND('',#9375,.T.);
#9375 = EDGE_LOOP('',(#9376,#9377,#9378,#9379));
#9376 = ORIENTED_EDGE('',*,*,#9347,.F.);
#9377 = ORIENTED_EDGE('',*,*,#6679,.T.);
#9378 = ORIENTED_EDGE('',*,*,#8294,.T.);
#9379 = ORIENTED_EDGE('',*,*,#6444,.T.);
#9380 = ADVANCED_FACE('',(#9381),#6490,.T.);
#9381 = FACE_BOUND('',#9382,.T.);
#9382 = EDGE_LOOP('',(#9383,#9384,#9385));
#9383 = ORIENTED_EDGE('',*,*,#6752,.F.);
#9384 = ORIENTED_EDGE('',*,*,#6476,.T.);
#9385 = ORIENTED_EDGE('',*,*,#6573,.F.);
#9386 = ADVANCED_FACE('',(#9387),#6640,.T.);
#9387 = FACE_BOUND('',#9388,.T.);
#9388 = EDGE_LOOP('',(#9389,#9390,#9410));
#9389 = ORIENTED_EDGE('',*,*,#6728,.F.);
#9390 = ORIENTED_EDGE('',*,*,#9391,.T.);
#9391 = EDGE_CURVE('',#6706,#6598,#9392,.T.);
#9392 = SURFACE_CURVE('',#9393,(#9398,#9404),.PCURVE_S1.);
#9393 = CIRCLE('',#9394,0.8);
#9394 = AXIS2_PLACEMENT_3D('',#9395,#9396,#9397);
#9395 = CARTESIAN_POINT('',(34.4,2.6,15.668629150102));
#9396 = DIRECTION('',(0.707106781187,0.,-0.707106781187));
#9397 = DIRECTION('',(0.707106781187,0.,0.707106781187));
#9398 = PCURVE('',#6640,#9399);
#9399 = DEFINITIONAL_REPRESENTATION('',(#9400),#9403);
#9400 = B_SPLINE_CURVE_WITH_KNOTS('',1,(#9401,#9402),.UNSPECIFIED.,.F.,
  .F.,(2,2),(4.712388980385,6.28318530718),.PIECEWISE_BEZIER_KNOTS.);
#9401 = CARTESIAN_POINT('',(0.785398163397,-1.570796326795));
#9402 = CARTESIAN_POINT('',(0.785398163397,0.));
#9403 = ( GEOMETRIC_REPRESENTATION_CONTEXT(2) 
PARAMETRIC_REPRESENTATION_CONTEXT() REPRESENTATION_CONTEXT('2D SPACE',''
  ) );
#9404 = PCURVE('',#9285,#9405);
#9405 = DEFINITIONAL_REPRESENTATION('',(#9406),#9409);
#9406 = B_SPLINE_CURVE_WITH_KNOTS('',1,(#9407,#9408),.UNSPECIFIED.,.F.,
  .F.,(2,2),(4.712388980385,6.28318530718),.PIECEWISE_BEZIER_KNOTS.);
#9407 = CARTESIAN_POINT('',(1.570796326795,0.331370849898));
#9408 = CARTESIAN_POINT('',(0.,0.331370849898));
#9409 = ( GEOMETRIC_REPRESENTATION_CONTEXT(2) 
PARAMETRIC_REPRESENTATION_CONTEXT() REPRESENTATION_CONTEXT('2D SPACE',''
  ) );
#9410 = ORIENTED_EDGE('',*,*,#6625,.F.);
#9411 = ADVANCED_FACE('',(#9412),#6613,.T.);
#9412 = FACE_BOUND('',#9413,.T.);
#9413 = EDGE_LOOP('',(#9414,#9415,#9416,#9439));
#9414 = ORIENTED_EDGE('',*,*,#6772,.F.);
#9415 = ORIENTED_EDGE('',*,*,#6597,.T.);
#9416 = ORIENTED_EDGE('',*,*,#9417,.T.);
#9417 = EDGE_CURVE('',#6598,#9418,#9420,.T.);
#9418 = VERTEX_POINT('',#9419);
#9419 = CARTESIAN_POINT('',(32.934314575051,2.6,18.265685424949));
#9420 = SURFACE_CURVE('',#9421,(#9425,#9432),.PCURVE_S1.);
#9421 = LINE('',#9422,#9423);
#9422 = CARTESIAN_POINT('',(35.2,2.6,16.));
#9423 = VECTOR('',#9424,1.);
#9424 = DIRECTION('',(-0.707106781187,0.,0.707106781187));
#9425 = PCURVE('',#6613,#9426);
#9426 = DEFINITIONAL_REPRESENTATION('',(#9427),#9431);
#9427 = LINE('',#9428,#9429);
#9428 = CARTESIAN_POINT('',(0.,-2.6));
#9429 = VECTOR('',#9430,1.);
#9430 = DIRECTION('',(1.,0.));
#9431 = ( GEOMETRIC_REPRESENTATION_CONTEXT(2) 
PARAMETRIC_REPRESENTATION_CONTEXT() REPRESENTATION_CONTEXT('2D SPACE',''
  ) );
#9432 = PCURVE('',#9285,#9433);
#9433 = DEFINITIONAL_REPRESENTATION('',(#9434),#9438);
#9434 = LINE('',#9435,#9436);
#9435 = CARTESIAN_POINT('',(0.,0.));
#9436 = VECTOR('',#9437,1.);
#9437 = DIRECTION('',(0.,1.));
#9438 = ( GEOMETRIC_REPRESENTATION_CONTEXT(2) 
PARAMETRIC_REPRESENTATION_CONTEXT() REPRESENTATION_CONTEXT('2D SPACE',''
  ) );
#9439 = ORIENTED_EDGE('',*,*,#9440,.F.);
#9440 = EDGE_CURVE('',#6773,#9418,#9441,.T.);
#9441 = SURFACE_CURVE('',#9442,(#9446,#9453),.PCURVE_S1.);
#9442 = LINE('',#9443,#9444);
#9443 = CARTESIAN_POINT('',(32.934314575051,0.,18.265685424949));
#9444 = VECTOR('',#9445,1.);
#9445 = DIRECTION('',(-0.,1.,-0.));
#9446 = PCURVE('',#6613,#9447);
#9447 = DEFINITIONAL_REPRESENTATION('',(#9448),#9452);
#9448 = LINE('',#9449,#9450);
#9449 = CARTESIAN_POINT('',(3.204163056034,0.));
#9450 = VECTOR('',#9451,1.);
#9451 = DIRECTION('',(0.,-1.));
#9452 = ( GEOMETRIC_REPRESENTATION_CONTEXT(2) 
PARAMETRIC_REPRESENTATION_CONTEXT() REPRESENTATION_CONTEXT('2D SPACE',''
  ) );
#9453 = PCURVE('',#9454,#9459);
#9454 = CYLINDRICAL_SURFACE('',#9455,0.8);
#9455 = AXIS2_PLACEMENT_3D('',#9456,#9457,#9458);
#9456 = CARTESIAN_POINT('',(32.368629150102,0.,17.7));
#9457 = DIRECTION('',(-0.,1.,-0.));
#9458 = DIRECTION('',(0.,0.,1.));
#9459 = DEFINITIONAL_REPRESENTATION('',(#9460),#9464);
#9460 = LINE('',#9461,#9462);
#9461 = CARTESIAN_POINT('',(0.785398163397,0.));
#9462 = VECTOR('',#9463,1.);
#9463 = DIRECTION('',(0.,1.));
#9464 = ( GEOMETRIC_REPRESENTATION_CONTEXT(2) 
PARAMETRIC_REPRESENTATION_CONTEXT() REPRESENTATION_CONTEXT('2D SPACE',''
  ) );
#9465 = ADVANCED_FACE('',(#9466),#6809,.T.);
#9466 = FACE_BOUND('',#9467,.T.);
#9467 = EDGE_LOOP('',(#9468,#9469,#9470));
#9468 = ORIENTED_EDGE('',*,*,#6896,.F.);
#9469 = ORIENTED_EDGE('',*,*,#6795,.T.);
#9470 = ORIENTED_EDGE('',*,*,#9471,.F.);
#9471 = EDGE_CURVE('',#6897,#6773,#9472,.T.);
#9472 = SURFACE_CURVE('',#9473,(#9478,#9485),.PCURVE_S1.);
#9473 = CIRCLE('',#9474,0.8);
#9474 = AXIS2_PLACEMENT_3D('',#9475,#9476,#9477);
#9475 = CARTESIAN_POINT('',(32.368629150102,0.8,17.7));
#9476 = DIRECTION('',(0.,1.,0.));
#9477 = DIRECTION('',(0.,-0.,1.));
#9478 = PCURVE('',#6809,#9479);
#9479 = DEFINITIONAL_REPRESENTATION('',(#9480),#9484);
#9480 = LINE('',#9481,#9482);
#9481 = CARTESIAN_POINT('',(0.,0.));
#9482 = VECTOR('',#9483,1.);
#9483 = DIRECTION('',(1.,0.));
#9484 = ( GEOMETRIC_REPRESENTATION_CONTEXT(2) 
PARAMETRIC_REPRESENTATION_CONTEXT() REPRESENTATION_CONTEXT('2D SPACE',''
  ) );
#9485 = PCURVE('',#9454,#9486);
#9486 = DEFINITIONAL_REPRESENTATION('',(#9487),#9491);
#9487 = LINE('',#9488,#9489);
#9488 = CARTESIAN_POINT('',(0.,0.8));
#9489 = VECTOR('',#9490,1.);
#9490 = DIRECTION('',(1.,0.));
#9491 = ( GEOMETRIC_REPRESENTATION_CONTEXT(2) 
PARAMETRIC_REPRESENTATION_CONTEXT() REPRESENTATION_CONTEXT('2D SPACE',''
  ) );
#9492 = ADVANCED_FACE('',(#9493),#6840,.T.);
#9493 = FACE_BOUND('',#9494,.T.);
#9494 = EDGE_LOOP('',(#9495,#9496,#9497));
#9495 = ORIENTED_EDGE('',*,*,#6824,.F.);
#9496 = ORIENTED_EDGE('',*,*,#6946,.T.);
#9497 = ORIENTED_EDGE('',*,*,#9498,.F.);
#9498 = EDGE_CURVE('',#6825,#6919,#9499,.T.);
#9499 = SURFACE_CURVE('',#9500,(#9505,#9512),.PCURVE_S1.);
#9500 = CIRCLE('',#9501,0.8);
#9501 = AXIS2_PLACEMENT_3D('',#9502,#9503,#9504);
#9502 = CARTESIAN_POINT('',(-32.3686291501,0.8,17.7));
#9503 = DIRECTION('',(0.,1.,0.));
#9504 = DIRECTION('',(-0.707106781187,0.,0.707106781187));
#9505 = PCURVE('',#6840,#9506);
#9506 = DEFINITIONAL_REPRESENTATION('',(#9507),#9511);
#9507 = LINE('',#9508,#9509);
#9508 = CARTESIAN_POINT('',(0.,0.));
#9509 = VECTOR('',#9510,1.);
#9510 = DIRECTION('',(1.,0.));
#9511 = ( GEOMETRIC_REPRESENTATION_CONTEXT(2) 
PARAMETRIC_REPRESENTATION_CONTEXT() REPRESENTATION_CONTEXT('2D SPACE',''
  ) );
#9512 = PCURVE('',#9231,#9513);
#9513 = DEFINITIONAL_REPRESENTATION('',(#9514),#9518);
#9514 = LINE('',#9515,#9516);
#9515 = CARTESIAN_POINT('',(0.,0.8));
#9516 = VECTOR('',#9517,1.);
#9517 = DIRECTION('',(1.,0.));
#9518 = ( GEOMETRIC_REPRESENTATION_CONTEXT(2) 
PARAMETRIC_REPRESENTATION_CONTEXT() REPRESENTATION_CONTEXT('2D SPACE',''
  ) );
#9519 = ADVANCED_FACE('',(#9520),#6934,.T.);
#9520 = FACE_BOUND('',#9521,.T.);
#9521 = EDGE_LOOP('',(#9522,#9523,#9546,#9569));
#9522 = ORIENTED_EDGE('',*,*,#6918,.F.);
#9523 = ORIENTED_EDGE('',*,*,#9524,.T.);
#9524 = EDGE_CURVE('',#6897,#9525,#9527,.T.);
#9525 = VERTEX_POINT('',#9526);
#9526 = CARTESIAN_POINT('',(32.368629150102,2.6,18.5));
#9527 = SURFACE_CURVE('',#9528,(#9532,#9539),.PCURVE_S1.);
#9528 = LINE('',#9529,#9530);
#9529 = CARTESIAN_POINT('',(32.368629150102,0.,18.5));
#9530 = VECTOR('',#9531,1.);
#9531 = DIRECTION('',(-0.,1.,-0.));
#9532 = PCURVE('',#6934,#9533);
#9533 = DEFINITIONAL_REPRESENTATION('',(#9534),#9538);
#9534 = LINE('',#9535,#9536);
#9535 = CARTESIAN_POINT('',(0.331370849898,0.));
#9536 = VECTOR('',#9537,1.);
#9537 = DIRECTION('',(0.,-1.));
#9538 = ( GEOMETRIC_REPRESENTATION_CONTEXT(2) 
PARAMETRIC_REPRESENTATION_CONTEXT() REPRESENTATION_CONTEXT('2D SPACE',''
  ) );
#9539 = PCURVE('',#9454,#9540);
#9540 = DEFINITIONAL_REPRESENTATION('',(#9541),#9545);
#9541 = LINE('',#9542,#9543);
#9542 = CARTESIAN_POINT('',(0.,0.));
#9543 = VECTOR('',#9544,1.);
#9544 = DIRECTION('',(0.,1.));
#9545 = ( GEOMETRIC_REPRESENTATION_CONTEXT(2) 
PARAMETRIC_REPRESENTATION_CONTEXT() REPRESENTATION_CONTEXT('2D SPACE',''
  ) );
#9546 = ORIENTED_EDGE('',*,*,#9547,.T.);
#9547 = EDGE_CURVE('',#9525,#9548,#9550,.T.);
#9548 = VERTEX_POINT('',#9549);
#9549 = CARTESIAN_POINT('',(-32.3686291501,2.6,18.5));
#9550 = SURFACE_CURVE('',#9551,(#9555,#9562),.PCURVE_S1.);
#9551 = LINE('',#9552,#9553);
#9552 = CARTESIAN_POINT('',(32.7,2.6,18.5));
#9553 = VECTOR('',#9554,1.);
#9554 = DIRECTION('',(-1.,0.,0.));
#9555 = PCURVE('',#6934,#9556);
#9556 = DEFINITIONAL_REPRESENTATION('',(#9557),#9561);
#9557 = LINE('',#9558,#9559);
#9558 = CARTESIAN_POINT('',(0.,-2.6));
#9559 = VECTOR('',#9560,1.);
#9560 = DIRECTION('',(1.,0.));
#9561 = ( GEOMETRIC_REPRESENTATION_CONTEXT(2) 
PARAMETRIC_REPRESENTATION_CONTEXT() REPRESENTATION_CONTEXT('2D SPACE',''
  ) );
#9562 = PCURVE('',#9313,#9563);
#9563 = DEFINITIONAL_REPRESENTATION('',(#9564),#9568);
#9564 = LINE('',#9565,#9566);
#9565 = CARTESIAN_POINT('',(0.,0.));
#9566 = VECTOR('',#9567,1.);
#9567 = DIRECTION('',(0.,1.));
#9568 = ( GEOMETRIC_REPRESENTATION_CONTEXT(2) 
PARAMETRIC_REPRESENTATION_CONTEXT() REPRESENTATION_CONTEXT('2D SPACE',''
  ) );
#9569 = ORIENTED_EDGE('',*,*,#9570,.F.);
#9570 = EDGE_CURVE('',#6919,#9548,#9571,.T.);
#9571 = SURFACE_CURVE('',#9572,(#9576,#9583),.PCURVE_S1.);
#9572 = LINE('',#9573,#9574);
#9573 = CARTESIAN_POINT('',(-32.3686291501,0.,18.5));
#9574 = VECTOR('',#9575,1.);
#9575 = DIRECTION('',(-0.,1.,-0.));
#9576 = PCURVE('',#6934,#9577);
#9577 = DEFINITIONAL_REPRESENTATION('',(#9578),#9582);
#9578 = LINE('',#9579,#9580);
#9579 = CARTESIAN_POINT('',(65.068629150102,0.));
#9580 = VECTOR('',#9581,1.);
#9581 = DIRECTION('',(0.,-1.));
#9582 = ( GEOMETRIC_REPRESENTATION_CONTEXT(2) 
PARAMETRIC_REPRESENTATION_CONTEXT() REPRESENTATION_CONTEXT('2D SPACE',''
  ) );
#9583 = PCURVE('',#9231,#9584);
#9584 = DEFINITIONAL_REPRESENTATION('',(#9585),#9589);
#9585 = LINE('',#9586,#9587);
#9586 = CARTESIAN_POINT('',(0.785398163397,0.));
#9587 = VECTOR('',#9588,1.);
#9588 = DIRECTION('',(0.,1.));
#9589 = ( GEOMETRIC_REPRESENTATION_CONTEXT(2) 
PARAMETRIC_REPRESENTATION_CONTEXT() REPRESENTATION_CONTEXT('2D SPACE',''
  ) );
#9590 = ADVANCED_FACE('',(#9591),#7209,.F.);
#9591 = FACE_BOUND('',#9592,.F.);
#9592 = EDGE_LOOP('',(#9593,#9594,#9595));
#9593 = ORIENTED_EDGE('',*,*,#7178,.F.);
#9594 = ORIENTED_EDGE('',*,*,#8156,.T.);
#9595 = ORIENTED_EDGE('',*,*,#9596,.F.);
#9596 = EDGE_CURVE('',#7179,#8157,#9597,.T.);
#9597 = SURFACE_CURVE('',#9598,(#9607,#9614),.PCURVE_S1.);
#9598 = B_SPLINE_CURVE_WITH_KNOTS('',7,(#9599,#9600,#9601,#9602,#9603,
    #9604,#9605,#9606),.UNSPECIFIED.,.F.,.F.,(8,8),(0.,1.),
  .PIECEWISE_BEZIER_KNOTS.);
#9599 = CARTESIAN_POINT('',(-17.747240275,20.18896110003,23.747991707101
    ));
#9600 = CARTESIAN_POINT('',(-17.71862323002,20.074492920105,
    23.853808118537));
#9601 = CARTESIAN_POINT('',(-17.65446769884,19.968909584192,
    23.959624336416));
#9602 = CARTESIAN_POINT('',(-17.55661068002,19.879546859579,
    24.058658239781));
#9603 = CARTESIAN_POINT('',(-17.43029448075,19.812896498589,
    24.144121345627));
#9604 = CARTESIAN_POINT('',(-17.28392070111,19.773391518007,
    24.210329198948));
#9605 = CARTESIAN_POINT('',(-17.12752268978,19.76260020627,
    24.25373489686));
#9606 = CARTESIAN_POINT('',(-16.97112439237,19.779445099766,
    24.273095540925));
#9607 = PCURVE('',#7209,#9608);
#9608 = DEFINITIONAL_REPRESENTATION('',(#9609),#9613);
#9609 = LINE('',#9610,#9611);
#9610 = CARTESIAN_POINT('',(0.,1.));
#9611 = VECTOR('',#9612,1.);
#9612 = DIRECTION('',(1.,0.));
#9613 = ( GEOMETRIC_REPRESENTATION_CONTEXT(2) 
PARAMETRIC_REPRESENTATION_CONTEXT() REPRESENTATION_CONTEXT('2D SPACE',''
  ) );
#9614 = PCURVE('',#8522,#9615);
#9615 = DEFINITIONAL_REPRESENTATION('',(#9616),#9619);
#9616 = B_SPLINE_CURVE_WITH_KNOTS('',1,(#9617,#9618),.UNSPECIFIED.,.F.,
  .F.,(2,2),(0.,1.),.PIECEWISE_BEZIER_KNOTS.);
#9617 = CARTESIAN_POINT('',(0.,0.908686477009));
#9618 = CARTESIAN_POINT('',(-1.386785631331,0.908698102394));
#9619 = ( GEOMETRIC_REPRESENTATION_CONTEXT(2) 
PARAMETRIC_REPRESENTATION_CONTEXT() REPRESENTATION_CONTEXT('2D SPACE',''
  ) );
#9620 = ADVANCED_FACE('',(#9621),#7756,.T.);
#9621 = FACE_BOUND('',#9622,.T.);
#9622 = EDGE_LOOP('',(#9623,#9624,#9625));
#9623 = ORIENTED_EDGE('',*,*,#7727,.F.);
#9624 = ORIENTED_EDGE('',*,*,#8232,.T.);
#9625 = ORIENTED_EDGE('',*,*,#9626,.F.);
#9626 = EDGE_CURVE('',#7728,#8204,#9627,.T.);
#9627 = SURFACE_CURVE('',#9628,(#9637,#9644),.PCURVE_S1.);
#9628 = B_SPLINE_CURVE_WITH_KNOTS('',7,(#9629,#9630,#9631,#9632,#9633,
    #9634,#9635,#9636),.UNSPECIFIED.,.F.,.F.,(8,8),(0.,1.),
  .PIECEWISE_BEZIER_KNOTS.);
#9629 = CARTESIAN_POINT('',(17.747240277097,20.188961108387,
    23.747991716705));
#9630 = CARTESIAN_POINT('',(17.718623231804,20.074492927271,
    23.853808126768));
#9631 = CARTESIAN_POINT('',(17.654467700323,19.968909590165,
    23.959624343275));
#9632 = CARTESIAN_POINT('',(17.556610681202,19.879546864359,
    24.058658245268));
#9633 = CARTESIAN_POINT('',(17.430294481642,19.812896502172,
    24.144121349743));
#9634 = CARTESIAN_POINT('',(17.283920701707,19.773391520396,
    24.210329201692));
#9635 = CARTESIAN_POINT('',(17.127522690078,19.762600207463,
    24.253734898232));
#9636 = CARTESIAN_POINT('',(16.971124392371,19.779445099766,
    24.273095540925));
#9637 = PCURVE('',#7756,#9638);
#9638 = DEFINITIONAL_REPRESENTATION('',(#9639),#9643);
#9639 = LINE('',#9640,#9641);
#9640 = CARTESIAN_POINT('',(0.,1.));
#9641 = VECTOR('',#9642,1.);
#9642 = DIRECTION('',(1.,0.));
#9643 = ( GEOMETRIC_REPRESENTATION_CONTEXT(2) 
PARAMETRIC_REPRESENTATION_CONTEXT() REPRESENTATION_CONTEXT('2D SPACE',''
  ) );
#9644 = PCURVE('',#9056,#9645);
#9645 = DEFINITIONAL_REPRESENTATION('',(#9646),#9649);
#9646 = B_SPLINE_CURVE_WITH_KNOTS('',1,(#9647,#9648),.UNSPECIFIED.,.F.,
  .F.,(2,2),(0.,1.),.PIECEWISE_BEZIER_KNOTS.);
#9647 = CARTESIAN_POINT('',(0.,0.90868646411));
#9648 = CARTESIAN_POINT('',(1.386785631331,0.908698102394));
#9649 = ( GEOMETRIC_REPRESENTATION_CONTEXT(2) 
PARAMETRIC_REPRESENTATION_CONTEXT() REPRESENTATION_CONTEXT('2D SPACE',''
  ) );
#9650 = ADVANCED_FACE('',(#9651),#8221,.F.);
#9651 = FACE_BOUND('',#9652,.F.);
#9652 = EDGE_LOOP('',(#9653,#9676,#9704,#9725));
#9653 = ORIENTED_EDGE('',*,*,#9654,.T.);
#9654 = EDGE_CURVE('',#8204,#9655,#9657,.T.);
#9655 = VERTEX_POINT('',#9656);
#9656 = CARTESIAN_POINT('',(16.657541239557,18.525112488508,
    22.831430906385));
#9657 = SURFACE_CURVE('',#9658,(#9662,#9669),.PCURVE_S1.);
#9658 = LINE('',#9659,#9660);
#9659 = CARTESIAN_POINT('',(17.11827158602,20.368033874362,
    24.949588851398));
#9660 = VECTOR('',#9661,1.);
#9661 = DIRECTION('',(-0.161931881734,-0.647727526938,-0.744464315145));
#9662 = PCURVE('',#8221,#9663);
#9663 = DEFINITIONAL_REPRESENTATION('',(#9664),#9668);
#9664 = LINE('',#9665,#9666);
#9665 = CARTESIAN_POINT('',(-0.107659579518,-37.31827158602));
#9666 = VECTOR('',#9667,1.);
#9667 = DIRECTION('',(0.986801938424,0.161931881734));
#9668 = ( GEOMETRIC_REPRESENTATION_CONTEXT(2) 
PARAMETRIC_REPRESENTATION_CONTEXT() REPRESENTATION_CONTEXT('2D SPACE',''
  ) );
#9669 = PCURVE('',#9056,#9670);
#9670 = DEFINITIONAL_REPRESENTATION('',(#9671),#9675);
#9671 = LINE('',#9672,#9673);
#9672 = CARTESIAN_POINT('',(1.386785631331,0.));
#9673 = VECTOR('',#9674,1.);
#9674 = DIRECTION('',(0.,1.));
#9675 = ( GEOMETRIC_REPRESENTATION_CONTEXT(2) 
PARAMETRIC_REPRESENTATION_CONTEXT() REPRESENTATION_CONTEXT('2D SPACE',''
  ) );
#9676 = ORIENTED_EDGE('',*,*,#9677,.F.);
#9677 = EDGE_CURVE('',#9678,#9655,#9680,.T.);
#9678 = VERTEX_POINT('',#9679);
#9679 = CARTESIAN_POINT('',(-16.65754123955,18.525112488508,
    22.831430906385));
#9680 = SURFACE_CURVE('',#9681,(#9685,#9692),.PCURVE_S1.);
#9681 = LINE('',#9682,#9683);
#9682 = CARTESIAN_POINT('',(-17.2,18.525112488508,22.831430906385));
#9683 = VECTOR('',#9684,1.);
#9684 = DIRECTION('',(1.,0.,0.));
#9685 = PCURVE('',#8221,#9686);
#9686 = DEFINITIONAL_REPRESENTATION('',(#9687),#9691);
#9687 = LINE('',#9688,#9689);
#9688 = CARTESIAN_POINT('',(2.7,-3.));
#9689 = VECTOR('',#9690,1.);
#9690 = DIRECTION('',(0.,-1.));
#9691 = ( GEOMETRIC_REPRESENTATION_CONTEXT(2) 
PARAMETRIC_REPRESENTATION_CONTEXT() REPRESENTATION_CONTEXT('2D SPACE',''
  ) );
#9692 = PCURVE('',#9693,#9698);
#9693 = CYLINDRICAL_SURFACE('',#9694,0.8);
#9694 = AXIS2_PLACEMENT_3D('',#9695,#9696,#9697);
#9695 = CARTESIAN_POINT('',(-17.2,19.12864945872,22.306318417877));
#9696 = DIRECTION('',(1.,0.,0.));
#9697 = DIRECTION('',(0.,-0.656390610635,-0.754421212765));
#9698 = DEFINITIONAL_REPRESENTATION('',(#9699),#9703);
#9699 = LINE('',#9700,#9701);
#9700 = CARTESIAN_POINT('',(-1.570796326795,0.));
#9701 = VECTOR('',#9702,1.);
#9702 = DIRECTION('',(-0.,1.));
#9703 = ( GEOMETRIC_REPRESENTATION_CONTEXT(2) 
PARAMETRIC_REPRESENTATION_CONTEXT() REPRESENTATION_CONTEXT('2D SPACE',''
  ) );
#9704 = ORIENTED_EDGE('',*,*,#9705,.F.);
#9705 = EDGE_CURVE('',#8157,#9678,#9706,.T.);
#9706 = SURFACE_CURVE('',#9707,(#9711,#9718),.PCURVE_S1.);
#9707 = LINE('',#9708,#9709);
#9708 = CARTESIAN_POINT('',(-17.11827158602,20.368033874362,
    24.949588851398));
#9709 = VECTOR('',#9710,1.);
#9710 = DIRECTION('',(0.161931881734,-0.647727526938,-0.744464315145));
#9711 = PCURVE('',#8221,#9712);
#9712 = DEFINITIONAL_REPRESENTATION('',(#9713),#9717);
#9713 = LINE('',#9714,#9715);
#9714 = CARTESIAN_POINT('',(-0.107659579518,-3.08172841398));
#9715 = VECTOR('',#9716,1.);
#9716 = DIRECTION('',(0.986801938424,-0.161931881734));
#9717 = ( GEOMETRIC_REPRESENTATION_CONTEXT(2) 
PARAMETRIC_REPRESENTATION_CONTEXT() REPRESENTATION_CONTEXT('2D SPACE',''
  ) );
#9718 = PCURVE('',#8522,#9719);
#9719 = DEFINITIONAL_REPRESENTATION('',(#9720),#9724);
#9720 = LINE('',#9721,#9722);
#9721 = CARTESIAN_POINT('',(-1.386785631331,0.));
#9722 = VECTOR('',#9723,1.);
#9723 = DIRECTION('',(-0.,1.));
#9724 = ( GEOMETRIC_REPRESENTATION_CONTEXT(2) 
PARAMETRIC_REPRESENTATION_CONTEXT() REPRESENTATION_CONTEXT('2D SPACE',''
  ) );
#9725 = ORIENTED_EDGE('',*,*,#8203,.T.);
#9726 = ADVANCED_FACE('',(#9727),#8406,.T.);
#9727 = FACE_BOUND('',#9728,.T.);
#9728 = EDGE_LOOP('',(#9729,#9757,#9758,#9759));
#9729 = ORIENTED_EDGE('',*,*,#9730,.T.);
#9730 = EDGE_CURVE('',#8635,#8535,#9731,.T.);
#9731 = SURFACE_CURVE('',#9732,(#9737,#9751),.PCURVE_S1.);
#9732 = CIRCLE('',#9733,0.8);
#9733 = AXIS2_PLACEMENT_3D('',#9734,#9735,#9736);
#9734 = CARTESIAN_POINT('',(-16.88386760338,20.033954914039,
    21.518649685116));
#9735 = DIRECTION('',(-0.18533769549,0.741350781959,-0.645018570833));
#9736 = DIRECTION('',(5.082531246698E-18,-0.656390610635,-0.754421212765
    ));
#9737 = PCURVE('',#8406,#9738);
#9738 = DEFINITIONAL_REPRESENTATION('',(#9739),#9750);
#9739 = B_SPLINE_CURVE_WITH_KNOTS('',9,(#9740,#9741,#9742,#9743,#9744,
    #9745,#9746,#9747,#9748,#9749),.UNSPECIFIED.,.F.,.F.,(10,10),(0.,
    1.410917979042),.PIECEWISE_BEZIER_KNOTS.);
#9740 = CARTESIAN_POINT('',(0.,1.906758529322));
#9741 = CARTESIAN_POINT('',(1.641373001305,1.906758529322));
#9742 = CARTESIAN_POINT('',(3.17618166519,1.906758529322));
#9743 = CARTESIAN_POINT('',(4.64545594004,1.906758529321));
#9744 = CARTESIAN_POINT('',(6.078093941361,1.906758529322));
#9745 = CARTESIAN_POINT('',(7.499095119345,1.906758529321));
#9746 = CARTESIAN_POINT('',(8.931733120666,1.906758529322));
#9747 = CARTESIAN_POINT('',(10.401007395516,1.906758529322));
#9748 = CARTESIAN_POINT('',(11.935816059401,1.906758529322));
#9749 = CARTESIAN_POINT('',(13.577189060706,1.906758529322));
#9750 = ( GEOMETRIC_REPRESENTATION_CONTEXT(2) 
PARAMETRIC_REPRESENTATION_CONTEXT() REPRESENTATION_CONTEXT('2D SPACE',''
  ) );
#9751 = PCURVE('',#8550,#9752);
#9752 = DEFINITIONAL_REPRESENTATION('',(#9753),#9756);
#9753 = B_SPLINE_CURVE_WITH_KNOTS('',1,(#9754,#9755),.UNSPECIFIED.,.F.,
  .F.,(2,2),(0.,1.410917979042),.PIECEWISE_BEZIER_KNOTS.);
#9754 = CARTESIAN_POINT('',(0.,1.906758529322));
#9755 = CARTESIAN_POINT('',(1.410917979042,1.906758529322));
#9756 = ( GEOMETRIC_REPRESENTATION_CONTEXT(2) 
PARAMETRIC_REPRESENTATION_CONTEXT() REPRESENTATION_CONTEXT('2D SPACE',''
  ) );
#9757 = ORIENTED_EDGE('',*,*,#8562,.T.);
#9758 = ORIENTED_EDGE('',*,*,#8388,.F.);
#9759 = ORIENTED_EDGE('',*,*,#8634,.F.);
#9760 = ADVANCED_FACE('',(#9761),#8550,.T.);
#9761 = FACE_BOUND('',#9762,.T.);
#9762 = EDGE_LOOP('',(#9763,#9786,#9818,#9819));
#9763 = ORIENTED_EDGE('',*,*,#9764,.F.);
#9764 = EDGE_CURVE('',#9765,#8635,#9767,.T.);
#9765 = VERTEX_POINT('',#9766);
#9766 = CARTESIAN_POINT('',(-16.65754123955,18.603536970212,
    21.702781447665));
#9767 = SURFACE_CURVE('',#9768,(#9772,#9779),.PCURVE_S1.);
#9768 = LINE('',#9769,#9770);
#9769 = CARTESIAN_POINT('',(-16.5304733717,18.095265498812,
    22.145007376411));
#9770 = VECTOR('',#9771,1.);
#9771 = DIRECTION('',(-0.18533769549,0.741350781959,-0.645018570833));
#9772 = PCURVE('',#8550,#9773);
#9773 = DEFINITIONAL_REPRESENTATION('',(#9774),#9778);
#9774 = LINE('',#9775,#9776);
#9775 = CARTESIAN_POINT('',(0.,0.));
#9776 = VECTOR('',#9777,1.);
#9777 = DIRECTION('',(0.,1.));
#9778 = ( GEOMETRIC_REPRESENTATION_CONTEXT(2) 
PARAMETRIC_REPRESENTATION_CONTEXT() REPRESENTATION_CONTEXT('2D SPACE',''
  ) );
#9779 = PCURVE('',#8776,#9780);
#9780 = DEFINITIONAL_REPRESENTATION('',(#9781),#9785);
#9781 = LINE('',#9782,#9783);
#9782 = CARTESIAN_POINT('',(0.126276272724,-3.669526628294));
#9783 = VECTOR('',#9784,1.);
#9784 = DIRECTION('',(0.98267488959,0.18533769549));
#9785 = ( GEOMETRIC_REPRESENTATION_CONTEXT(2) 
PARAMETRIC_REPRESENTATION_CONTEXT() REPRESENTATION_CONTEXT('2D SPACE',''
  ) );
#9786 = ORIENTED_EDGE('',*,*,#9787,.F.);
#9787 = EDGE_CURVE('',#8507,#9765,#9788,.T.);
#9788 = SURFACE_CURVE('',#9789,(#9794,#9801),.PCURVE_S1.);
#9789 = CIRCLE('',#9790,0.8);
#9790 = AXIS2_PLACEMENT_3D('',#9791,#9792,#9793);
#9791 = CARTESIAN_POINT('',(-16.65754123955,19.12864945872,
    22.306318417877));
#9792 = DIRECTION('',(0.18533769549,-0.741350781959,0.645018570833));
#9793 = DIRECTION('',(-0.970142500145,-0.242535625036,4.418888674032E-15
    ));
#9794 = PCURVE('',#8550,#9795);
#9795 = DEFINITIONAL_REPRESENTATION('',(#9796),#9800);
#9796 = LINE('',#9797,#9798);
#9797 = CARTESIAN_POINT('',(1.410917979042,0.685601855113));
#9798 = VECTOR('',#9799,1.);
#9799 = DIRECTION('',(-1.,2.045887788591E-15));
#9800 = ( GEOMETRIC_REPRESENTATION_CONTEXT(2) 
PARAMETRIC_REPRESENTATION_CONTEXT() REPRESENTATION_CONTEXT('2D SPACE',''
  ) );
#9801 = PCURVE('',#9802,#9807);
#9802 = SPHERICAL_SURFACE('',#9803,0.8);
#9803 = AXIS2_PLACEMENT_3D('',#9804,#9805,#9806);
#9804 = CARTESIAN_POINT('',(-16.65754123955,19.12864945872,
    22.306318417877));
#9805 = DIRECTION('',(0.,0.754421212765,-0.656390610635));
#9806 = DIRECTION('',(-0.986801938424,-0.106290566733,-0.122164846604));
#9807 = DEFINITIONAL_REPRESENTATION('',(#9808),#9817);
#9808 = B_SPLINE_CURVE_WITH_KNOTS('',7,(#9809,#9810,#9811,#9812,#9813,
    #9814,#9815,#9816),.UNSPECIFIED.,.F.,.F.,(8,8),(0.,1.410917979042),
  .PIECEWISE_BEZIER_KNOTS.);
#9809 = CARTESIAN_POINT('',(-4.517151790048E-15,-0.184010695464));
#9810 = CARTESIAN_POINT('',(-0.204928571538,-0.177961468924));
#9811 = CARTESIAN_POINT('',(-0.409317781373,-0.163099474296));
#9812 = CARTESIAN_POINT('',(-0.612262401915,-0.139861967526));
#9813 = CARTESIAN_POINT('',(-0.813044605467,-0.109672132787));
#9814 = CARTESIAN_POINT('',(-1.012012386682,-7.471400280429E-02));
#9815 = CARTESIAN_POINT('',(-1.210080600077,-3.735661239438E-02));
#9816 = CARTESIAN_POINT('',(-1.408148267117,-1.092875789865E-14));
#9817 = ( GEOMETRIC_REPRESENTATION_CONTEXT(2) 
PARAMETRIC_REPRESENTATION_CONTEXT() REPRESENTATION_CONTEXT('2D SPACE',''
  ) );
#9818 = ORIENTED_EDGE('',*,*,#8534,.T.);
#9819 = ORIENTED_EDGE('',*,*,#9730,.F.);
#9820 = ADVANCED_FACE('',(#9821),#8522,.T.);
#9821 = FACE_BOUND('',#9822,.F.);
#9822 = EDGE_LOOP('',(#9823,#9824,#9825,#9826));
#9823 = ORIENTED_EDGE('',*,*,#8506,.F.);
#9824 = ORIENTED_EDGE('',*,*,#9596,.T.);
#9825 = ORIENTED_EDGE('',*,*,#9705,.T.);
#9826 = ORIENTED_EDGE('',*,*,#9827,.T.);
#9827 = EDGE_CURVE('',#9678,#8507,#9828,.T.);
#9828 = SURFACE_CURVE('',#9829,(#9834,#9840),.PCURVE_S1.);
#9829 = CIRCLE('',#9830,0.8);
#9830 = AXIS2_PLACEMENT_3D('',#9831,#9832,#9833);
#9831 = CARTESIAN_POINT('',(-16.65754123955,19.12864945872,
    22.306318417877));
#9832 = DIRECTION('',(0.161931881734,-0.647727526938,-0.744464315145));
#9833 = DIRECTION('',(-0.986801938424,-0.106290566733,-0.122164846604));
#9834 = PCURVE('',#8522,#9835);
#9835 = DEFINITIONAL_REPRESENTATION('',(#9836),#9839);
#9836 = B_SPLINE_CURVE_WITH_KNOTS('',1,(#9837,#9838),.UNSPECIFIED.,.F.,
  .F.,(2,2),(4.712388980385,6.099174611716),.PIECEWISE_BEZIER_KNOTS.);
#9837 = CARTESIAN_POINT('',(-1.386785631331,2.845210847479));
#9838 = CARTESIAN_POINT('',(-6.217248937901E-15,2.845210847479));
#9839 = ( GEOMETRIC_REPRESENTATION_CONTEXT(2) 
PARAMETRIC_REPRESENTATION_CONTEXT() REPRESENTATION_CONTEXT('2D SPACE',''
  ) );
#9840 = PCURVE('',#9802,#9841);
#9841 = DEFINITIONAL_REPRESENTATION('',(#9842),#9845);
#9842 = B_SPLINE_CURVE_WITH_KNOTS('',1,(#9843,#9844),.UNSPECIFIED.,.F.,
  .F.,(2,2),(4.712388980385,6.099174611716),.PIECEWISE_BEZIER_KNOTS.);
#9843 = CARTESIAN_POINT('',(0.,-1.570796326795));
#9844 = CARTESIAN_POINT('',(0.,-0.184010695464));
#9845 = ( GEOMETRIC_REPRESENTATION_CONTEXT(2) 
PARAMETRIC_REPRESENTATION_CONTEXT() REPRESENTATION_CONTEXT('2D SPACE',''
  ) );
#9846 = ADVANCED_FACE('',(#9847),#8905,.F.);
#9847 = FACE_BOUND('',#9848,.F.);
#9848 = EDGE_LOOP('',(#9849,#9877,#9878,#9879));
#9849 = ORIENTED_EDGE('',*,*,#9850,.T.);
#9850 = EDGE_CURVE('',#8761,#9069,#9851,.T.);
#9851 = SURFACE_CURVE('',#9852,(#9857,#9871),.PCURVE_S1.);
#9852 = CIRCLE('',#9853,0.8);
#9853 = AXIS2_PLACEMENT_3D('',#9854,#9855,#9856);
#9854 = CARTESIAN_POINT('',(16.883867603386,20.033954914039,
    21.518649685116));
#9855 = DIRECTION('',(-0.18533769549,-0.741350781959,0.645018570833));
#9856 = DIRECTION('',(-5.082531246698E-18,-0.656390610635,
    -0.754421212765));
#9857 = PCURVE('',#8905,#9858);
#9858 = DEFINITIONAL_REPRESENTATION('',(#9859),#9870);
#9859 = B_SPLINE_CURVE_WITH_KNOTS('',9,(#9860,#9861,#9862,#9863,#9864,
    #9865,#9866,#9867,#9868,#9869),.UNSPECIFIED.,.F.,.F.,(10,10),(0.,
    1.410917979042),.PIECEWISE_BEZIER_KNOTS.);
#9860 = CARTESIAN_POINT('',(-1.7763568394E-15,1.906758529322));
#9861 = CARTESIAN_POINT('',(1.641373001305,1.906758529322));
#9862 = CARTESIAN_POINT('',(3.176181665191,1.906758529322));
#9863 = CARTESIAN_POINT('',(4.645455940039,1.906758529322));
#9864 = CARTESIAN_POINT('',(6.078093941362,1.906758529322));
#9865 = CARTESIAN_POINT('',(7.499095119345,1.906758529322));
#9866 = CARTESIAN_POINT('',(8.931733120666,1.906758529322));
#9867 = CARTESIAN_POINT('',(10.401007395516,1.906758529322));
#9868 = CARTESIAN_POINT('',(11.935816059401,1.906758529322));
#9869 = CARTESIAN_POINT('',(13.577189060706,1.906758529322));
#9870 = ( GEOMETRIC_REPRESENTATION_CONTEXT(2) 
PARAMETRIC_REPRESENTATION_CONTEXT() REPRESENTATION_CONTEXT('2D SPACE',''
  ) );
#9871 = PCURVE('',#9084,#9872);
#9872 = DEFINITIONAL_REPRESENTATION('',(#9873),#9876);
#9873 = B_SPLINE_CURVE_WITH_KNOTS('',1,(#9874,#9875),.UNSPECIFIED.,.F.,
  .F.,(2,2),(0.,1.410917979042),.PIECEWISE_BEZIER_KNOTS.);
#9874 = CARTESIAN_POINT('',(0.,1.906758529322));
#9875 = CARTESIAN_POINT('',(-1.410917979042,1.906758529322));
#9876 = ( GEOMETRIC_REPRESENTATION_CONTEXT(2) 
PARAMETRIC_REPRESENTATION_CONTEXT() REPRESENTATION_CONTEXT('2D SPACE',''
  ) );
#9877 = ORIENTED_EDGE('',*,*,#9096,.T.);
#9878 = ORIENTED_EDGE('',*,*,#9001,.F.);
#9879 = ORIENTED_EDGE('',*,*,#8788,.F.);
#9880 = ADVANCED_FACE('',(#9881),#8776,.F.);
#9881 = FACE_BOUND('',#9882,.F.);
#9882 = EDGE_LOOP('',(#9883,#9884,#9885,#9908));
#9883 = ORIENTED_EDGE('',*,*,#8760,.F.);
#9884 = ORIENTED_EDGE('',*,*,#9764,.F.);
#9885 = ORIENTED_EDGE('',*,*,#9886,.T.);
#9886 = EDGE_CURVE('',#9765,#9887,#9889,.T.);
#9887 = VERTEX_POINT('',#9888);
#9888 = CARTESIAN_POINT('',(16.657541239557,18.603536970212,
    21.702781447665));
#9889 = SURFACE_CURVE('',#9890,(#9894,#9901),.PCURVE_S1.);
#9890 = LINE('',#9891,#9892);
#9891 = CARTESIAN_POINT('',(-17.2,18.603536970212,21.702781447665));
#9892 = VECTOR('',#9893,1.);
#9893 = DIRECTION('',(1.,0.,0.));
#9894 = PCURVE('',#8776,#9895);
#9895 = DEFINITIONAL_REPRESENTATION('',(#9896),#9900);
#9896 = LINE('',#9897,#9898);
#9897 = CARTESIAN_POINT('',(0.8,-3.));
#9898 = VECTOR('',#9899,1.);
#9899 = DIRECTION('',(0.,-1.));
#9900 = ( GEOMETRIC_REPRESENTATION_CONTEXT(2) 
PARAMETRIC_REPRESENTATION_CONTEXT() REPRESENTATION_CONTEXT('2D SPACE',''
  ) );
#9901 = PCURVE('',#9693,#9902);
#9902 = DEFINITIONAL_REPRESENTATION('',(#9903),#9907);
#9903 = LINE('',#9904,#9905);
#9904 = CARTESIAN_POINT('',(-0.,0.));
#9905 = VECTOR('',#9906,1.);
#9906 = DIRECTION('',(-0.,1.));
#9907 = ( GEOMETRIC_REPRESENTATION_CONTEXT(2) 
PARAMETRIC_REPRESENTATION_CONTEXT() REPRESENTATION_CONTEXT('2D SPACE',''
  ) );
#9908 = ORIENTED_EDGE('',*,*,#9909,.T.);
#9909 = EDGE_CURVE('',#9887,#8761,#9910,.T.);
#9910 = SURFACE_CURVE('',#9911,(#9915,#9922),.PCURVE_S1.);
#9911 = LINE('',#9912,#9913);
#9912 = CARTESIAN_POINT('',(16.530473371706,18.095265498812,
    22.145007376411));
#9913 = VECTOR('',#9914,1.);
#9914 = DIRECTION('',(0.18533769549,0.741350781959,-0.645018570833));
#9915 = PCURVE('',#8776,#9916);
#9916 = DEFINITIONAL_REPRESENTATION('',(#9917),#9921);
#9917 = LINE('',#9918,#9919);
#9918 = CARTESIAN_POINT('',(0.126276272724,-36.7304733717));
#9919 = VECTOR('',#9920,1.);
#9920 = DIRECTION('',(0.98267488959,-0.18533769549));
#9921 = ( GEOMETRIC_REPRESENTATION_CONTEXT(2) 
PARAMETRIC_REPRESENTATION_CONTEXT() REPRESENTATION_CONTEXT('2D SPACE',''
  ) );
#9922 = PCURVE('',#9084,#9923);
#9923 = DEFINITIONAL_REPRESENTATION('',(#9924),#9928);
#9924 = LINE('',#9925,#9926);
#9925 = CARTESIAN_POINT('',(-0.,0.));
#9926 = VECTOR('',#9927,1.);
#9927 = DIRECTION('',(-0.,1.));
#9928 = ( GEOMETRIC_REPRESENTATION_CONTEXT(2) 
PARAMETRIC_REPRESENTATION_CONTEXT() REPRESENTATION_CONTEXT('2D SPACE',''
  ) );
#9929 = ADVANCED_FACE('',(#9930),#9084,.T.);
#9930 = FACE_BOUND('',#9931,.F.);
#9931 = EDGE_LOOP('',(#9932,#9933,#9965,#9966));
#9932 = ORIENTED_EDGE('',*,*,#9909,.F.);
#9933 = ORIENTED_EDGE('',*,*,#9934,.F.);
#9934 = EDGE_CURVE('',#9041,#9887,#9935,.T.);
#9935 = SURFACE_CURVE('',#9936,(#9941,#9948),.PCURVE_S1.);
#9936 = CIRCLE('',#9937,0.8);
#9937 = AXIS2_PLACEMENT_3D('',#9938,#9939,#9940);
#9938 = CARTESIAN_POINT('',(16.657541239557,19.12864945872,
    22.306318417877));
#9939 = DIRECTION('',(0.18533769549,0.741350781959,-0.645018570833));
#9940 = DIRECTION('',(0.970142500145,-0.242535625036,4.426813087408E-15)
  );
#9941 = PCURVE('',#9084,#9942);
#9942 = DEFINITIONAL_REPRESENTATION('',(#9943),#9947);
#9943 = LINE('',#9944,#9945);
#9944 = CARTESIAN_POINT('',(-1.410917979042,0.685601855113));
#9945 = VECTOR('',#9946,1.);
#9946 = DIRECTION('',(1.,-3.147519674755E-16));
#9947 = ( GEOMETRIC_REPRESENTATION_CONTEXT(2) 
PARAMETRIC_REPRESENTATION_CONTEXT() REPRESENTATION_CONTEXT('2D SPACE',''
  ) );
#9948 = PCURVE('',#9949,#9954);
#9949 = SPHERICAL_SURFACE('',#9950,0.8);
#9950 = AXIS2_PLACEMENT_3D('',#9951,#9952,#9953);
#9951 = CARTESIAN_POINT('',(16.657541239557,19.12864945872,
    22.306318417877));
#9952 = DIRECTION('',(0.,0.754421212765,-0.656390610635));
#9953 = DIRECTION('',(0.986801938424,-0.106290566733,-0.122164846604));
#9954 = DEFINITIONAL_REPRESENTATION('',(#9955),#9964);
#9955 = B_SPLINE_CURVE_WITH_KNOTS('',7,(#9956,#9957,#9958,#9959,#9960,
    #9961,#9962,#9963),.UNSPECIFIED.,.F.,.F.,(8,8),(0.,1.410917979042),
  .PIECEWISE_BEZIER_KNOTS.);
#9956 = CARTESIAN_POINT('',(0.,-0.184010695464));
#9957 = CARTESIAN_POINT('',(0.204928571538,-0.177961468924));
#9958 = CARTESIAN_POINT('',(0.409317781373,-0.163099474296));
#9959 = CARTESIAN_POINT('',(0.612262401914,-0.139861967526));
#9960 = CARTESIAN_POINT('',(0.813044605467,-0.109672132787));
#9961 = CARTESIAN_POINT('',(1.012012386682,-7.471400280423E-02));
#9962 = CARTESIAN_POINT('',(1.210080600077,-3.735661239437E-02));
#9963 = CARTESIAN_POINT('',(1.408148267117,-6.591949208712E-16));
#9964 = ( GEOMETRIC_REPRESENTATION_CONTEXT(2) 
PARAMETRIC_REPRESENTATION_CONTEXT() REPRESENTATION_CONTEXT('2D SPACE',''
  ) );
#9965 = ORIENTED_EDGE('',*,*,#9068,.T.);
#9966 = ORIENTED_EDGE('',*,*,#9850,.F.);
#9967 = ADVANCED_FACE('',(#9968),#9056,.T.);
#9968 = FACE_BOUND('',#9969,.T.);
#9969 = EDGE_LOOP('',(#9970,#9971,#9972,#9973));
#9970 = ORIENTED_EDGE('',*,*,#9040,.F.);
#9971 = ORIENTED_EDGE('',*,*,#9626,.T.);
#9972 = ORIENTED_EDGE('',*,*,#9654,.T.);
#9973 = ORIENTED_EDGE('',*,*,#9974,.T.);
#9974 = EDGE_CURVE('',#9655,#9041,#9975,.T.);
#9975 = SURFACE_CURVE('',#9976,(#9981,#9987),.PCURVE_S1.);
#9976 = CIRCLE('',#9977,0.8);
#9977 = AXIS2_PLACEMENT_3D('',#9978,#9979,#9980);
#9978 = CARTESIAN_POINT('',(16.657541239557,19.12864945872,
    22.306318417877));
#9979 = DIRECTION('',(0.161931881734,0.647727526938,0.744464315145));
#9980 = DIRECTION('',(0.986801938424,-0.106290566733,-0.122164846604));
#9981 = PCURVE('',#9056,#9982);
#9982 = DEFINITIONAL_REPRESENTATION('',(#9983),#9986);
#9983 = B_SPLINE_CURVE_WITH_KNOTS('',1,(#9984,#9985),.UNSPECIFIED.,.F.,
  .F.,(2,2),(4.712388980385,6.099174611716),.PIECEWISE_BEZIER_KNOTS.);
#9984 = CARTESIAN_POINT('',(1.386785631331,2.845210847479));
#9985 = CARTESIAN_POINT('',(1.7763568394E-15,2.845210847479));
#9986 = ( GEOMETRIC_REPRESENTATION_CONTEXT(2) 
PARAMETRIC_REPRESENTATION_CONTEXT() REPRESENTATION_CONTEXT('2D SPACE',''
  ) );
#9987 = PCURVE('',#9949,#9988);
#9988 = DEFINITIONAL_REPRESENTATION('',(#9989),#9992);
#9989 = B_SPLINE_CURVE_WITH_KNOTS('',1,(#9990,#9991),.UNSPECIFIED.,.F.,
  .F.,(2,2),(4.712388980385,6.099174611716),.PIECEWISE_BEZIER_KNOTS.);
#9990 = CARTESIAN_POINT('',(0.,-1.570796326795));
#9991 = CARTESIAN_POINT('',(0.,-0.184010695464));
#9992 = ( GEOMETRIC_REPRESENTATION_CONTEXT(2) 
PARAMETRIC_REPRESENTATION_CONTEXT() REPRESENTATION_CONTEXT('2D SPACE',''
  ) );
#9993 = ADVANCED_FACE('',(#9994),#9198,.T.);
#9994 = FACE_BOUND('',#9995,.T.);
#9995 = EDGE_LOOP('',(#9996,#10021,#10022,#10023));
#9996 = ORIENTED_EDGE('',*,*,#9997,.F.);
#9997 = EDGE_CURVE('',#9298,#9216,#9998,.T.);
#9998 = SURFACE_CURVE('',#9999,(#10004,#10010),.PCURVE_S1.);
#9999 = CIRCLE('',#10000,0.8);
#10000 = AXIS2_PLACEMENT_3D('',#10001,#10002,#10003);
#10001 = CARTESIAN_POINT('',(-32.3686291501,2.6,17.7));
#10002 = DIRECTION('',(0.707106781187,0.,0.707106781187));
#10003 = DIRECTION('',(-0.707106781187,0.,0.707106781187));
#10004 = PCURVE('',#9198,#10005);
#10005 = DEFINITIONAL_REPRESENTATION('',(#10006),#10009);
#10006 = B_SPLINE_CURVE_WITH_KNOTS('',1,(#10007,#10008),.UNSPECIFIED.,
  .F.,.F.,(2,2),(4.712388980385,6.28318530718),
  .PIECEWISE_BEZIER_KNOTS.);
#10007 = CARTESIAN_POINT('',(1.570796326795,0.331370849898));
#10008 = CARTESIAN_POINT('',(0.,0.331370849898));
#10009 = ( GEOMETRIC_REPRESENTATION_CONTEXT(2) 
PARAMETRIC_REPRESENTATION_CONTEXT() REPRESENTATION_CONTEXT('2D SPACE',''
  ) );
#10010 = PCURVE('',#10011,#10016);
#10011 = SPHERICAL_SURFACE('',#10012,0.8);
#10012 = AXIS2_PLACEMENT_3D('',#10013,#10014,#10015);
#10013 = CARTESIAN_POINT('',(-32.3686291501,2.6,17.7));
#10014 = DIRECTION('',(0.,-1.,0.));
#10015 = DIRECTION('',(-0.707106781187,0.,0.707106781187));
#10016 = DEFINITIONAL_REPRESENTATION('',(#10017),#10020);
#10017 = B_SPLINE_CURVE_WITH_KNOTS('',1,(#10018,#10019),.UNSPECIFIED.,
  .F.,.F.,(2,2),(4.712388980385,6.28318530718),
  .PIECEWISE_BEZIER_KNOTS.);
#10018 = CARTESIAN_POINT('',(0.,-1.570796326795));
#10019 = CARTESIAN_POINT('',(0.,0.));
#10020 = ( GEOMETRIC_REPRESENTATION_CONTEXT(2) 
PARAMETRIC_REPRESENTATION_CONTEXT() REPRESENTATION_CONTEXT('2D SPACE',''
  ) );
#10021 = ORIENTED_EDGE('',*,*,#9325,.T.);
#10022 = ORIENTED_EDGE('',*,*,#9184,.T.);
#10023 = ORIENTED_EDGE('',*,*,#9243,.F.);
#10024 = ADVANCED_FACE('',(#10025),#9231,.T.);
#10025 = FACE_BOUND('',#10026,.T.);
#10026 = EDGE_LOOP('',(#10027,#10028,#10029,#10030));
#10027 = ORIENTED_EDGE('',*,*,#9215,.F.);
#10028 = ORIENTED_EDGE('',*,*,#9498,.T.);
#10029 = ORIENTED_EDGE('',*,*,#9570,.T.);
#10030 = ORIENTED_EDGE('',*,*,#10031,.F.);
#10031 = EDGE_CURVE('',#9216,#9548,#10032,.T.);
#10032 = SURFACE_CURVE('',#10033,(#10038,#10045),.PCURVE_S1.);
#10033 = CIRCLE('',#10034,0.8);
#10034 = AXIS2_PLACEMENT_3D('',#10035,#10036,#10037);
#10035 = CARTESIAN_POINT('',(-32.3686291501,2.6,17.7));
#10036 = DIRECTION('',(0.,1.,-0.));
#10037 = DIRECTION('',(-0.707106781187,0.,0.707106781187));
#10038 = PCURVE('',#9231,#10039);
#10039 = DEFINITIONAL_REPRESENTATION('',(#10040),#10044);
#10040 = LINE('',#10041,#10042);
#10041 = CARTESIAN_POINT('',(0.,2.6));
#10042 = VECTOR('',#10043,1.);
#10043 = DIRECTION('',(1.,0.));
#10044 = ( GEOMETRIC_REPRESENTATION_CONTEXT(2) 
PARAMETRIC_REPRESENTATION_CONTEXT() REPRESENTATION_CONTEXT('2D SPACE',''
  ) );
#10045 = PCURVE('',#10011,#10046);
#10046 = DEFINITIONAL_REPRESENTATION('',(#10047),#10051);
#10047 = LINE('',#10048,#10049);
#10048 = CARTESIAN_POINT('',(-0.,0.));
#10049 = VECTOR('',#10050,1.);
#10050 = DIRECTION('',(-1.,0.));
#10051 = ( GEOMETRIC_REPRESENTATION_CONTEXT(2) 
PARAMETRIC_REPRESENTATION_CONTEXT() REPRESENTATION_CONTEXT('2D SPACE',''
  ) );
#10052 = ADVANCED_FACE('',(#10053),#9285,.T.);
#10053 = FACE_BOUND('',#10054,.T.);
#10054 = EDGE_LOOP('',(#10055,#10056,#10057,#10082));
#10055 = ORIENTED_EDGE('',*,*,#9391,.F.);
#10056 = ORIENTED_EDGE('',*,*,#9269,.T.);
#10057 = ORIENTED_EDGE('',*,*,#10058,.T.);
#10058 = EDGE_CURVE('',#9270,#9418,#10059,.T.);
#10059 = SURFACE_CURVE('',#10060,(#10065,#10071),.PCURVE_S1.);
#10060 = CIRCLE('',#10061,0.8);
#10061 = AXIS2_PLACEMENT_3D('',#10062,#10063,#10064);
#10062 = CARTESIAN_POINT('',(32.368629150102,2.6,17.7));
#10063 = DIRECTION('',(0.707106781187,0.,-0.707106781187));
#10064 = DIRECTION('',(0.707106781187,0.,0.707106781187));
#10065 = PCURVE('',#9285,#10066);
#10066 = DEFINITIONAL_REPRESENTATION('',(#10067),#10070);
#10067 = B_SPLINE_CURVE_WITH_KNOTS('',1,(#10068,#10069),.UNSPECIFIED.,
  .F.,.F.,(2,2),(4.712388980385,6.28318530718),
  .PIECEWISE_BEZIER_KNOTS.);
#10068 = CARTESIAN_POINT('',(1.570796326795,3.204163056034));
#10069 = CARTESIAN_POINT('',(0.,3.204163056034));
#10070 = ( GEOMETRIC_REPRESENTATION_CONTEXT(2) 
PARAMETRIC_REPRESENTATION_CONTEXT() REPRESENTATION_CONTEXT('2D SPACE',''
  ) );
#10071 = PCURVE('',#10072,#10077);
#10072 = SPHERICAL_SURFACE('',#10073,0.8);
#10073 = AXIS2_PLACEMENT_3D('',#10074,#10075,#10076);
#10074 = CARTESIAN_POINT('',(32.368629150102,2.6,17.7));
#10075 = DIRECTION('',(0.,-1.,0.));
#10076 = DIRECTION('',(0.,0.,1.));
#10077 = DEFINITIONAL_REPRESENTATION('',(#10078),#10081);
#10078 = B_SPLINE_CURVE_WITH_KNOTS('',1,(#10079,#10080),.UNSPECIFIED.,
  .F.,.F.,(2,2),(4.712388980385,6.28318530718),
  .PIECEWISE_BEZIER_KNOTS.);
#10079 = CARTESIAN_POINT('',(-0.785398163397,-1.570796326795));
#10080 = CARTESIAN_POINT('',(-0.785398163397,0.));
#10081 = ( GEOMETRIC_REPRESENTATION_CONTEXT(2) 
PARAMETRIC_REPRESENTATION_CONTEXT() REPRESENTATION_CONTEXT('2D SPACE',''
  ) );
#10082 = ORIENTED_EDGE('',*,*,#9417,.F.);
#10083 = ADVANCED_FACE('',(#10084),#9313,.T.);
#10084 = FACE_BOUND('',#10085,.T.);
#10085 = EDGE_LOOP('',(#10086,#10106,#10107,#10127));
#10086 = ORIENTED_EDGE('',*,*,#10087,.F.);
#10087 = EDGE_CURVE('',#9270,#9525,#10088,.T.);
#10088 = SURFACE_CURVE('',#10089,(#10094,#10100),.PCURVE_S1.);
#10089 = CIRCLE('',#10090,0.8);
#10090 = AXIS2_PLACEMENT_3D('',#10091,#10092,#10093);
#10091 = CARTESIAN_POINT('',(32.368629150102,2.6,17.7));
#10092 = DIRECTION('',(1.,0.,-0.));
#10093 = DIRECTION('',(0.,0.,1.));
#10094 = PCURVE('',#9313,#10095);
#10095 = DEFINITIONAL_REPRESENTATION('',(#10096),#10099);
#10096 = B_SPLINE_CURVE_WITH_KNOTS('',1,(#10097,#10098),.UNSPECIFIED.,
  .F.,.F.,(2,2),(4.712388980385,6.28318530718),
  .PIECEWISE_BEZIER_KNOTS.);
#10097 = CARTESIAN_POINT('',(1.570796326795,0.331370849898));
#10098 = CARTESIAN_POINT('',(0.,0.331370849898));
#10099 = ( GEOMETRIC_REPRESENTATION_CONTEXT(2) 
PARAMETRIC_REPRESENTATION_CONTEXT() REPRESENTATION_CONTEXT('2D SPACE',''
  ) );
#10100 = PCURVE('',#10072,#10101);
#10101 = DEFINITIONAL_REPRESENTATION('',(#10102),#10105);
#10102 = B_SPLINE_CURVE_WITH_KNOTS('',1,(#10103,#10104),.UNSPECIFIED.,
  .F.,.F.,(2,2),(4.712388980385,6.28318530718),
  .PIECEWISE_BEZIER_KNOTS.);
#10103 = CARTESIAN_POINT('',(0.,-1.570796326795));
#10104 = CARTESIAN_POINT('',(0.,0.));
#10105 = ( GEOMETRIC_REPRESENTATION_CONTEXT(2) 
PARAMETRIC_REPRESENTATION_CONTEXT() REPRESENTATION_CONTEXT('2D SPACE',''
  ) );
#10106 = ORIENTED_EDGE('',*,*,#9297,.T.);
#10107 = ORIENTED_EDGE('',*,*,#10108,.T.);
#10108 = EDGE_CURVE('',#9298,#9548,#10109,.T.);
#10109 = SURFACE_CURVE('',#10110,(#10115,#10121),.PCURVE_S1.);
#10110 = CIRCLE('',#10111,0.8);
#10111 = AXIS2_PLACEMENT_3D('',#10112,#10113,#10114);
#10112 = CARTESIAN_POINT('',(-32.3686291501,2.6,17.7));
#10113 = DIRECTION('',(1.,0.,-3.053113317719E-15));
#10114 = DIRECTION('',(3.053113317719E-15,0.,1.));
#10115 = PCURVE('',#9313,#10116);
#10116 = DEFINITIONAL_REPRESENTATION('',(#10117),#10120);
#10117 = B_SPLINE_CURVE_WITH_KNOTS('',1,(#10118,#10119),.UNSPECIFIED.,
  .F.,.F.,(2,2),(4.712388980385,6.28318530718),
  .PIECEWISE_BEZIER_KNOTS.);
#10118 = CARTESIAN_POINT('',(1.570796326795,65.068629150102));
#10119 = CARTESIAN_POINT('',(0.,65.068629150102));
#10120 = ( GEOMETRIC_REPRESENTATION_CONTEXT(2) 
PARAMETRIC_REPRESENTATION_CONTEXT() REPRESENTATION_CONTEXT('2D SPACE',''
  ) );
#10121 = PCURVE('',#10011,#10122);
#10122 = DEFINITIONAL_REPRESENTATION('',(#10123),#10126);
#10123 = B_SPLINE_CURVE_WITH_KNOTS('',1,(#10124,#10125),.UNSPECIFIED.,
  .F.,.F.,(2,2),(4.712388980385,6.28318530718),
  .PIECEWISE_BEZIER_KNOTS.);
#10124 = CARTESIAN_POINT('',(-0.785398163397,-1.570796326795));
#10125 = CARTESIAN_POINT('',(-0.785398163397,0.));
#10126 = ( GEOMETRIC_REPRESENTATION_CONTEXT(2) 
PARAMETRIC_REPRESENTATION_CONTEXT() REPRESENTATION_CONTEXT('2D SPACE',''
  ) );
#10127 = ORIENTED_EDGE('',*,*,#9547,.F.);
#10128 = ADVANCED_FACE('',(#10129),#9454,.T.);
#10129 = FACE_BOUND('',#10130,.T.);
#10130 = EDGE_LOOP('',(#10131,#10132,#10133,#10134));
#10131 = ORIENTED_EDGE('',*,*,#9524,.F.);
#10132 = ORIENTED_EDGE('',*,*,#9471,.T.);
#10133 = ORIENTED_EDGE('',*,*,#9440,.T.);
#10134 = ORIENTED_EDGE('',*,*,#10135,.F.);
#10135 = EDGE_CURVE('',#9525,#9418,#10136,.T.);
#10136 = SURFACE_CURVE('',#10137,(#10142,#10149),.PCURVE_S1.);
#10137 = CIRCLE('',#10138,0.8);
#10138 = AXIS2_PLACEMENT_3D('',#10139,#10140,#10141);
#10139 = CARTESIAN_POINT('',(32.368629150102,2.6,17.7));
#10140 = DIRECTION('',(-0.,1.,0.));
#10141 = DIRECTION('',(0.,0.,1.));
#10142 = PCURVE('',#9454,#10143);
#10143 = DEFINITIONAL_REPRESENTATION('',(#10144),#10148);
#10144 = LINE('',#10145,#10146);
#10145 = CARTESIAN_POINT('',(0.,2.6));
#10146 = VECTOR('',#10147,1.);
#10147 = DIRECTION('',(1.,0.));
#10148 = ( GEOMETRIC_REPRESENTATION_CONTEXT(2) 
PARAMETRIC_REPRESENTATION_CONTEXT() REPRESENTATION_CONTEXT('2D SPACE',''
  ) );
#10149 = PCURVE('',#10072,#10150);
#10150 = DEFINITIONAL_REPRESENTATION('',(#10151),#10155);
#10151 = LINE('',#10152,#10153);
#10152 = CARTESIAN_POINT('',(-0.,0.));
#10153 = VECTOR('',#10154,1.);
#10154 = DIRECTION('',(-1.,0.));
#10155 = ( GEOMETRIC_REPRESENTATION_CONTEXT(2) 
PARAMETRIC_REPRESENTATION_CONTEXT() REPRESENTATION_CONTEXT('2D SPACE',''
  ) );
#10156 = ADVANCED_FACE('',(#10157),#9693,.T.);
#10157 = FACE_BOUND('',#10158,.F.);
#10158 = EDGE_LOOP('',(#10159,#10179,#10180,#10200));
#10159 = ORIENTED_EDGE('',*,*,#10160,.F.);
#10160 = EDGE_CURVE('',#9678,#9765,#10161,.T.);
#10161 = SURFACE_CURVE('',#10162,(#10167,#10173),.PCURVE_S1.);
#10162 = CIRCLE('',#10163,0.8);
#10163 = AXIS2_PLACEMENT_3D('',#10164,#10165,#10166);
#10164 = CARTESIAN_POINT('',(-16.65754123955,19.12864945872,
    22.306318417877));
#10165 = DIRECTION('',(1.,3.479733352331E-15,3.999424448237E-15));
#10166 = DIRECTION('',(5.301314942585E-15,-0.656390610635,
    -0.754421212765));
#10167 = PCURVE('',#9693,#10168);
#10168 = DEFINITIONAL_REPRESENTATION('',(#10169),#10172);
#10169 = B_SPLINE_CURVE_WITH_KNOTS('',1,(#10170,#10171),.UNSPECIFIED.,
  .F.,.F.,(2,2),(4.712388980385,6.28318530718),
  .PIECEWISE_BEZIER_KNOTS.);
#10170 = CARTESIAN_POINT('',(-1.570796326795,0.542458760443));
#10171 = CARTESIAN_POINT('',(-1.06581410364E-14,0.542458760443));
#10172 = ( GEOMETRIC_REPRESENTATION_CONTEXT(2) 
PARAMETRIC_REPRESENTATION_CONTEXT() REPRESENTATION_CONTEXT('2D SPACE',''
  ) );
#10173 = PCURVE('',#9802,#10174);
#10174 = DEFINITIONAL_REPRESENTATION('',(#10175),#10178);
#10175 = B_SPLINE_CURVE_WITH_KNOTS('',1,(#10176,#10177),.UNSPECIFIED.,
  .F.,.F.,(2,2),(4.712388980385,6.28318530718),
  .PIECEWISE_BEZIER_KNOTS.);
#10176 = CARTESIAN_POINT('',(-1.408148267117,-1.570796326795));
#10177 = CARTESIAN_POINT('',(-1.408148267117,-1.06581410364E-14));
#10178 = ( GEOMETRIC_REPRESENTATION_CONTEXT(2) 
PARAMETRIC_REPRESENTATION_CONTEXT() REPRESENTATION_CONTEXT('2D SPACE',''
  ) );
#10179 = ORIENTED_EDGE('',*,*,#9677,.T.);
#10180 = ORIENTED_EDGE('',*,*,#10181,.T.);
#10181 = EDGE_CURVE('',#9655,#9887,#10182,.T.);
#10182 = SURFACE_CURVE('',#10183,(#10188,#10194),.PCURVE_S1.);
#10183 = CIRCLE('',#10184,0.8);
#10184 = AXIS2_PLACEMENT_3D('',#10185,#10186,#10187);
#10185 = CARTESIAN_POINT('',(16.657541239557,19.12864945872,
    22.306318417877));
#10186 = DIRECTION('',(1.,6.55865972167E-16,7.538182206101E-16));
#10187 = DIRECTION('',(9.992007221626E-16,-0.656390610635,
    -0.754421212765));
#10188 = PCURVE('',#9693,#10189);
#10189 = DEFINITIONAL_REPRESENTATION('',(#10190),#10193);
#10190 = B_SPLINE_CURVE_WITH_KNOTS('',1,(#10191,#10192),.UNSPECIFIED.,
  .F.,.F.,(2,2),(4.712388980385,6.28318530718),
  .PIECEWISE_BEZIER_KNOTS.);
#10191 = CARTESIAN_POINT('',(-1.570796326795,33.857541239557));
#10192 = CARTESIAN_POINT('',(-8.881784197001E-16,33.857541239557));
#10193 = ( GEOMETRIC_REPRESENTATION_CONTEXT(2) 
PARAMETRIC_REPRESENTATION_CONTEXT() REPRESENTATION_CONTEXT('2D SPACE',''
  ) );
#10194 = PCURVE('',#9949,#10195);
#10195 = DEFINITIONAL_REPRESENTATION('',(#10196),#10199);
#10196 = B_SPLINE_CURVE_WITH_KNOTS('',1,(#10197,#10198),.UNSPECIFIED.,
  .F.,.F.,(2,2),(4.712388980385,6.28318530718),
  .PIECEWISE_BEZIER_KNOTS.);
#10197 = CARTESIAN_POINT('',(1.408148267117,-1.570796326795));
#10198 = CARTESIAN_POINT('',(1.408148267117,-8.881784197001E-16));
#10199 = ( GEOMETRIC_REPRESENTATION_CONTEXT(2) 
PARAMETRIC_REPRESENTATION_CONTEXT() REPRESENTATION_CONTEXT('2D SPACE',''
  ) );
#10200 = ORIENTED_EDGE('',*,*,#9886,.F.);
#10201 = ADVANCED_FACE('',(#10202),#9802,.T.);
#10202 = FACE_BOUND('',#10203,.F.);
#10203 = EDGE_LOOP('',(#10204,#10205,#10206));
#10204 = ORIENTED_EDGE('',*,*,#9827,.F.);
#10205 = ORIENTED_EDGE('',*,*,#10160,.T.);
#10206 = ORIENTED_EDGE('',*,*,#9787,.F.);
#10207 = ADVANCED_FACE('',(#10208),#9949,.T.);
#10208 = FACE_BOUND('',#10209,.T.);
#10209 = EDGE_LOOP('',(#10210,#10211,#10212));
#10210 = ORIENTED_EDGE('',*,*,#9974,.F.);
#10211 = ORIENTED_EDGE('',*,*,#10181,.T.);
#10212 = ORIENTED_EDGE('',*,*,#9934,.F.);
#10213 = ADVANCED_FACE('',(#10214),#10011,.T.);
#10214 = FACE_BOUND('',#10215,.F.);
#10215 = EDGE_LOOP('',(#10216,#10217,#10218));
#10216 = ORIENTED_EDGE('',*,*,#9997,.F.);
#10217 = ORIENTED_EDGE('',*,*,#10108,.T.);
#10218 = ORIENTED_EDGE('',*,*,#10031,.F.);
#10219 = ADVANCED_FACE('',(#10220),#10072,.T.);
#10220 = FACE_BOUND('',#10221,.F.);
#10221 = EDGE_LOOP('',(#10222,#10223,#10224));
#10222 = ORIENTED_EDGE('',*,*,#10087,.F.);
#10223 = ORIENTED_EDGE('',*,*,#10058,.T.);
#10224 = ORIENTED_EDGE('',*,*,#10135,.F.);
#10225 = ( GEOMETRIC_REPRESENTATION_CONTEXT(3) 
GLOBAL_UNCERTAINTY_ASSIGNED_CONTEXT((#10229)) 
GLOBAL_UNIT_ASSIGNED_CONTEXT((#10226,#10227,#10228)) 
REPRESENTATION_CONTEXT('Context #1',
  '3D Context with UNIT and UNCERTAINTY') );
#10226 = ( LENGTH_UNIT() NAMED_UNIT(*) SI_UNIT(.MILLI.,.METRE.) );
#10227 = ( NAMED_UNIT(*) PLANE_ANGLE_UNIT() SI_UNIT($,.RADIAN.) );
#10228 = ( NAMED_UNIT(*) SI_UNIT($,.STERADIAN.) SOLID_ANGLE_UNIT() );
#10229 = UNCERTAINTY_MEASURE_WITH_UNIT(LENGTH_MEASURE(2.E-05),#10226,
  'distance_accuracy_value','confusion accuracy');
#10230 = PRODUCT_RELATED_PRODUCT_CATEGORY('part',$,(#7));
ENDSEC;
END-ISO-10303-21;
